"Date","STOXX50_Close"
2008-01-03,4333.419921875
2008-01-04,4270.52978515625
2008-01-07,4283.3701171875
2008-01-08,4295.22998046875
2008-01-09,4258.31982421875
2008-01-10,4237.6201171875
2008-01-11,4225.31005859375
2008-01-14,4236.68017578125
2008-01-15,4140.93994140625
2008-01-16,4108.33984375
2008-01-17,4065.76000976562
2008-01-18,3995.169921875
2008-01-21,3703.05004882812
2008-01-22,3753.67993164062
2008-01-23,3577.98999023438
2008-01-24,3809.07006835938
2008-01-25,3777.06005859375
2008-01-28,3765.40991210938
2008-01-29,3810.01000976562
2008-01-30,3789.31005859375
2008-01-31,3792.80004882812
2008-02-01,3867.46997070312
2008-02-04,3867.15991210938
2008-02-05,3717.080078125
2008-02-06,3760.1201171875
2008-02-07,3699.2900390625
2008-02-08,3701.169921875
2008-02-11,3678.15991210938
2008-02-12,3803.76000976562
2008-02-13,3803.2099609375
2008-02-14,3797.88989257812
2008-02-15,3719.28002929688
2008-02-18,3759.1201171875
2008-02-19,3805.27001953125
2008-02-20,3758.46997070312
2008-02-21,3778.2099609375
2008-02-22,3737.11010742188
2008-02-25,3798.98999023438
2008-02-26,3855.03002929688
2008-02-27,3856.68994140625
2008-02-28,3784.27001953125
2008-02-29,3724.5
2008-03-03,3675.51000976562
2008-03-04,3610.19995117188
2008-03-05,3684.5400390625
2008-03-06,3617.67993164062
2008-03-07,3576.67993164062
2008-03-10,3546.10009765625
2008-03-11,3606.59008789062
2008-03-12,3647.63989257812
2008-03-13,3599.580078125
2008-03-14,3566.59008789062
2008-03-17,3431.82006835938
2008-03-18,3558.65991210938
2008-03-19,3529.5400390625
2008-03-20,NA
2008-03-25,3632.59008789062
2008-03-26,3611.44995117188
2008-03-27,3652.11010742188
2008-03-28,3641.05004882812
2008-03-31,3628.06005859375
2008-04-01,3753.55004882812
2008-04-02,3797.89990234375
2008-04-03,3774.93994140625
2008-04-04,3795.19995117188
2008-04-07,3828.4599609375
2008-04-08,3810.51000976562
2008-04-09,3775.92993164062
2008-04-10,3758.05004882812
2008-04-11,3699.98999023438
2008-04-14,3671.28002929688
2008-04-15,3690.75
2008-04-16,3748.56005859375
2008-04-17,3725.22998046875
2008-04-18,3808.59008789062
2008-04-21,3769.88989257812
2008-04-22,3736.1201171875
2008-04-23,3763.55004882812
2008-04-24,3761.9599609375
2008-04-25,3794.38989257812
2008-04-28,3814.76000976562
2008-04-29,3793.6298828125
2008-04-30,3825.02001953125
2008-05-02,3877.5
2008-05-05,3872.14990234375
2008-05-06,3845.080078125
2008-05-07,3871.78002929688
2008-05-08,3855.86010742188
2008-05-09,3801.59008789062
2008-05-13,3817.07006835938
2008-05-14,3857.4599609375
2008-05-15,3854.86010742188
2008-05-16,3862.90991210938
2008-05-19,3882.28002929688
2008-05-20,3822.31005859375
2008-05-21,3794.1298828125
2008-05-22,3793.03002929688
2008-05-23,3725.82006835938
2008-05-26,3724.89990234375
2008-05-27,3711.03002929688
2008-05-28,3743.17993164062
2008-05-29,3752.23999023438
2008-05-30,3777.85009765625
2008-06-02,3720.5
2008-06-03,3737.34008789062
2008-06-04,3699.05004882812
2008-06-05,3682.830078125
2008-06-06,3596.69995117188
2008-06-09,3597.34008789062
2008-06-10,3574.69995117188
2008-06-11,3509.38989257812
2008-06-12,3542.59008789062
2008-06-13,3562.669921875
2008-06-16,3532.830078125
2008-06-17,3555.580078125
2008-06-18,3507.96997070312
2008-06-19,3486.7099609375
2008-06-20,3426.580078125
2008-06-23,3427.330078125
2008-06-24,3404.52001953125
2008-06-25,3460.39990234375
2008-06-26,3366.35009765625
2008-06-27,3340.27001953125
2008-06-30,3352.81005859375
2008-07-01,3292.86010742188
2008-07-02,3288.52001953125
2008-07-03,3330.89990234375
2008-07-04,NA
2008-07-07,3332.65991210938
2008-07-08,3287.60009765625
2008-07-09,3342.47998046875
2008-07-10,3283.01000976562
2008-07-11,3197.78002929688
2008-07-14,3216.23999023438
2008-07-15,3142.72998046875
2008-07-16,3174.76000976562
2008-07-17,3256.09008789062
2008-07-18,3321.53002929688
2008-07-21,3333.919921875
2008-07-22,3326.23999023438
2008-07-23,3387.5
2008-07-24,3354.580078125
2008-07-25,3351.1298828125
2008-07-28,3313.40991210938
2008-07-29,3324.86010742188
2008-07-30,3367.330078125
2008-07-31,3367.82006835938
2008-08-04,3289.26000976562
2008-08-05,3380.09008789062
2008-08-06,3409.02001953125
2008-08-07,3397.25
2008-08-08,3408.47998046875
2008-08-11,3445.65991210938
2008-08-12,3436.85009765625
2008-08-13,3354.75
2008-08-14,3356.84008789062
2008-08-15,3367.6201171875
2008-08-18,3366.09008789062
2008-08-19,3279.75
2008-08-20,3295.28002929688
2008-08-21,3248.919921875
2008-08-22,3312.40991210938
2008-08-25,3280.40991210938
2008-08-26,3297.419921875
2008-08-27,3299.14990234375
2008-08-28,3359.419921875
2008-08-29,3365.6298828125
2008-09-01,3364.39990234375
2008-09-02,3416.4599609375
2008-09-03,3368.96997070312
2008-09-04,3274.82006835938
2008-09-05,3185.830078125
2008-09-08,3284.1201171875
2008-09-09,3261.07006835938
2008-09-10,3242.02001953125
2008-09-11,3222.10009765625
2008-09-12,3278.02001953125
2008-09-15,3151.169921875
2008-09-16,3088.42993164062
2008-09-17,3018.77001953125
2008-09-18,3000.830078125
2008-09-19,3253.52001953125
2008-09-22,3181.77001953125
2008-09-23,3139.830078125
2008-09-24,3119.830078125
2008-09-25,3207.11010742188
2008-09-26,3156.4599609375
2008-09-29,3008.18994140625
2008-09-30,3038.19995117188
2008-10-01,3067.35009765625
2008-10-02,3007.51000976562
2008-10-03,3113.82006835938
2008-10-06,2868.96997070312
2008-10-07,2879.44995117188
2008-10-08,2694.55004882812
2008-10-09,2629.0400390625
2008-10-10,2421.8701171875
2008-10-13,2688.32006835938
2008-10-14,2756.73999023438
2008-10-15,2578.06005859375
2008-10-16,2423.80004882812
2008-10-17,2532.169921875
2008-10-20,2613.67993164062
2008-10-21,2598.96997070312
2008-10-22,2457.96997070312
2008-10-23,2452.03002929688
2008-10-24,2333.28002929688
2008-10-27,NA
2008-10-28,2381.67993164062
2008-10-29,2515.23999023438
2008-10-30,2528.0400390625
2008-10-31,2591.76000976562
2008-11-03,2610.0400390625
2008-11-04,2755.1201171875
2008-11-05,2710.64990234375
2008-11-06,2542.0400390625
2008-11-07,2602.5400390625
2008-11-10,2625.84008789062
2008-11-11,2483.61010742188
2008-11-12,2400.73999023438
2008-11-13,2429.93994140625
2008-11-14,2458.31005859375
2008-11-17,2364.830078125
2008-11-18,2390.10009765625
2008-11-19,2295.36010742188
2008-11-20,2225.98999023438
2008-11-21,2165.90991210938
2008-11-24,2380.30004882812
2008-11-25,2385.89990234375
2008-11-26,2373.82006835938
2008-11-27,2427.96997070312
2008-11-28,2430.31005859375
2008-12-01,2288.38989257812
2008-12-02,2354.1298828125
2008-12-03,2369.52001953125
2008-12-04,2368.71997070312
2008-12-05,2252.09008789062
2008-12-08,2449.28002929688
2008-12-09,2480.7900390625
2008-12-10,2495.580078125
2008-12-11,2485.38989257812
2008-12-12,2418.90991210938
2008-12-15,2407.46997070312
2008-12-16,2450.36010742188
2008-12-17,2444.4599609375
2008-12-18,2452.419921875
2008-12-19,2444.13989257812
2008-12-22,2397.64990234375
2008-12-23,2382.13989257812
2008-12-24,2382.13989257812
2008-12-29,2388.30004882812
2008-12-30,2451.47998046875
2008-12-31,2451.47998046875
2009-01-05,2553.40991210938
2009-01-06,2578.42993164062
2009-01-07,2538.55004882812
2009-01-08,2516.56005859375
2009-01-09,2486.59008789062
2009-01-12,2451.8701171875
2009-01-13,2411.28002929688
2009-01-14,2298.4599609375
2009-01-15,2257.669921875
2009-01-16,2281.44995117188
2009-01-19,2252.38989257812
2009-01-20,2200.80004882812
2009-01-21,2188.42993164062
2009-01-22,2160.07006835938
2009-01-23,2147.8701171875
2009-01-26,2226.77001953125
2009-01-27,2224.6201171875
2009-01-28,2322.78002929688
2009-01-29,2269.39990234375
2009-01-30,2236.97998046875
2009-02-02,2198.73999023438
2009-02-03,2244.88989257812
2009-02-04,2297.72998046875
2009-02-05,2293.22998046875
2009-02-06,2343.65991210938
2009-02-09,2348.94995117188
2009-02-10,2268.14990234375
2009-02-11,2267.89990234375
2009-02-12,2214.94995117188
2009-02-13,2228.2900390625
2009-02-16,NA
2009-02-17,2119.97998046875
2009-02-18,2118.46997070312
2009-02-19,2114.84008789062
2009-02-20,2011.68005371094
2009-02-23,1991.63000488281
2009-02-24,1977.5
2009-02-25,1965.26000976562
2009-02-26,2021.14001464844
2009-02-27,1976.22998046875
2009-03-02,1882.7900390625
2009-03-03,1864.72998046875
2009-03-04,1943.4599609375
2009-03-05,1852.25
2009-03-06,1817.23999023438
2009-03-09,1809.97998046875
2009-03-10,1919.53002929688
2009-03-11,1932.7900390625
2009-03-12,1962.64001464844
2009-03-13,1969.52001953125
2009-03-16,2033.71997070312
2009-03-17,2012.25
2009-03-18,2019.18994140625
2009-03-19,2039.57995605469
2009-03-20,2050.9599609375
2009-03-23,2121.71997070312
2009-03-24,2127.3701171875
2009-03-25,2149.17993164062
2009-03-26,2156.96997070312
2009-03-27,2118.76000976562
2009-03-30,2010.60998535156
2009-03-31,2071.1298828125
2009-04-01,2097.57006835938
2009-04-02,2216.48999023438
2009-04-03,2198.75
2009-04-06,2179.72998046875
2009-04-07,2165.56005859375
2009-04-08,2186.7900390625
2009-04-09,2247.88989257812
2009-04-14,2278.64990234375
2009-04-15,2262.9599609375
2009-04-16,2300.51000976562
2009-04-17,2341.14990234375
2009-04-20,2249.43994140625
2009-04-21,2243.6298828125
2009-04-22,2285.68994140625
2009-04-23,2259.5400390625
2009-04-24,2319.88989257812
2009-04-27,2317.36010742188
2009-04-28,2280.52001953125
2009-04-29,2334.59008789062
2009-04-30,2375.34008789062
2009-05-04,2419.53002929688
2009-05-05,2407.55004882812
2009-05-06,2437.27001953125
2009-05-07,2406.080078125
2009-05-08,2462.38989257812
2009-05-11,2433.59008789062
2009-05-12,2424.34008789062
2009-05-13,2357.30004882812
2009-05-14,2353.53002929688
2009-05-15,2364.10009765625
2009-05-18,2422.73999023438
2009-05-19,2459.59008789062
2009-05-20,2487.169921875
2009-05-22,2433.52001953125
2009-05-25,2440.22998046875
2009-05-26,2468.44995117188
2009-05-27,2479.47998046875
2009-05-28,2453.14990234375
2009-05-29,2451.23999023438
2009-06-02,2534.169921875
2009-06-03,2483.38989257812
2009-06-04,2487.080078125
2009-06-05,2503.169921875
2009-06-08,2468.3701171875
2009-06-09,2479.3798828125
2009-06-10,2500.93994140625
2009-06-11,2522.330078125
2009-06-12,2509.21997070312
2009-06-15,2431.39990234375
2009-06-16,2425.96997070312
2009-06-17,2383.7099609375
2009-06-18,2414.43994140625
2009-06-19,2434.77001953125
2009-06-22,2359.28002929688
2009-06-23,2353.47998046875
2009-06-24,2418.4599609375
2009-06-25,2402.32006835938
2009-06-26,2389.90991210938
2009-06-29,2437.71997070312
2009-06-30,2401.68994140625
2009-07-01,2449.72998046875
2009-07-02,2369.64990234375
2009-07-03,2376.47998046875
2009-07-06,2343.8798828125
2009-07-07,2320.89990234375
2009-07-08,2291.330078125
2009-07-09,2313.8701171875
2009-07-10,2281.46997070312
2009-07-13,2345.21997070312
2009-07-14,2370.7099609375
2009-07-15,2451.02001953125
2009-07-16,2458.96997070312
2009-07-17,2469.19995117188
2009-07-20,2500.68994140625
2009-07-21,2519.98999023438
2009-07-22,2528.85009765625
2009-07-23,2585.7900390625
2009-07-24,2582.76000976562
2009-07-27,2601.40991210938
2009-07-28,2573.080078125
2009-07-29,2600.31005859375
2009-07-30,2654.73999023438
2009-07-31,2638.1298828125
2009-08-03,2674.07006835938
2009-08-04,2670.9599609375
2009-08-05,2643.1298828125
2009-08-06,2662.01000976562
2009-08-07,2706.21997070312
2009-08-10,2693.61010742188
2009-08-11,2650.93994140625
2009-08-12,2688.2099609375
2009-08-13,2705.73999023438
2009-08-14,2669.40991210938
2009-08-17,2603.7900390625
2009-08-18,2630.60009765625
2009-08-19,2622.8798828125
2009-08-20,2663.669921875
2009-08-21,2745.6201171875
2009-08-24,2778.34008789062
2009-08-25,2801.13989257812
2009-08-26,2788.89990234375
2009-08-27,2777.6201171875
2009-08-28,2803.64990234375
2009-08-31,2770.11010742188
2009-09-01,2715.73999023438
2009-09-02,2703.76000976562
2009-09-03,2699.21997070312
2009-09-04,2743.34008789062
2009-09-07,NA
2009-09-08,2786.25
2009-09-09,2820.580078125
2009-09-10,2817.5
2009-09-11,2831.3701171875
2009-09-14,2829.25
2009-09-15,2843
2009-09-16,2882.28002929688
2009-09-17,2895.44995117188
2009-09-18,2887.23999023438
2009-09-21,2872.51000976562
2009-09-22,2881.60009765625
2009-09-23,2887.23999023438
2009-09-24,2838.21997070312
2009-09-25,2831.94995117188
2009-09-28,2899.1201171875
2009-09-29,2892.43994140625
2009-09-30,2872.6298828125
2009-10-01,2810.4599609375
2009-10-02,2760.60009765625
2009-10-05,2790.78002929688
2009-10-06,2865.69995117188
2009-10-07,2852.169921875
2009-10-08,2887.61010742188
2009-10-09,2882.17993164062
2009-10-12,2914.35009765625
2009-10-13,2879.06005859375
2009-10-14,2950.82006835938
2009-10-15,2939.09008789062
2009-10-16,2893.53002929688
2009-10-19,2947.40991210938
2009-10-20,2925.080078125
2009-10-21,2936.830078125
2009-10-22,2902.18994140625
2009-10-23,2886.080078125
2009-10-26,2834.82006835938
2009-10-27,2835.169921875
2009-10-28,2778.4599609375
2009-10-29,2824.78002929688
2009-10-30,2743.5
2009-11-02,2762.94995117188
2009-11-03,2712.30004882812
2009-11-04,2763.2900390625
2009-11-05,2793.43994140625
2009-11-06,2794.25
2009-11-09,2860.11010742188
2009-11-10,2856.43994140625
2009-11-11,2881.01000976562
2009-11-12,2876.919921875
2009-11-13,2883.0400390625
2009-11-16,2926.14990234375
2009-11-17,2906.919921875
2009-11-18,2908.53002929688
2009-11-19,2860.2900390625
2009-11-20,2833.06005859375
2009-11-23,2898.18994140625
2009-11-24,2877.580078125
2009-11-25,2896.89990234375
2009-11-26,2799.43994140625
2009-11-27,2831.13989257812
2009-11-30,2797.25
2009-12-01,2871.75
2009-12-02,2877.93994140625
2009-12-03,2876.13989257812
2009-12-04,2910.330078125
2009-12-07,2896.22998046875
2009-12-08,2849.169921875
2009-12-09,2818.10009765625
2009-12-10,2851.2900390625
2009-12-11,2862.32006835938
2009-12-14,2885
2009-12-15,2888.580078125
2009-12-16,2926.52001953125
2009-12-17,2891.65991210938
2009-12-18,2871.21997070312
2009-12-21,2926.05004882812
2009-12-22,2945.7099609375
2009-12-23,2957.47998046875
2009-12-24,2957.47998046875
2009-12-28,2982.419921875
2009-12-29,2992.080078125
2009-12-30,2966.23999023438
2009-12-31,2966.23999023438
2010-01-04,3017.80004882812
2010-01-05,3012.36010742188
2010-01-06,3009.65991210938
2010-01-07,3007.34008789062
2010-01-08,3017.85009765625
2010-01-11,3010.23999023438
2010-01-12,2976.88989257812
2010-01-13,2978.40991210938
2010-01-14,2989.7099609375
2010-01-15,2940.25
2010-01-18,2957.8701171875
2010-01-19,2984.82006835938
2010-01-20,2914.60009765625
2010-01-21,2863.25
2010-01-22,2836.80004882812
2010-01-25,2807.30004882812
2010-01-26,2827.73999023438
2010-01-27,2787.39990234375
2010-01-28,2737.330078125
2010-01-29,2776.830078125
2010-02-01,2793.2900390625
2010-02-02,2830.01000976562
2010-02-03,2804.61010742188
2010-02-04,2707.44995117188
2010-02-05,2631.63989257812
2010-02-08,2664.2900390625
2010-02-09,2668.42993164062
2010-02-10,2700.169921875
2010-02-11,2680.25
2010-02-12,2674.4599609375
2010-02-15,2683.830078125
2010-02-16,2720.77001953125
2010-02-17,2762.25
2010-02-18,2778.30004882812
2010-02-19,2793.3701171875
2010-02-22,2778.1201171875
2010-02-23,2730.57006835938
2010-02-24,2734.94995117188
2010-02-25,2684.419921875
2010-02-26,2728.46997070312
2010-03-01,2772.69995117188
2010-03-02,2796.330078125
2010-03-03,2822.59008789062
2010-03-04,2816.10009765625
2010-03-05,2877.43994140625
2010-03-08,2879.2900390625
2010-03-09,2880.7099609375
2010-03-10,2909.39990234375
2010-03-11,2895.73999023438
2010-03-12,2898.36010742188
2010-03-15,2870.55004882812
2010-03-16,2905.92993164062
2010-03-17,2931.31005859375
2010-03-18,2913.73999023438
2010-03-19,2897.94995117188
2010-03-22,2890.75
2010-03-23,2910.52001953125
2010-03-24,2903.93994140625
2010-03-25,2948.09008789062
2010-03-26,2940.93994140625
2010-03-29,2947.48999023438
2010-03-30,2939.67993164062
2010-03-31,2931.15991210938
2010-04-01,2978.5
2010-04-06,2989.48999023438
2010-04-07,2974.6201171875
2010-04-08,2942.31005859375
2010-04-09,2993.5400390625
2010-04-12,3002.22998046875
2010-04-13,2988.23999023438
2010-04-14,3008.03002929688
2010-04-15,3012.64990234375
2010-04-16,2949.64990234375
2010-04-19,2940.18994140625
2010-04-20,2983.90991210938
2010-04-21,2947.63989257812
2010-04-22,2897.59008789062
2010-04-23,2918.11010742188
2010-04-26,2947.0400390625
2010-04-27,2838.78002929688
2010-04-28,2788.5400390625
2010-04-29,2828.1201171875
2010-04-30,2816.86010742188
2010-05-03,2816.5
2010-05-04,2708.1201171875
2010-05-05,2679.30004882812
2010-05-06,2611.40991210938
2010-05-07,2500.17993164062
2010-05-10,2758.88989257812
2010-05-11,2730.47998046875
2010-05-12,2764.31005859375
2010-05-14,2633.919921875
2010-05-17,2635.34008789062
2010-05-18,2698.2099609375
2010-05-19,2619.47998046875
2010-05-20,2569.580078125
2010-05-21,2574.17993164062
2010-05-25,2488.5
2010-05-26,2530.34008789062
2010-05-27,2619.36010742188
2010-05-28,2614.06005859375
2010-05-31,2610.26000976562
2010-06-01,2606.580078125
2010-06-02,2601.97998046875
2010-06-03,2634.15991210938
2010-06-04,2553.59008789062
2010-06-07,2529.96997070312
2010-06-08,2510.84008789062
2010-06-09,2556.67993164062
2010-06-10,2608.73999023438
2010-06-11,2638.31005859375
2010-06-14,2683.4599609375
2010-06-15,2716.30004882812
2010-06-16,2718.72998046875
2010-06-17,2728.1201171875
2010-06-18,2737.02001953125
2010-06-21,2768.27001953125
2010-06-22,2745.96997070312
2010-06-23,2704.80004882812
2010-06-24,2645.32006835938
2010-06-25,2629.25
2010-06-28,2668.669921875
2010-06-29,2556.34008789062
2010-06-30,2573.32006835938
2010-07-01,2518.64990234375
2010-07-02,2522.36010742188
2010-07-05,2507.830078125
2010-07-06,2578.68994140625
2010-07-07,2634.38989257812
2010-07-08,2666.419921875
2010-07-09,2681.19995117188
2010-07-12,2686.09008789062
2010-07-13,2737.59008789062
2010-07-14,2738.9599609375
2010-07-15,2702.81005859375
2010-07-16,2645.61010742188
2010-07-19,2634.60009765625
2010-07-20,2627.28002929688
2010-07-21,2639.52001953125
2010-07-22,2714.2099609375
2010-07-23,2719.1298828125
2010-07-26,2743.1201171875
2010-07-27,2769.31005859375
2010-07-28,2766.11010742188
2010-07-29,2752.92993164062
2010-07-30,2742.13989257812
2010-08-02,2822.169921875
2010-08-03,2818.96997070312
2010-08-04,2825.080078125
2010-08-05,2819.34008789062
2010-08-06,2779.34008789062
2010-08-09,2827.27001953125
2010-08-10,2800.02001953125
2010-08-11,2724.15991210938
2010-08-12,2720.85009765625
2010-08-13,2708.72998046875
2010-08-16,2698.2900390625
2010-08-17,2737.68994140625
2010-08-18,2728.65991210938
2010-08-19,2675.02001953125
2010-08-20,2643.97998046875
2010-08-23,2660.84008789062
2010-08-24,2614.5400390625
2010-08-25,2587.39990234375
2010-08-26,2606.88989257812
2010-08-27,2630.35009765625
2010-08-30,2616.57006835938
2010-08-31,2622.94995117188
2010-09-01,2715.27001953125
2010-09-02,2715.18994140625
2010-09-03,2746.22998046875
2010-09-06,2753.60009765625
2010-09-07,2727.15991210938
2010-09-08,2752.88989257812
2010-09-09,2782.42993164062
2010-09-10,2780.39990234375
2010-09-13,2805.06005859375
2010-09-14,2806.46997070312
2010-09-15,2794.36010742188
2010-09-16,2784.61010742188
2010-09-17,2757.3701171875
2010-09-20,2802.669921875
2010-09-21,2794.55004882812
2010-09-22,2752.77001953125
2010-09-23,2738.61010742188
2010-09-24,2792.75
2010-09-27,2776.330078125
2010-09-28,2774.6201171875
2010-09-29,2752.7099609375
2010-09-30,2747.89990234375
2010-10-01,2732.90991210938
2010-10-04,2701.02001953125
2010-10-05,2758.56005859375
2010-10-06,2780
2010-10-07,2786.8798828125
2010-10-08,2785.42993164062
2010-10-11,2789.71997070312
2010-10-12,2775.75
2010-10-13,2840.55004882812
2010-10-14,2836.11010742188
2010-10-15,2841.64990234375
2010-10-18,2850.71997070312
2010-10-19,2837.330078125
2010-10-20,2851.52001953125
2010-10-21,2882.2900390625
2010-10-22,2873.73999023438
2010-10-25,2871.47998046875
2010-10-26,2856.31005859375
2010-10-27,2829.419921875
2010-10-28,2845.53002929688
2010-10-29,2844.98999023438
2010-11-01,2836.72998046875
2010-11-02,2861.01000976562
2010-11-03,2830.42993164062
2010-11-04,2884.2099609375
2010-11-05,2875.93994140625
2010-11-08,2867.9599609375
2010-11-09,2890.63989257812
2010-11-10,2845.92993164062
2010-11-11,2831.21997070312
2010-11-12,2822.42993164062
2010-11-15,2848.44995117188
2010-11-16,2781.77001953125
2010-11-17,2802.69995117188
2010-11-18,2855.22998046875
2010-11-19,2845.75
2010-11-22,2811.42993164062
2010-11-23,2739.3701171875
2010-11-24,2758.02001953125
2010-11-25,2765.05004882812
2010-11-26,2736.9599609375
2010-11-29,2669.9599609375
2010-11-30,2650.98999023438
2010-12-01,2721.8701171875
2010-12-02,2781.38989257812
2010-12-03,2782.38989257812
2010-12-06,2769.9599609375
2010-12-07,2802.73999023438
2010-12-08,2818.94995117188
2010-12-09,2840.7099609375
2010-12-10,2839.53002929688
2010-12-13,2855.3701171875
2010-12-14,2861.669921875
2010-12-15,2841.98999023438
2010-12-16,2845.78002929688
2010-12-17,2821.77001953125
2010-12-20,2839.21997070312
2010-12-21,2876.98999023438
2010-12-22,2869.6298828125
2010-12-23,2864.52001953125
2010-12-27,2826.51000976562
2010-12-28,2824.30004882812
2010-12-29,2841.22998046875
2010-12-30,2807.0400390625
2011-01-03,2839.42993164062
2011-01-04,2844.169921875
2011-01-05,2833.73999023438
2011-01-06,2836.22998046875
2011-01-07,2808.25
2011-01-10,2760.8798828125
2011-01-11,2796.60009765625
2011-01-12,2879.11010742188
2011-01-13,2915.6201171875
2011-01-14,2920.39990234375
2011-01-17,2910.6298828125
2011-01-18,2945.6201171875
2011-01-19,2923.76000976562
2011-01-20,2927.419921875
2011-01-21,2970.56005859375
2011-01-24,2979.06005859375
2011-01-25,2957.78002929688
2011-01-26,2967.78002929688
2011-01-27,2989.75
2011-01-28,2954.1298828125
2011-01-31,2953.6298828125
2011-02-01,3006.81005859375
2011-02-02,3012.69995117188
2011-02-03,2995.48999023438
2011-02-04,3003.18994140625
2011-02-07,3031.17993164062
2011-02-08,3042.5
2011-02-09,3031.6201171875
2011-02-10,3025.67993164062
2011-02-11,3024.3701171875
2011-02-14,3018.3798828125
2011-02-15,3030.4599609375
2011-02-16,3061.919921875
2011-02-17,3064.5400390625
2011-02-18,3068
2011-02-21,3012.34008789062
2011-02-22,2983.330078125
2011-02-23,2954.919921875
2011-02-24,2949.1298828125
2011-02-25,2985.02001953125
2011-02-28,3013.09008789062
2011-03-01,2983.27001953125
2011-03-02,2958.80004882812
2011-03-03,2969.23999023438
2011-03-04,2949.17993164062
2011-03-07,2931.419921875
2011-03-08,2945.419921875
2011-03-09,2935.11010742188
2011-03-10,2909.72998046875
2011-03-11,2883.84008789062
2011-03-14,2852.11010742188
2011-03-15,2784.19995117188
2011-03-16,2721.23999023438
2011-03-17,2786.15991210938
2011-03-18,2792.61010742188
2011-03-21,2860.81005859375
2011-03-22,2854.7900390625
2011-03-23,2866.22998046875
2011-03-24,2909.78002929688
2011-03-25,2911.330078125
2011-03-28,2914.76000976562
2011-03-29,2910.92993164062
2011-03-30,2936.43994140625
2011-03-31,2910.90991210938
2011-04-01,2962.919921875
2011-04-04,2955.84008789062
2011-04-05,2950.9599609375
2011-04-06,2971.47998046875
2011-04-07,2963.68994140625
2011-04-08,2984.65991210938
2011-04-11,2974.580078125
2011-04-12,2932.330078125
2011-04-13,2949.97998046875
2011-04-14,2917.71997070312
2011-04-15,2919.05004882812
2011-04-18,2847.9599609375
2011-04-19,2857.61010742188
2011-04-20,2921.42993164062
2011-04-21,2936.30004882812
2011-04-26,2955.36010742188
2011-04-27,2977.59008789062
2011-04-28,3005.330078125
2011-04-29,3011.25
2011-05-02,3008.88989257812
2011-05-03,3000.38989257812
2011-05-04,2952.02001953125
2011-05-05,2926.5400390625
2011-05-06,2952.89990234375
2011-05-09,2902.39990234375
2011-05-10,2939.02001953125
2011-05-11,2942.42993164062
2011-05-12,2917.05004882812
2011-05-13,2894.60009765625
2011-05-16,2881.31005859375
2011-05-17,2849.60009765625
2011-05-18,2867.30004882812
2011-05-19,2890.60009765625
2011-05-20,2853.97998046875
2011-05-23,2794.26000976562
2011-05-24,2801.27001953125
2011-05-25,2816.84008789062
2011-05-26,2799.82006835938
2011-05-27,2819.39990234375
2011-05-30,NA
2011-05-31,NA
2011-06-01,2827.65991210938
2011-06-03,2789.11010742188
2011-06-06,2765.330078125
2011-06-07,2774.5
2011-06-08,2752.06005859375
2011-06-09,2778.1201171875
2011-06-10,2732.5400390625
2011-06-14,2779.93994140625
2011-06-15,2731.5
2011-06-16,2730.6201171875
2011-06-17,2770.1201171875
2011-06-20,2748.01000976562
2011-06-21,2801.98999023438
2011-06-22,2795.07006835938
2011-06-23,2730.86010742188
2011-06-24,2715.8798828125
2011-06-27,2723.92993164062
2011-06-28,2750.48999023438
2011-06-29,2802.55004882812
2011-06-30,2848.53002929688
2011-07-01,2875.669921875
2011-07-04,2870.18994140625
2011-07-05,2850.51000976562
2011-07-06,2832.6298828125
2011-07-07,2844.51000976562
2011-07-08,2790.09008789062
2011-07-11,2709.13989257812
2011-07-12,2693.53002929688
2011-07-13,2715.05004882812
2011-07-14,2631.97998046875
2011-07-15,2675.3798828125
2011-07-18,2622.36010742188
2011-07-19,2631.97998046875
2011-07-20,2705.75
2011-07-21,2631.97998046875
2011-07-22,2772.60009765625
2011-07-25,2742.69995117188
2011-07-26,2739.64990234375
2011-07-27,2693.7099609375
2011-07-28,2692.76000976562
2011-07-29,2670.3701171875
2011-08-02,2544.88989257812
2011-08-03,2497.830078125
2011-08-04,2412.2900390625
2011-08-05,2375.14990234375
2011-08-08,2286.90991210938
2011-08-09,2294.23999023438
2011-08-10,2153.77001953125
2011-08-11,2215.44995117188
2011-08-12,2307.330078125
2011-08-15,2324.47998046875
2011-08-16,2323.669921875
2011-08-17,2331.1201171875
2011-08-18,2206.61010742188
2011-08-19,2159.07006835938
2011-08-22,2183.38989257812
2011-08-23,2199.97998046875
2011-08-24,2238.69995117188
2011-08-25,2216.69995117188
2011-08-26,2190.43994140625
2011-08-29,2239.30004882812
2011-08-30,2239.13989257812
2011-08-31,2302.080078125
2011-09-01,2305.75
2011-09-02,2220.71997070312
2011-09-05,2107.27001953125
2011-09-06,2080.10009765625
2011-09-07,2151.15991210938
2011-09-08,2163.39990234375
2011-09-09,2073.669921875
2011-09-12,1995.01000976562
2011-09-13,2036.64001464844
2011-09-14,2083.3798828125
2011-09-15,2155.6201171875
2011-09-16,2159.28002929688
2011-09-19,2096.10009765625
2011-09-20,2140.40991210938
2011-09-21,2098.48999023438
2011-09-22,1995.75
2011-09-23,2026.03002929688
2011-09-26,2083.35009765625
2011-09-27,2194.03002929688
2011-09-28,2176.63989257812
2011-09-29,2212.43994140625
2011-09-30,2179.65991210938
2011-10-03,2138.23999023438
2011-10-04,2091.09008789062
2011-10-05,2179.419921875
2011-10-06,2248.78002929688
2011-10-07,2269.18994140625
2011-10-10,2320.80004882812
2011-10-11,2315.96997070312
2011-10-12,2372.14990234375
2011-10-13,2332.52001953125
2011-10-14,2355.47998046875
2011-10-17,2315.88989257812
2011-10-18,2306.81005859375
2011-10-19,2330.080078125
2011-10-20,2271.77001953125
2011-10-21,2337.51000976562
2011-10-24,2369.07006835938
2011-10-25,2343.9599609375
2011-10-26,2335.06005859375
2011-10-27,2476.919921875
2011-10-28,2462.36010742188
2011-10-31,2385.21997070312
2011-11-01,2259.72998046875
2011-11-02,2291.88989257812
2011-11-03,2347.93994140625
2011-11-04,2291.46997070312
2011-11-07,2275.919921875
2011-11-08,2303.19995117188
2011-11-09,2249.38989257812
2011-11-10,2254.919921875
2011-11-11,2324.81005859375
2011-11-14,2288.32006835938
2011-11-15,2254
2011-11-16,2267.9599609375
2011-11-17,2242.78002929688
2011-11-18,2236.67993164062
2011-11-21,2160.28002929688
2011-11-22,2136.81005859375
2011-11-23,2096.7900390625
2011-11-24,NA
2011-11-25,2111.26000976562
2011-11-28,2221.76000976562
2011-11-29,2234.169921875
2011-11-30,2330.42993164062
2011-12-01,2313.84008789062
2011-12-02,2342.5
2011-12-05,2369.38989257812
2011-12-06,2356.7099609375
2011-12-07,2344.919921875
2011-12-08,2288.05004882812
2011-12-09,2342.59008789062
2011-12-12,2269.4599609375
2011-12-13,2260.97998046875
2011-12-14,2205.90991210938
2011-12-15,2224.88989257812
2011-12-16,2202.71997070312
2011-12-19,2202.94995117188
2011-12-20,2262.38989257812
2011-12-21,2244.35009765625
2011-12-22,2273.02001953125
2011-12-23,2290.3701171875
2011-12-27,2290.31005859375
2011-12-28,2255.03002929688
2011-12-29,2292.28002929688
2011-12-30,2316.55004882812
2012-01-03,2389.90991210938
2012-01-04,2349.88989257812
2012-01-05,2315.75
2012-01-06,2298.64990234375
2012-01-09,2286.44995117188
2012-01-10,2347.46997070312
2012-01-11,2339.51000976562
2012-01-12,2345.85009765625
2012-01-13,2338.01000976562
2012-01-16,2361.56005859375
2012-01-17,2396.6298828125
2012-01-18,2390.63989257812
2012-01-19,2435.0400390625
2012-01-20,2426.9599609375
2012-01-23,2441.43994140625
2012-01-24,2432.07006835938
2012-01-25,2421.1201171875
2012-01-26,2460.39990234375
2012-01-27,2436.6201171875
2012-01-30,2404.6201171875
2012-01-31,2416.65991210938
2012-02-01,2470.7900390625
2012-02-02,2478.14990234375
2012-02-03,2515.14990234375
2012-02-06,2507.88989257812
2012-02-07,2514.1201171875
2012-02-08,2512.919921875
2012-02-09,2522.34008789062
2012-02-10,2480.76000976562
2012-02-13,2491.5400390625
2012-02-14,2488.2900390625
2012-02-15,2493.9599609375
2012-02-16,2489.35009765625
2012-02-17,2520.31005859375
2012-02-20,NA
2012-02-21,2541.60009765625
2012-02-22,2519
2012-02-23,2508.080078125
2012-02-24,2523.68994140625
2012-02-27,2513.06005859375
2012-02-28,2519.71997070312
2012-02-29,2512.11010742188
2012-03-01,2548.65991210938
2012-03-02,2546.15991210938
2012-03-05,2529.86010742188
2012-03-06,2443.52001953125
2012-03-07,2460.77001953125
2012-03-08,2514.21997070312
2012-03-09,2515.94995117188
2012-03-12,2514.96997070312
2012-03-13,2556.82006835938
2012-03-14,2574.7900390625
2012-03-15,2593.96997070312
2012-03-16,2608.30004882812
2012-03-19,2608.419921875
2012-03-20,2576.61010742188
2012-03-21,2567.580078125
2012-03-22,2530.21997070312
2012-03-23,2525.42993164062
2012-03-26,2539.8701171875
2012-03-27,2525.2099609375
2012-03-28,2496.67993164062
2012-03-29,2452.73999023438
2012-03-30,2477.28002929688
2012-04-02,2501.17993164062
2012-04-03,2458.97998046875
2012-04-04,2398.4599609375
2012-04-05,2392.5400390625
2012-04-10,2321.53002929688
2012-04-11,2341.36010742188
2012-04-12,2352.23999023438
2012-04-13,2291.51000976562
2012-04-16,2301.18994140625
2012-04-17,2367.05004882812
2012-04-18,2327.84008789062
2012-04-19,2284.669921875
2012-04-20,2311.27001953125
2012-04-23,2244.830078125
2012-04-24,2284.080078125
2012-04-25,2322.90991210938
2012-04-26,2322.68994140625
2012-04-27,2344.02001953125
2012-04-30,2306.42993164062
2012-05-02,2290.31005859375
2012-05-03,2287.10009765625
2012-05-04,2248.34008789062
2012-05-07,2283.09008789062
2012-05-08,2236.11010742188
2012-05-09,2225.6298828125
2012-05-10,2247.3798828125
2012-05-11,2254.5400390625
2012-05-14,2201.94995117188
2012-05-15,2178.669921875
2012-05-16,2175.34008789062
2012-05-18,2144.68994140625
2012-05-21,2150.15991210938
2012-05-22,2192.85009765625
2012-05-23,2134.05004882812
2012-05-24,2156.52001953125
2012-05-25,2161.8701171875
2012-05-29,2160.31005859375
2012-05-30,2116.17993164062
2012-05-31,2118.93994140625
2012-06-01,2068.65991210938
2012-06-04,2078.9599609375
2012-06-05,2087.31005859375
2012-06-06,2137.72998046875
2012-06-07,2143.080078125
2012-06-08,2143.89990234375
2012-06-11,2137.69995117188
2012-06-12,2143.3798828125
2012-06-13,2143.5
2012-06-14,2148.2099609375
2012-06-15,2181.22998046875
2012-06-18,2155.63989257812
2012-06-19,2198.01000976562
2012-06-20,2207.48999023438
2012-06-21,2199.419921875
2012-06-22,2186.81005859375
2012-06-25,2130.7099609375
2012-06-26,2127.94995117188
2012-06-27,2165.61010742188
2012-06-28,2157.6201171875
2012-06-29,2264.71997070312
2012-07-02,2292.080078125
2012-07-03,2320.42993164062
2012-07-04,2312.40991210938
2012-07-05,2284.919921875
2012-07-06,2235.51000976562
2012-07-09,2227.90991210938
2012-07-10,2241.85009765625
2012-07-11,2246.22998046875
2012-07-12,2228.01000976562
2012-07-13,2259.09008789062
2012-07-16,2251.9599609375
2012-07-17,2250.75
2012-07-18,2284.69995117188
2012-07-19,2302.44995117188
2012-07-20,2237.330078125
2012-07-23,2179.31005859375
2012-07-24,2151.5400390625
2012-07-25,2159.09008789062
2012-07-26,2251.05004882812
2012-07-27,2301.22998046875
2012-07-30,2340.31005859375
2012-07-31,2325.71997070312
2012-08-02,2263.36010742188
2012-08-03,2372.580078125
2012-08-06,2399.32006835938
2012-08-07,2440.23999023438
2012-08-08,2432.28002929688
2012-08-09,2437.0400390625
2012-08-10,2423.21997070312
2012-08-13,2415.9599609375
2012-08-14,2432.2900390625
2012-08-15,2430.38989257812
2012-08-16,2456.53002929688
2012-08-17,2471.53002929688
2012-08-20,2466.32006835938
2012-08-21,2490.27001953125
2012-08-22,2452.72998046875
2012-08-23,2429.169921875
2012-08-24,2434.22998046875
2012-08-27,2461.82006835938
2012-08-28,2442.1201171875
2012-08-29,2434.22998046875
2012-08-30,2403.80004882812
2012-08-31,2440.7099609375
2012-09-03,2463.169921875
2012-09-04,2436.5400390625
2012-09-05,2441.81005859375
2012-09-06,2524.94995117188
2012-09-07,2538.60009765625
2012-09-10,2528.53002929688
2012-09-11,2557.64990234375
2012-09-12,2564.80004882812
2012-09-13,2543.21997070312
2012-09-14,2594.56005859375
2012-09-17,2583.57006835938
2012-09-18,2553.39990234375
2012-09-19,2567.669921875
2012-09-20,2553.03002929688
2012-09-21,2577.080078125
2012-09-24,2557.88989257812
2012-09-25,2568.47998046875
2012-09-26,2498.52001953125
2012-09-27,2506.06005859375
2012-09-28,2454.26000976562
2012-10-01,2498.81005859375
2012-10-02,2493.59008789062
2012-10-03,2492.47998046875
2012-10-04,2485.75
2012-10-05,2531.2099609375
2012-10-08,2496.09008789062
2012-10-09,2472.22998046875
2012-10-10,2456.5400390625
2012-10-11,2487.080078125
2012-10-12,2469.09008789062
2012-10-15,2485.1201171875
2012-10-16,2547.89990234375
2012-10-17,2569.830078125
2012-10-18,2574.18994140625
2012-10-19,2542.23999023438
2012-10-22,2531.10009765625
2012-10-23,2477.919921875
2012-10-24,2490.580078125
2012-10-25,2483.42993164062
2012-10-26,2496.10009765625
2012-10-29,2478.84008789062
2012-10-30,2515.98999023438
2012-10-31,2503.63989257812
2012-11-01,2533.8701171875
2012-11-02,2547.14990234375
2012-11-05,2517.669921875
2012-11-06,2535.93994140625
2012-11-07,2479.10009765625
2012-11-08,2479.1298828125
2012-11-09,2479.82006835938
2012-11-12,2473.52001953125
2012-11-13,2493.13989257812
2012-11-14,2472.84008789062
2012-11-15,2461.77001953125
2012-11-16,2427.32006835938
2012-11-19,2495.2099609375
2012-11-20,2509.6201171875
2012-11-21,2519.67993164062
2012-11-22,2535.09008789062
2012-11-23,2557.03002929688
2012-11-26,2542.52001953125
2012-11-27,2543.44995117188
2012-11-28,2546.84008789062
2012-11-29,2581.68994140625
2012-11-30,2575.25
2012-12-03,2582.36010742188
2012-12-04,2590.830078125
2012-12-05,2592.09008789062
2012-12-06,2603.40991210938
2012-12-07,2601.3701171875
2012-12-10,2596.02001953125
2012-12-11,2624.03002929688
2012-12-12,2630.34008789062
2012-12-13,2627.65991210938
2012-12-14,2630.5400390625
2012-12-17,2628.01000976562
2012-12-18,2643.5
2012-12-19,2654.68994140625
2012-12-20,2658.30004882812
2012-12-21,2651.09008789062
2012-12-27,2659.94995117188
2012-12-28,2626.85009765625
2013-01-03,2701.21997070312
2013-01-04,2709.35009765625
2013-01-07,2695.56005859375
2013-01-08,2691.44995117188
2013-01-09,2706.38989257812
2013-01-10,2708.27001953125
2013-01-11,2717.7900390625
2013-01-14,2715.15991210938
2013-01-15,2701.59008789062
2013-01-16,2702.5400390625
2013-01-17,2718.92993164062
2013-01-18,2709.59008789062
2013-01-21,2726.6298828125
2013-01-22,2716.69995117188
2013-01-23,2708.28002929688
2013-01-24,2722.9599609375
2013-01-25,2744.17993164062
2013-01-28,2744.5
2013-01-29,2749.27001953125
2013-01-30,2732.1201171875
2013-01-31,2702.97998046875
2013-02-01,2710.080078125
2013-02-04,2625.169921875
2013-02-05,2651.2099609375
2013-02-06,2617.35009765625
2013-02-07,2597.919921875
2013-02-08,2630.30004882812
2013-02-11,2622.61010742188
2013-02-12,2648.830078125
2013-02-13,2656.86010742188
2013-02-14,2635.35009765625
2013-02-15,2615.26000976562
2013-02-18,2616.64990234375
2013-02-19,2662.3701171875
2013-02-20,2640.35009765625
2013-02-21,2579.76000976562
2013-02-22,2630.05004882812
2013-02-25,2651.86010742188
2013-02-26,2570.52001953125
2013-02-27,2611.88989257812
2013-02-28,2633.55004882812
2013-03-01,2616.75
2013-03-04,2619.78002929688
2013-03-05,2683.02001953125
2013-03-06,2679.88989257812
2013-03-07,2690.85009765625
2013-03-08,2728.78002929688
2013-03-11,2718.7099609375
2013-03-12,2711.85009765625
2013-03-13,2704.72998046875
2013-03-14,2744.69995117188
2013-03-15,2725.71997070312
2013-03-18,2705.46997070312
2013-03-19,2671.9599609375
2013-03-20,2708.89990234375
2013-03-21,2683.919921875
2013-03-22,2681.669921875
2013-03-25,2649.28002929688
2013-03-26,2641.1201171875
2013-03-27,2612.4599609375
2013-03-28,2624.02001953125
2013-04-02,2679.80004882812
2013-04-03,2639.01000976562
2013-04-04,2621.42993164062
2013-04-05,2585.28002929688
2013-04-08,2589.25
2013-04-09,2595.1298828125
2013-04-10,2661.6201171875
2013-04-11,2674.330078125
2013-04-12,2633.46997070312
2013-04-15,2624.7099609375
2013-04-16,2609.30004882812
2013-04-17,2553.48999023438
2013-04-18,2555.5
2013-04-19,2575.15991210938
2013-04-22,2583.6201171875
2013-04-23,2662.8798828125
2013-04-24,2702.05004882812
2013-04-25,2704.40991210938
2013-04-26,2683.42993164062
2013-04-29,2717.3798828125
2013-04-30,2712
2013-05-02,2718.89990234375
2013-05-03,2763.67993164062
2013-05-06,2750.52001953125
2013-05-07,2769.080078125
2013-05-08,2784.6201171875
2013-05-10,2785.23999023438
2013-05-13,2777.38989257812
2013-05-14,2795.6298828125
2013-05-15,2809.580078125
2013-05-16,2806.69995117188
2013-05-17,2817.98999023438
2013-05-21,2821.64990234375
2013-05-22,2835.01000976562
2013-05-23,2776.78002929688
2013-05-24,2764.2900390625
2013-05-27,2795
2013-05-28,2835.8701171875
2013-05-29,2786.5400390625
2013-05-30,2799.19995117188
2013-05-31,2769.63989257812
2013-06-03,2747.73999023438
2013-06-04,2755.69995117188
2013-06-05,2709.330078125
2013-06-06,2676.2099609375
2013-06-07,2724.080078125
2013-06-10,2719.39990234375
2013-06-11,2683.19995117188
2013-06-12,2666.52001953125
2013-06-13,2661.7099609375
2013-06-14,2667.32006835938
2013-06-17,2702.68994140625
2013-06-18,2700.92993164062
2013-06-19,2683.97998046875
2013-06-20,2586.44995117188
2013-06-21,2549.47998046875
2013-06-24,2511.830078125
2013-06-25,2543.3701171875
2013-06-26,2602.81005859375
2013-06-27,2619.86010742188
2013-06-28,2602.59008789062
2013-07-01,2622.6201171875
2013-07-02,2603.19995117188
2013-07-03,2570.76000976562
2013-07-04,2646.5400390625
2013-07-05,2596.01000976562
2013-07-08,2650.85009765625
2013-07-09,2664.13989257812
2013-07-10,2659.7099609375
2013-07-11,2681.32006835938
2013-07-12,2674.8701171875
2013-07-15,2686.68994140625
2013-07-16,2665.61010742188
2013-07-17,2681.8798828125
2013-07-18,2717.98999023438
2013-07-19,2716.169921875
2013-07-22,2725.39990234375
2013-07-23,2722.89990234375
2013-07-24,2752.25
2013-07-25,2740.2900390625
2013-07-26,2741.9599609375
2013-07-29,2741.72998046875
2013-07-30,2759.2099609375
2013-07-31,2768.14990234375
2013-08-02,2811
2013-08-05,2809.080078125
2013-08-06,2790.78002929688
2013-08-07,2794.43994140625
2013-08-08,2816.8798828125
2013-08-09,2825.6201171875
2013-08-12,2827.14990234375
2013-08-13,2841.61010742188
2013-08-14,2852.080078125
2013-08-15,2835.86010742188
2013-08-16,2854.27001953125
2013-08-19,2823.35009765625
2013-08-20,2787.97998046875
2013-08-21,2774.580078125
2013-08-22,2812.32006835938
2013-08-23,2826.05004882812
2013-08-26,2821.44995117188
2013-08-27,2749.27001953125
2013-08-28,2742.61010742188
2013-08-29,2758.31005859375
2013-08-30,2721.3701171875
2013-09-02,NA
2013-09-03,2753.35009765625
2013-09-04,2758.2900390625
2013-09-05,2774.19995117188
2013-09-06,2803.419921875
2013-09-09,2798.31005859375
2013-09-10,2851.39990234375
2013-09-11,2863.43994140625
2013-09-12,2862.07006835938
2013-09-13,2867.11010742188
2013-09-16,2894.63989257812
2013-09-17,2890.94995117188
2013-09-18,2908.919921875
2013-09-19,2936.19995117188
2013-09-20,2927.18994140625
2013-09-23,2906.35009765625
2013-09-24,2922.92993164062
2013-09-25,2927.35009765625
2013-09-26,2922.98999023438
2013-09-27,2919.34008789062
2013-09-30,2893.14990234375
2013-10-01,2933.02001953125
2013-10-02,2918.31005859375
2013-10-03,2902.1201171875
2013-10-04,2928.31005859375
2013-10-07,2923.0400390625
2013-10-08,2903.35009765625
2013-10-09,2904.72998046875
2013-10-10,2969.40991210938
2013-10-11,2974.28002929688
2013-10-14,2977.68994140625
2013-10-15,3004.56005859375
2013-10-16,3015.39990234375
2013-10-17,3010.38989257812
2013-10-18,3033.31005859375
2013-10-21,3028.64990234375
2013-10-22,3045.77001953125
2013-10-23,3017.15991210938
2013-10-24,3038.9599609375
2013-10-25,3034.5
2013-10-28,3022.0400390625
2013-10-29,3050.63989257812
2013-10-30,3040.68994140625
2013-10-31,3067.94995117188
2013-11-01,3052.13989257812
2013-11-04,3061.17993164062
2013-11-05,3035.919921875
2013-11-06,3056.39990234375
2013-11-07,3042.97998046875
2013-11-08,3034.90991210938
2013-11-11,3052.830078125
2013-11-12,3034.67993164062
2013-11-13,3021.169921875
2013-11-14,3053.68994140625
2013-11-15,3054.53002929688
2013-11-18,3081.30004882812
2013-11-19,3049.169921875
2013-11-20,3047.32006835938
2013-11-21,3044.34008789062
2013-11-22,3055.97998046875
2013-11-25,3072.75
2013-11-26,3062.6201171875
2013-11-27,3082.64990234375
2013-11-28,3092.419921875
2013-11-29,3086.63989257812
2013-12-02,3077.22998046875
2013-12-03,3013.8798828125
2013-12-04,2991.76000976562
2013-12-05,2953.169921875
2013-12-06,2979.93994140625
2013-12-09,2988.669921875
2013-12-10,2960.86010742188
2013-12-11,2947.31005859375
2013-12-12,2928.1201171875
2013-12-13,2921.919921875
2013-12-16,2978.77001953125
2013-12-17,2941.76000976562
2013-12-18,2975.09008789062
2013-12-19,3014.69995117188
2013-12-20,3049.35009765625
2013-12-23,3070.90991210938
2013-12-27,3111.3701171875
2013-12-30,3100.92993164062
2014-01-03,3074.42993164062
2014-01-06,3069.15991210938
2014-01-07,3110.9599609375
2014-01-08,3110.65991210938
2014-01-09,3090.26000976562
2014-01-10,3104.14990234375
2014-01-13,3111.93994140625
2014-01-14,3119.53002929688
2014-01-15,3168.76000976562
2014-01-16,3150.19995117188
2014-01-17,3154.10009765625
2014-01-20,3153.169921875
2014-01-21,3153.080078125
2014-01-22,3151.27001953125
2014-01-23,3117.080078125
2014-01-24,3028.19995117188
2014-01-27,3014.6201171875
2014-01-28,3038.60009765625
2014-01-29,3011.44995117188
2014-01-30,3027.30004882812
2014-01-31,3013.9599609375
2014-02-03,2963.9599609375
2014-02-04,2962.48999023438
2014-02-05,2962.51000976562
2014-02-06,3010.7900390625
2014-02-07,3038.48999023438
2014-02-10,3032.53002929688
2014-02-11,3077.080078125
2014-02-12,3094.88989257812
2014-02-13,3097.94995117188
2014-02-14,3119.06005859375
2014-02-17,NA
2014-02-18,3117.43994140625
2014-02-19,3120.80004882812
2014-02-20,3121.59008789062
2014-02-21,3131.669921875
2014-02-24,3157.31005859375
2014-02-25,3157.47998046875
2014-02-26,3148.18994140625
2014-02-27,3134.93994140625
2014-02-28,3149.22998046875
2014-03-03,3053.98999023438
2014-03-04,3136.330078125
2014-03-05,3135.96997070312
2014-03-06,3144.53002929688
2014-03-07,3095.31005859375
2014-03-10,3092.7900390625
2014-03-11,3092.55004882812
2014-03-12,3065.4599609375
2014-03-13,3019.5400390625
2014-03-14,3004.63989257812
2014-03-17,3049.18994140625
2014-03-18,3073.75
2014-03-19,3076.36010742188
2014-03-20,3088.89990234375
2014-03-21,3096.48999023438
2014-03-24,3052.90991210938
2014-03-25,3096.63989257812
2014-03-26,3130.169921875
2014-03-27,3133.75
2014-03-28,3172.42993164062
2014-03-31,3161.60009765625
2014-04-01,3186.34008789062
2014-04-02,3187.44995117188
2014-04-03,3206.76000976562
2014-04-04,3230.330078125
2014-04-07,3185.96997070312
2014-04-08,3177.65991210938
2014-04-09,3182.7900390625
2014-04-10,3152.86010742188
2014-04-11,3116.5400390625
2014-04-14,3131.57006835938
2014-04-15,3091.52001953125
2014-04-16,3139.26000976562
2014-04-17,3155.81005859375
2014-04-22,3199.68994140625
2014-04-23,3175.96997070312
2014-04-24,3189.81005859375
2014-04-25,3147.39990234375
2014-04-28,3165.84008789062
2014-04-29,3208.67993164062
2014-04-30,3198.38989257812
2014-05-02,3177.88989257812
2014-05-05,3171.2900390625
2014-05-06,3149.7900390625
2014-05-07,3159.669921875
2014-05-08,3204.30004882812
2014-05-09,3184.09008789062
2014-05-12,3206.96997070312
2014-05-13,3211.78002929688
2014-05-14,3210.419921875
2014-05-15,3163.21997070312
2014-05-16,3172.71997070312
2014-05-19,3169.89990234375
2014-05-20,3163.92993164062
2014-05-21,3187.080078125
2014-05-22,3187.6298828125
2014-05-23,3203.28002929688
2014-05-26,3240.38989257812
2014-05-27,3244.28002929688
2014-05-28,3246.23999023438
2014-05-30,3244.60009765625
2014-06-02,3247.80004882812
2014-06-03,3241.0400390625
2014-06-04,3237.92993164062
2014-06-05,3267.05004882812
2014-06-06,3294.28002929688
2014-06-10,3313.80004882812
2014-06-11,3289.09008789062
2014-06-12,3284.28002929688
2014-06-13,3282.84008789062
2014-06-16,3261.419921875
2014-06-17,3275.330078125
2014-06-18,3279.19995117188
2014-06-19,3314.80004882812
2014-06-20,3302.36010742188
2014-06-23,3282.580078125
2014-06-24,3284.81005859375
2014-06-25,3252.31005859375
2014-06-26,3233.18994140625
2014-06-27,3227.85009765625
2014-06-30,3228.23999023438
2014-07-01,3258.7099609375
2014-07-02,3252.25
2014-07-03,3289.75
2014-07-04,3270.46997070312
2014-07-07,3230.919921875
2014-07-08,3184.3798828125
2014-07-09,3203.10009765625
2014-07-10,3150.59008789062
2014-07-11,3157.05004882812
2014-07-14,3185.86010742188
2014-07-15,3153.75
2014-07-16,3202.93994140625
2014-07-17,3157.82006835938
2014-07-18,3164.2099609375
2014-07-21,3137.06005859375
2014-07-22,3189.21997070312
2014-07-23,3193.1298828125
2014-07-24,3220.07006835938
2014-07-25,3174.98999023438
2014-07-28,3171.55004882812
2014-07-29,3190.5400390625
2014-07-30,3169.22998046875
2014-07-31,3115.51000976562
2014-08-04,3070.4599609375
2014-08-05,3072.19995117188
2014-08-06,3050.3701171875
2014-08-07,3012.8798828125
2014-08-08,3006.830078125
2014-08-11,3047.56005859375
2014-08-12,3023.77001953125
2014-08-13,3056.169921875
2014-08-14,3058.15991210938
2014-08-15,3033.52001953125
2014-08-18,3073.44995117188
2014-08-19,3091.11010742188
2014-08-20,3083.5
2014-08-21,3124.56005859375
2014-08-22,3098.5
2014-08-25,3165.46997070312
2014-08-26,3197.5400390625
2014-08-27,3194.44995117188
2014-08-28,3164.43994140625
2014-08-29,3172.6298828125
2014-09-01,3175.05004882812
2014-09-02,3180.2900390625
2014-09-03,3218.84008789062
2014-09-04,3277.25
2014-09-05,3275.25
2014-09-08,3267.5400390625
2014-09-09,3245.42993164062
2014-09-10,3244.15991210938
2014-09-11,3237.76000976562
2014-09-12,3235.07006835938
2014-09-15,3231.69995117188
2014-09-16,3221.72998046875
2014-09-17,3237.43994140625
2014-09-18,3271.3701171875
2014-09-19,3273.25
2014-09-22,3257.47998046875
2014-09-23,3205.92993164062
2014-09-24,3244.01000976562
2014-09-25,3202.31005859375
2014-09-26,3219.580078125
2014-09-29,3186.94995117188
2014-09-30,3225.92993164062
2014-10-01,3195.080078125
2014-10-02,3106.419921875
2014-10-03,3133.3701171875
2014-10-06,3138.669921875
2014-10-07,3082.10009765625
2014-10-08,3053.31005859375
2014-10-09,3042.44995117188
2014-10-10,2991.5
2014-10-13,2998.32006835938
2014-10-14,3000.98999023438
2014-10-15,2892.55004882812
2014-10-16,2874.64990234375
2014-10-17,2962.23999023438
2014-10-20,2927.30004882812
2014-10-21,2991.4599609375
2014-10-22,3008.53002929688
2014-10-23,3044.30004882812
2014-10-24,3030.3701171875
2014-10-27,2998.84008789062
2014-10-28,3036.14990234375
2014-10-29,3022.419921875
2014-10-30,3035.89990234375
2014-10-31,3113.32006835938
2014-11-03,3082.32006835938
2014-11-04,3034.23999023438
2014-11-05,3091.5400390625
2014-11-06,3102.07006835938
2014-11-07,3064.919921875
2014-11-10,3094.60009765625
2014-11-11,3104.59008789062
2014-11-12,3047.30004882812
2014-11-13,3056.80004882812
2014-11-14,3059.98999023438
2014-11-17,3084.7900390625
2014-11-18,3120.419921875
2014-11-19,3123.1201171875
2014-11-20,3102.2099609375
2014-11-21,3194.21997070312
2014-11-24,3211.69995117188
2014-11-25,3226.14990234375
2014-11-26,3226.080078125
2014-11-27,3244.919921875
2014-11-28,3250.92993164062
2014-12-01,3232.90991210938
2014-12-02,3238.35009765625
2014-12-03,3247.71997070312
2014-12-04,3191.25
2014-12-05,3277.3798828125
2014-12-08,3247.98999023438
2014-12-09,3162.77001953125
2014-12-10,3150.94995117188
2014-12-11,3159.11010742188
2014-12-12,3067.32006835938
2014-12-15,2982.89990234375
2014-12-16,3049.98999023438
2014-12-17,3051.98999023438
2014-12-18,3153.77001953125
2014-12-19,3141.28002929688
2014-12-22,3154.90991210938
2014-12-23,3192.46997070312
2014-12-29,NA
2014-12-30,3135.94995117188
2015-01-05,3023.13989257812
2015-01-06,NA
2015-01-07,3026.7900390625
2015-01-08,3135.080078125
2015-01-09,3042.89990234375
2015-01-12,3084.17993164062
2015-01-13,3133.86010742188
2015-01-14,3089.669921875
2015-01-15,3157.36010742188
2015-01-16,3202.23999023438
2015-01-19,3220.89990234375
2015-01-20,3244.919921875
2015-01-21,3269.72998046875
2015-01-22,3322.64990234375
2015-01-23,3382.55004882812
2015-01-26,3414.28002929688
2015-01-27,3372.580078125
2015-01-28,3358.9599609375
2015-01-29,3371.830078125
2015-01-30,3351.43994140625
2015-02-02,3370.11010742188
2015-02-03,3414.17993164062
2015-02-04,3415.53002929688
2015-02-05,3408.9599609375
2015-02-06,3398.15991210938
2015-02-09,3347.75
2015-02-10,3383.1298828125
2015-02-11,3374.13989257812
2015-02-12,3417.61010742188
2015-02-13,3447.59008789062
2015-02-16,3433.30004882812
2015-02-17,3438.43994140625
2015-02-18,3465.80004882812
2015-02-19,3488.080078125
2015-02-20,3490.53002929688
2015-02-23,3519.580078125
2015-02-24,3547.10009765625
2015-02-25,3541.78002929688
2015-02-26,3574.93994140625
2015-02-27,3599
2015-03-02,3591.09008789062
2015-03-03,3549.11010742188
2015-03-04,3583.43994140625
2015-03-05,3618.2099609375
2015-03-06,3617.6201171875
2015-03-09,3610.28002929688
2015-03-10,3567.25
2015-03-11,3649.5400390625
2015-03-12,3641.32006835938
2015-03-13,3656.2099609375
2015-03-16,3706.75
2015-03-17,3672.15991210938
2015-03-18,3668.52001953125
2015-03-19,3670.72998046875
2015-03-20,3726.07006835938
2015-03-23,3699.0400390625
2015-03-24,3731.35009765625
2015-03-25,3684.0400390625
2015-03-26,3669.7900390625
2015-03-27,3679.03002929688
2015-03-30,3727.80004882812
2015-03-31,3697.3798828125
2015-04-01,3714.88989257812
2015-04-02,3715.27001953125
2015-04-07,3768.71997070312
2015-04-08,3742.6298828125
2015-04-09,3781.7900390625
2015-04-10,3816.76000976562
2015-04-13,3828.78002929688
2015-04-14,3784.53002929688
2015-04-15,3803.55004882812
2015-04-16,3751.71997070312
2015-04-17,3674.05004882812
2015-04-20,3718.0400390625
2015-04-21,3719.3798828125
2015-04-22,3724.48999023438
2015-04-23,3697.8798828125
2015-04-24,3713.9599609375
2015-04-27,3771.44995117188
2015-04-28,3715.419921875
2015-04-29,3617.11010742188
2015-04-30,3615.59008789062
2015-05-04,3632.93994140625
2015-05-05,3546.56005859375
2015-05-06,3558.03002929688
2015-05-07,3556.2099609375
2015-05-08,3649.47998046875
2015-05-11,3624.40991210938
2015-05-12,3573.10009765625
2015-05-13,3553.419921875
2015-05-15,3573.07006835938
2015-05-18,3589.21997070312
2015-05-19,3670.52001953125
2015-05-20,3683.47998046875
2015-05-21,3688.71997070312
2015-05-22,3679.13989257812
2015-05-26,3619.30004882812
2015-05-27,3682.8701171875
2015-05-28,3650.7099609375
2015-05-29,3570.78002929688
2015-06-01,3575.0400390625
2015-06-02,3561.88989257812
2015-06-03,3583.82006835938
2015-06-04,3556.3798828125
2015-06-05,3510.01000976562
2015-06-08,3468.31005859375
2015-06-09,3456.7900390625
2015-06-10,3526.47998046875
2015-06-11,3551.90991210938
2015-06-12,3502.77001953125
2015-06-15,3438.07006835938
2015-06-16,3454.09008789062
2015-06-17,3428.76000976562
2015-06-18,3450.44995117188
2015-06-19,3455.80004882812
2015-06-22,3596.07006835938
2015-06-23,3625.96997070312
2015-06-24,3610.94995117188
2015-06-25,3610.90991210938
2015-06-26,3621.3701171875
2015-06-29,3468.89990234375
2015-06-30,3424.30004882812
2015-07-01,3496.28002929688
2015-07-02,3463.25
2015-07-03,3441.76000976562
2015-07-06,3365.19995117188
2015-07-07,3294.18994140625
2015-07-08,3327.5
2015-07-09,3420.03002929688
2015-07-10,3528.81005859375
2015-07-13,3590.42993164062
2015-07-14,3607.18994140625
2015-07-15,3623.8701171875
2015-07-16,3676.40991210938
2015-07-17,3670.34008789062
2015-07-20,3686.580078125
2015-07-21,3647.9599609375
2015-07-22,3635.580078125
2015-07-23,3634.63989257812
2015-07-24,3600
2015-07-27,3513.10009765625
2015-07-28,3554.11010742188
2015-07-29,3575.53002929688
2015-07-30,3583.7900390625
2015-07-31,3600.68994140625
2015-08-03,3635.39990234375
2015-08-04,3619.31005859375
2015-08-05,3676.75
2015-08-06,3668.46997070312
2015-08-07,3637.80004882812
2015-08-10,3674.93994140625
2015-08-11,3605.28002929688
2015-08-12,3484.40991210938
2015-08-13,3516.14990234375
2015-08-14,3491.03002929688
2015-08-17,3497.89990234375
2015-08-18,3495.3798828125
2015-08-19,3429.84008789062
2015-08-20,3353.47998046875
2015-08-21,3247.26000976562
2015-08-24,3073.38989257812
2015-08-25,3218.01000976562
2015-08-26,3170.72998046875
2015-08-27,3280.78002929688
2015-08-28,3286.59008789062
2015-08-31,3269.6298828125
2015-09-01,3188.72998046875
2015-09-02,3198.86010742188
2015-09-03,3270.09008789062
2015-09-04,3180.25
2015-09-07,3197.96997070312
2015-09-08,3233.84008789062
2015-09-09,3269.97998046875
2015-09-10,3221.13989257812
2015-09-11,3187.93994140625
2015-09-14,3175.6201171875
2015-09-15,3207.60009765625
2015-09-16,3251.7900390625
2015-09-17,3255.7900390625
2015-09-18,3157.30004882812
2015-09-21,3184.71997070312
2015-09-22,3076.05004882812
2015-09-23,3079.98999023438
2015-09-24,3019.34008789062
2015-09-25,3113.15991210938
2015-09-28,3039.43994140625
2015-09-29,3029.86010742188
2015-09-30,3100.669921875
2015-10-01,3069.05004882812
2015-10-02,3088.17993164062
2015-10-05,3190.38989257812
2015-10-06,3220.09008789062
2015-10-07,3226.39990234375
2015-10-08,3224.9599609375
2015-10-09,3250.31005859375
2015-10-12,3247.330078125
2015-10-13,3221.28002929688
2015-10-14,3191.57006835938
2015-10-15,3238.81005859375
2015-10-16,3264.92993164062
2015-10-19,3272.0400390625
2015-10-20,3255.71997070312
2015-10-21,3272.22998046875
2015-10-22,3353.11010742188
2015-10-23,3425.81005859375
2015-10-26,3414.60009765625
2015-10-27,3381.01000976562
2015-10-28,3421.09008789062
2015-10-29,3413.38989257812
2015-10-30,3418.22998046875
2015-11-02,3434.5
2015-11-03,3442.67993164062
2015-11-04,3439.15991210938
2015-11-05,3447.48999023438
2015-11-06,3468.2099609375
2015-11-09,3418.36010742188
2015-11-10,3425.39990234375
2015-11-11,3448.419921875
2015-11-12,3387.69995117188
2015-11-13,3360.64990234375
2015-11-16,3362.22998046875
2015-11-17,3451.93994140625
2015-11-18,3431.919921875
2015-11-19,3448.92993164062
2015-11-20,3452.44995117188
2015-11-23,3445.26000976562
2015-11-24,3409.60009765625
2015-11-25,3462.06005859375
2015-11-26,3498.6201171875
2015-11-27,3488.98999023438
2015-11-30,3506.44995117188
2015-12-01,3479.63989257812
2015-12-02,3468.65991210938
2015-12-03,3343.34008789062
2015-12-04,3330.75
2015-12-07,3360.2099609375
2015-12-08,3297.4599609375
2015-12-09,3277.2099609375
2015-12-10,3269.96997070312
2015-12-11,3203.2099609375
2015-12-14,3139.23999023438
2015-12-15,3241.51000976562
2015-12-16,3246.78002929688
2015-12-17,3306.46997070312
2015-12-18,3260.71997070312
2015-12-21,3213.01000976562
2015-12-22,3214.32006835938
2015-12-23,3286.67993164062
2015-12-28,3256.48999023438
2015-12-29,3314.28002929688
2015-12-30,3287.97998046875
2016-01-04,3164.76000976562
2016-01-05,3178.01000976562
2016-01-06,3139.32006835938
2016-01-07,3084.67993164062
2016-01-08,3033.46997070312
2016-01-11,3027.48999023438
2016-01-12,3064.65991210938
2016-01-13,3073.02001953125
2016-01-14,3024
2016-01-15,2952.47998046875
2016-01-18,2935.38989257812
2016-01-19,2980.48999023438
2016-01-20,2882.59008789062
2016-01-21,2943.919921875
2016-01-22,3023.2099609375
2016-01-25,3001.78002929688
2016-01-26,3032.84008789062
2016-01-27,3043.46997070312
2016-01-28,2979.419921875
2016-01-29,3045.09008789062
2016-02-01,3021.01000976562
2016-02-02,2951.85009765625
2016-02-03,2896.6298828125
2016-02-04,2905.30004882812
2016-02-05,2879.38989257812
2016-02-08,2785.169921875
2016-02-09,2736.5
2016-02-10,2789.05004882812
2016-02-11,2680.35009765625
2016-02-12,2756.15991210938
2016-02-15,2833.8701171875
2016-02-16,2821.26000976562
2016-02-17,2897.71997070312
2016-02-18,2895.14990234375
2016-02-19,2871.05004882812
2016-02-22,2933.90991210938
2016-02-23,2887.3798828125
2016-02-24,2820.23999023438
2016-02-25,2877.419921875
2016-02-26,2929.15991210938
2016-02-29,2945.75
2016-03-01,2996.38989257812
2016-03-02,3022.13989257812
2016-03-03,3012.8701171875
2016-03-04,3037.35009765625
2016-03-07,3021.09008789062
2016-03-08,3002.01000976562
2016-03-09,3016.17993164062
2016-03-10,2970.78002929688
2016-03-11,3073.80004882812
2016-03-14,3091.97998046875
2016-03-15,3067.2099609375
2016-03-16,3062.05004882812
2016-03-17,3043.10009765625
2016-03-18,3059.77001953125
2016-03-21,3048.77001953125
2016-03-22,3051.22998046875
2016-03-23,3042.419921875
2016-03-24,2986.72998046875
2016-03-29,3004.8701171875
2016-03-30,3044.10009765625
2016-03-31,3004.92993164062
2016-04-01,2953.28002929688
2016-04-04,2962.28002929688
2016-04-05,2890.35009765625
2016-04-06,2909.36010742188
2016-04-07,2871.57006835938
2016-04-08,2911.97998046875
2016-04-11,2924.22998046875
2016-04-12,2942.09008789062
2016-04-13,3039.18994140625
2016-04-14,3060.86010742188
2016-04-15,3054.34008789062
2016-04-18,3064.03002929688
2016-04-19,3112.98999023438
2016-04-20,3142.52001953125
2016-04-21,3151.68994140625
2016-04-22,3141.1201171875
2016-04-25,3117.6201171875
2016-04-26,3121.2900390625
2016-04-27,3130.42993164062
2016-04-28,3125.42993164062
2016-04-29,3028.2099609375
2016-05-02,3032.60009765625
2016-05-03,2974.19995117188
2016-05-04,2938.75
2016-05-06,2936.84008789062
2016-05-09,2955.830078125
2016-05-10,2978.96997070312
2016-05-11,2956.7099609375
2016-05-12,2935.4599609375
2016-05-13,2956.6298828125
2016-05-17,2938.09008789062
2016-05-18,2956.42993164062
2016-05-19,2919.21997070312
2016-05-20,2962.15991210938
2016-05-23,2932.92993164062
2016-05-24,3010.1201171875
2016-05-25,3061.60009765625
2016-05-26,3071.2099609375
2016-05-27,3078.47998046875
2016-05-30,3090.01000976562
2016-05-31,3063.47998046875
2016-06-01,3038.77001953125
2016-06-02,3033.86010742188
2016-06-03,2997.55004882812
2016-06-06,3001.89990234375
2016-06-07,3040.68994140625
2016-06-08,3019.76000976562
2016-06-09,2989.03002929688
2016-06-10,2911.11010742188
2016-06-13,2853.52001953125
2016-06-14,2797.17993164062
2016-06-15,2830.30004882812
2016-06-16,2819.30004882812
2016-06-17,2849.169921875
2016-06-20,2942.8798828125
2016-06-21,2967.34008789062
2016-06-22,2978.31005859375
2016-06-23,3037.86010742188
2016-06-24,2776.09008789062
2016-06-27,2697.43994140625
2016-06-28,2758.669921875
2016-06-29,2832.17993164062
2016-06-30,2864.73999023438
2016-07-01,2883.06005859375
2016-07-04,2862.2099609375
2016-07-05,2812.8798828125
2016-07-06,2761.3701171875
2016-07-07,2780.10009765625
2016-07-08,2838.01000976562
2016-07-11,2885.32006835938
2016-07-12,2933.43994140625
2016-07-13,2926.13989257812
2016-07-14,2963.07006835938
2016-07-15,2958.64990234375
2016-07-18,2949.169921875
2016-07-19,2931.10009765625
2016-07-20,2966.94995117188
2016-07-21,2968.48999023438
2016-07-22,2972.22998046875
2016-07-25,2973.21997070312
2016-07-26,2978.89990234375
2016-07-27,2999.47998046875
2016-07-28,2966.10009765625
2016-07-29,2990.76000976562
2016-08-02,2906.97998046875
2016-08-03,2911.06005859375
2016-08-04,2932.34008789062
2016-08-05,2973.7099609375
2016-08-08,2982.919921875
2016-08-09,3029.17993164062
2016-08-10,3018.4599609375
2016-08-11,3049.03002929688
2016-08-12,3044.93994140625
2016-08-15,3046.64990234375
2016-08-16,3016.18994140625
2016-08-17,2980.5400390625
2016-08-18,2995.30004882812
2016-08-19,2968.19995117188
2016-08-22,2960.3701171875
2016-08-23,2993.72998046875
2016-08-24,3008.59008789062
2016-08-25,2987.68994140625
2016-08-26,3010.36010742188
2016-08-29,2998.5
2016-08-30,3030.75
2016-08-31,3023.1298828125
2016-09-01,3017.48999023438
2016-09-02,3079.73999023438
2016-09-05,3077.65991210938
2016-09-06,3070.15991210938
2016-09-07,3091.65991210938
2016-09-08,3083.5400390625
2016-09-09,3053.19995117188
2016-09-12,3012.8798828125
2016-09-13,2974.80004882812
2016-09-14,2964.89990234375
2016-09-15,2973.77001953125
2016-09-16,2935.25
2016-09-19,2968.31005859375
2016-09-20,2964.86010742188
2016-09-21,2982.17993164062
2016-09-22,3051.68994140625
2016-09-23,3032.31005859375
2016-09-26,2975.8798828125
2016-09-27,2970.84008789062
2016-09-28,2991.11010742188
2016-09-29,2991.580078125
2016-09-30,3002.23999023438
2016-10-03,2998.5
2016-10-04,3029.5
2016-10-05,3026.28002929688
2016-10-06,3021.580078125
2016-10-07,3000.57006835938
2016-10-10,3035.76000976562
2016-10-11,3020.68994140625
2016-10-12,3008.03002929688
2016-10-13,2975.0400390625
2016-10-14,3025.18994140625
2016-10-17,3008.71997070312
2016-10-18,3046.98999023438
2016-10-19,3055.93994140625
2016-10-20,3076.6298828125
2016-10-21,3077.64990234375
2016-10-24,3093.86010742188
2016-10-25,3087.40991210938
2016-10-26,3080.97998046875
2016-10-27,3085.169921875
2016-10-28,3079.23999023438
2016-10-31,3055.25
2016-11-01,3023.14990234375
2016-11-02,2980.169921875
2016-11-03,2973.48999023438
2016-11-04,2954.53002929688
2016-11-07,3009.28002929688
2016-11-08,3023.42993164062
2016-11-09,3056.2900390625
2016-11-10,3046.59008789062
2016-11-11,3030.02001953125
2016-11-14,3039.80004882812
2016-11-15,3049.71997070312
2016-11-16,3026.36010742188
2016-11-17,3041.7900390625
2016-11-18,3020.830078125
2016-11-21,3032.96997070312
2016-11-22,3044.330078125
2016-11-23,3032.13989257812
2016-11-24,3040.60009765625
2016-11-25,3048.3798828125
2016-11-28,3016.80004882812
2016-11-29,3038.419921875
2016-11-30,3051.61010742188
2016-12-01,3030.97998046875
2016-12-02,3015.1298828125
2016-12-05,3052.75
2016-12-06,3100.76000976562
2016-12-07,3142.23999023438
2016-12-08,3185.7900390625
2016-12-09,3197.5400390625
2016-12-12,3199.11010742188
2016-12-13,3236.7099609375
2016-12-14,3211.7099609375
2016-12-15,3249.73999023438
2016-12-16,3259.23999023438
2016-12-19,3257.85009765625
2016-12-20,3279.40991210938
2016-12-21,3270.75
2016-12-22,3269.51000976562
2016-12-23,3273.96997070312
2016-12-27,3278.53002929688
2016-12-28,3278.71997070312
2016-12-29,3271.76000976562
2016-12-30,3290.52001953125
2017-01-03,3315.02001953125
2017-01-04,3317.52001953125
2017-01-05,3316.46997070312
2017-01-06,3321.169921875
2017-01-09,3308.96997070312
2017-01-10,3306.2099609375
2017-01-11,3307.93994140625
2017-01-12,3286.69995117188
2017-01-13,3324.34008789062
2017-01-16,3294.53002929688
2017-01-17,3285.0400390625
2017-01-18,3294
2017-01-19,3290.330078125
2017-01-20,3299.43994140625
2017-01-23,3273.0400390625
2017-01-24,3281.53002929688
2017-01-25,3326.14990234375
2017-01-26,3319.1298828125
2017-01-27,3303.330078125
2017-01-30,3262.71997070312
2017-01-31,3230.67993164062
2017-02-01,3258.919921875
2017-02-02,3253.61010742188
2017-02-03,3273.11010742188
2017-02-06,3238.31005859375
2017-02-07,3235.7099609375
2017-02-08,3238.0400390625
2017-02-09,3277.7900390625
2017-02-10,3270.830078125
2017-02-13,3305.22998046875
2017-02-14,3308.88989257812
2017-02-15,3323.7099609375
2017-02-16,3311.0400390625
2017-02-17,3308.81005859375
2017-02-20,3312.38989257812
2017-02-21,3339.330078125
2017-02-22,3339.27001953125
2017-02-23,3333.9599609375
2017-02-24,3304.09008789062
2017-02-27,3309.30004882812
2017-02-28,3319.61010742188
2017-03-01,3390.19995117188
2017-03-02,3384.7099609375
2017-03-03,3403.38989257812
2017-03-06,3387.4599609375
2017-03-07,3385.1201171875
2017-03-08,3389.6201171875
2017-03-09,3409.88989257812
2017-03-10,3416.27001953125
2017-03-13,3415.48999023438
2017-03-14,3399.42993164062
2017-03-15,3409.32006835938
2017-03-16,3439.9599609375
2017-03-17,3448.40991210938
2017-03-20,3437.47998046875
2017-03-21,3429.6201171875
2017-03-22,3420.69995117188
2017-03-23,3452.17993164062
2017-03-24,3444.14990234375
2017-03-27,3437.13989257812
2017-03-28,3465.07006835938
2017-03-29,3475.27001953125
2017-03-30,3481.580078125
2017-03-31,3500.92993164062
2017-04-03,3472.93994140625
2017-04-04,3481.65991210938
2017-04-05,3472.580078125
2017-04-06,3489.57006835938
2017-04-07,3495.80004882812
2017-04-10,3480.43994140625
2017-04-11,3470.0400390625
2017-04-12,3468.51000976562
2017-04-13,3448.26000976562
2017-04-18,3409.78002929688
2017-04-19,3420.98999023438
2017-04-20,3440.03002929688
2017-04-21,3440.27001953125
2017-04-24,3577.3798828125
2017-04-25,3583.15991210938
2017-04-26,3578.7099609375
2017-04-27,3563.2900390625
2017-04-28,3559.59008789062
2017-05-02,3578.2099609375
2017-05-03,3586.25
2017-05-04,3627.8798828125
2017-05-05,3658.7900390625
2017-05-08,3642.11010742188
2017-05-09,3649.080078125
2017-05-10,3645.73999023438
2017-05-11,3623.55004882812
2017-05-12,3637.52001953125
2017-05-15,3641.8798828125
2017-05-16,3641.88989257812
2017-05-17,3584.830078125
2017-05-18,3562.21997070312
2017-05-19,3587.01000976562
2017-05-22,3576.53002929688
2017-05-23,3595.03002929688
2017-05-24,3586.6201171875
2017-05-26,3579.02001953125
2017-05-29,3578.94995117188
2017-05-30,3561.21997070312
2017-05-31,3554.59008789062
2017-06-01,3567.02001953125
2017-06-02,3591.82006835938
2017-06-06,3554.17993164062
2017-06-07,3548.84008789062
2017-06-08,3563.8798828125
2017-06-09,3586.07006835938
2017-06-12,3543.94995117188
2017-06-13,3557.8701171875
2017-06-14,3547.14990234375
2017-06-15,3525.4599609375
2017-06-16,3543.8798828125
2017-06-19,3579.580078125
2017-06-20,3560.65991210938
2017-06-21,3554.35009765625
2017-06-22,3555.76000976562
2017-06-23,3543.67993164062
2017-06-26,3561.76000976562
2017-06-27,3538.32006835938
2017-06-28,3535.69995117188
2017-06-29,3471.330078125
2017-06-30,3441.8798828125
2017-07-03,3491.81005859375
2017-07-04,3479.46997070312
2017-07-05,3478.40991210938
2017-07-06,3462.06005859375
2017-07-07,3463.84008789062
2017-07-10,3478.06005859375
2017-07-11,3464.47998046875
2017-07-12,3515.22998046875
2017-07-13,3527.830078125
2017-07-14,3525.93994140625
2017-07-17,3516.35009765625
2017-07-18,3478.67993164062
2017-07-19,3500.28002929688
2017-07-20,3499.48999023438
2017-07-21,3451.7099609375
2017-07-24,3453.169921875
2017-07-25,3473.5400390625
2017-07-26,3491.18994140625
2017-07-27,3493.13989257812
2017-07-28,3467.72998046875
2017-07-31,3449.36010742188
2017-08-02,3459.32006835938
2017-08-03,3466.3701171875
2017-08-04,3507.40991210938
2017-08-07,3505.80004882812
2017-08-08,3515.6298828125
2017-08-09,3468.44995117188
2017-08-10,3433.5400390625
2017-08-11,3406.34008789062
2017-08-14,3450.65991210938
2017-08-15,3461.90991210938
2017-08-16,3484.57006835938
2017-08-17,3461.96997070312
2017-08-18,3446.03002929688
2017-08-21,3423.53002929688
2017-08-22,3455.59008789062
2017-08-23,3438.6298828125
2017-08-24,3444.72998046875
2017-08-25,3438.55004882812
2017-08-28,3421.03002929688
2017-08-29,3388.21997070312
2017-08-30,3403.7099609375
2017-08-31,3421.46997070312
2017-09-01,3443.8798828125
2017-09-04,3430.419921875
2017-09-05,3420.86010742188
2017-09-06,3433.80004882812
2017-09-07,3447.65991210938
2017-09-08,3447.68994140625
2017-09-11,3495.18994140625
2017-09-12,3512.56005859375
2017-09-13,3523.13989257812
2017-09-14,3526.47998046875
2017-09-15,3515.55004882812
2017-09-18,3526.73999023438
2017-09-19,3531.17993164062
2017-09-20,3525.55004882812
2017-09-21,3539.59008789062
2017-09-22,3541.419921875
2017-09-25,3537.81005859375
2017-09-26,3536.3798828125
2017-09-27,3555.169921875
2017-09-28,3563.63989257812
2017-09-29,3594.85009765625
2017-10-02,3602.68994140625
2017-10-03,3605.72998046875
2017-10-04,3594.90991210938
2017-10-05,3613.5400390625
2017-10-06,3603.32006835938
2017-10-09,3610.5
2017-10-10,3598.7900390625
2017-10-11,3607.38989257812
2017-10-12,3605.5400390625
2017-10-13,3604.55004882812
2017-10-16,3606.27001953125
2017-10-17,3607.77001953125
2017-10-18,3619.64990234375
2017-10-19,3602.080078125
2017-10-20,3605.09008789062
2017-10-23,3608.8701171875
2017-10-24,3610.68994140625
2017-10-25,3591.4599609375
2017-10-26,3637.19995117188
2017-10-27,3652.22998046875
2017-10-30,3662.17993164062
2017-10-31,3673.94995117188
2017-11-01,3697.39990234375
2017-11-02,3688.80004882812
2017-11-03,3689.9599609375
2017-11-06,3682.36010742188
2017-11-07,3658.77001953125
2017-11-08,3655.0400390625
2017-11-09,3612.5
2017-11-10,3593.76000976562
2017-11-13,3574.52001953125
2017-11-14,3556.3798828125
2017-11-15,3545.71997070312
2017-11-16,3564.80004882812
2017-11-17,3547.4599609375
2017-11-20,3561.40991210938
2017-11-21,3579.32006835938
2017-11-22,3562.64990234375
2017-11-23,3572.07006835938
2017-11-24,3581.22998046875
2017-11-27,3564.02001953125
2017-11-28,3583.48999023438
2017-11-29,3589.90991210938
2017-11-30,3569.92993164062
2017-12-01,3527.55004882812
2017-12-04,3576.21997070312
2017-12-05,3570.57006835938
2017-12-06,3561.57006835938
2017-12-07,3573.1298828125
2017-12-08,3591.44995117188
2017-12-11,3582.2099609375
2017-12-12,3600.35009765625
2017-12-13,3581.75
2017-12-14,3556.21997070312
2017-12-15,3560.53002929688
2017-12-18,3609.419921875
2017-12-19,3582.21997070312
2017-12-20,3552.64990234375
2017-12-21,3570.78002929688
2017-12-22,3553.38989257812
2017-12-27,3550.169921875
2017-12-28,3524.31005859375
2017-12-29,3503.9599609375
2018-01-03,3509.8798828125
2018-01-04,3568.8798828125
2018-01-05,3607.6298828125
2018-01-08,3616.44995117188
2018-01-09,3622.8701171875
2018-01-10,3609.830078125
2018-01-11,3595.23999023438
2018-01-12,3612.61010742188
2018-01-15,3611.81005859375
2018-01-16,3622.01000976562
2018-01-17,3612.78002929688
2018-01-18,3620.90991210938
2018-01-19,3649.07006835938
2018-01-22,3665.28002929688
2018-01-23,3672.2900390625
2018-01-24,3643.21997070312
2018-01-25,3630.14990234375
2018-01-26,3647.40991210938
2018-01-29,3643.0400390625
2018-01-30,3606.75
2018-01-31,3609.2900390625
2018-02-01,3577.35009765625
2018-02-02,3523.28002929688
2018-02-05,3478.77001953125
2018-02-06,3394.919921875
2018-02-07,3454.52001953125
2018-02-08,3377.30004882812
2018-02-09,3325.98999023438
2018-02-12,3368.25
2018-02-13,3340.92993164062
2018-02-14,3369.830078125
2018-02-15,3389.6298828125
2018-02-16,3426.80004882812
2018-02-19,3407.7900390625
2018-02-20,3435.080078125
2018-02-21,3430.15991210938
2018-02-22,3431.98999023438
2018-02-23,3441.4599609375
2018-02-26,3463.17993164062
2018-02-27,3458.03002929688
2018-02-28,3438.9599609375
2018-03-01,3399.15991210938
2018-03-02,3324.75
2018-03-05,3355.32006835938
2018-03-06,3357.86010742188
2018-03-07,3377.36010742188
2018-03-08,3413.28002929688
2018-03-09,3420.5400390625
2018-03-12,3429.47998046875
2018-03-13,3397.35009765625
2018-03-14,3390.97998046875
2018-03-15,3414.1298828125
2018-03-16,3437.39990234375
2018-03-19,3394.7900390625
2018-03-20,3412.080078125
2018-03-21,3401.0400390625
2018-03-22,3348.18994140625
2018-03-23,3298.07006835938
2018-03-26,3278.71997070312
2018-03-27,3316.94995117188
2018-03-28,3331.25
2018-03-29,3361.5
2018-04-03,3346.92993164062
2018-04-04,3340.35009765625
2018-04-05,3429.94995117188
2018-04-06,3408.10009765625
2018-04-09,3414.85009765625
2018-04-10,3438.78002929688
2018-04-11,3419.7099609375
2018-04-12,3443.96997070312
2018-04-13,3448
2018-04-16,3441.0400390625
2018-04-17,3477.90991210938
2018-04-18,3490.88989257812
2018-04-19,3486.60009765625
2018-04-20,3494.19995117188
2018-04-23,3513.06005859375
2018-04-24,3510.8798828125
2018-04-25,3485.830078125
2018-04-26,3506.03002929688
2018-04-27,3518.78002929688
2018-04-30,3536.52001953125
2018-05-02,3553.7900390625
2018-05-03,3529.1201171875
2018-05-04,3550.59008789062
2018-05-07,3564.18994140625
2018-05-08,3557.8798828125
2018-05-09,3569.73999023438
2018-05-11,3565.52001953125
2018-05-14,3565.73999023438
2018-05-15,3564.2900390625
2018-05-16,3562.85009765625
2018-05-17,3592.17993164062
2018-05-18,3573.76000976562
2018-05-22,3587.25
2018-05-23,3541.82006835938
2018-05-24,3521.76000976562
2018-05-25,3515.36010742188
2018-05-28,3482.63989257812
2018-05-29,3428.13989257812
2018-05-30,3441.18994140625
2018-05-31,3406.64990234375
2018-06-01,3453.5400390625
2018-06-04,3469.57006835938
2018-06-05,3456.7900390625
2018-06-06,3460.82006835938
2018-06-07,3459.77001953125
2018-06-08,3447.30004882812
2018-06-11,3480.21997070312
2018-06-12,3475.580078125
2018-06-13,3479.56005859375
2018-06-14,3527.11010742188
2018-06-15,3505.02001953125
2018-06-18,3466.64990234375
2018-06-19,3435.30004882812
2018-06-20,3439.60009765625
2018-06-21,3403.51000976562
2018-06-22,3441.60009765625
2018-06-25,3369.2099609375
2018-06-26,3368.71997070312
2018-06-27,3397.1298828125
2018-06-28,3365.52001953125
2018-06-29,3395.60009765625
2018-07-02,3372.2099609375
2018-07-03,3406.34008789062
2018-07-04,3412.03002929688
2018-07-05,3440.919921875
2018-07-06,3448.48999023438
2018-07-09,3460.43994140625
2018-07-10,3473.31005859375
2018-07-11,3422.35009765625
2018-07-12,3445.48999023438
2018-07-13,3454.5400390625
2018-07-16,3449.080078125
2018-07-17,3457.5
2018-07-18,3485.080078125
2018-07-19,3471.63989257812
2018-07-20,3460.03002929688
2018-07-23,3454.05004882812
2018-07-24,3483.31005859375
2018-07-25,3468.44995117188
2018-07-26,3509.26000976562
2018-07-27,3527.17993164062
2018-07-30,3512.31005859375
2018-07-31,3525.48999023438
2018-08-02,3469.2099609375
2018-08-03,3482.39990234375
2018-08-06,3483.30004882812
2018-08-07,3504.3701171875
2018-08-08,3493.60009765625
2018-08-09,3494.1298828125
2018-08-10,3426.28002929688
2018-08-13,3409.67993164062
2018-08-14,3409.43994140625
2018-08-15,3359.080078125
2018-08-16,3377.56005859375
2018-08-17,3372.93994140625
2018-08-20,3393.669921875
2018-08-21,3411.65991210938
2018-08-22,3420.17993164062
2018-08-23,3419.26000976562
2018-08-24,3427.43994140625
2018-08-27,3456.01000976562
2018-08-28,3447.57006835938
2018-08-29,3456.1298828125
2018-08-30,3430.98999023438
2018-08-31,3392.89990234375
2018-09-03,3394.98999023438
2018-09-04,3359.36010742188
2018-09-05,3315.6201171875
2018-09-06,3295.94995117188
2018-09-07,3293.36010742188
2018-09-10,3309.28002929688
2018-09-11,3311.65991210938
2018-09-12,3326.60009765625
2018-09-13,3333.67993164062
2018-09-14,3344.6298828125
2018-09-17,3346.11010742188
2018-09-18,3358.4599609375
2018-09-19,3368.56005859375
2018-09-20,3403.1201171875
2018-09-21,3430.81005859375
2018-09-24,3410.43994140625
2018-09-25,3419.78002929688
2018-09-26,3433.14990234375
2018-09-27,3449.7900390625
2018-09-28,3399.19995117188
2018-10-01,3414.15991210938
2018-10-02,3388.98999023438
2018-10-03,3405.47998046875
2018-10-04,3375.080078125
2018-10-05,3345.51000976562
2018-10-08,3309.71997070312
2018-10-09,3321.7900390625
2018-10-10,3266.89990234375
2018-10-11,3209.18994140625
2018-10-12,3194.40991210938
2018-10-15,3210.3701171875
2018-10-16,3257.34008789062
2018-10-17,3243.080078125
2018-10-18,3211.59008789062
2018-10-19,3210.82006835938
2018-10-22,3190.09008789062
2018-10-23,3140.93994140625
2018-10-24,3130.330078125
2018-10-25,3164.39990234375
2018-10-26,3134.88989257812
2018-10-29,3154.92993164062
2018-10-30,3147.1298828125
2018-10-31,3197.51000976562
2018-11-01,3204.2099609375
2018-11-02,3214.40991210938
2018-11-05,3217.3701171875
2018-11-06,3207.419921875
2018-11-07,3246.15991210938
2018-11-08,3237.60009765625
2018-11-09,3229.48999023438
2018-11-12,3194.080078125
2018-11-13,3224.82006835938
2018-11-14,3205.36010742188
2018-11-15,3190.31005859375
2018-11-16,3180.73999023438
2018-11-19,3160.330078125
2018-11-20,3116.07006835938
2018-11-21,3153.90991210938
2018-11-22,3126.669921875
2018-11-23,3137.2099609375
2018-11-26,3172.7099609375
2018-11-27,3166.419921875
2018-11-28,3168.2900390625
2018-11-29,3174.15991210938
2018-11-30,3173.1298828125
2018-12-03,3214.98999023438
2018-12-04,3189.25
2018-12-05,3150.27001953125
2018-12-06,3045.93994140625
2018-12-07,3058.53002929688
2018-12-10,3016.98999023438
2018-12-11,3055.32006835938
2018-12-12,3107.96997070312
2018-12-13,3112.169921875
2018-12-14,3092.60009765625
2018-12-17,3063.64990234375
2018-12-18,3040.1298828125
2018-12-19,3051.3798828125
2018-12-20,3000.06005859375
2018-12-21,3000.61010742188
2018-12-27,2937.36010742188
2018-12-28,2986.53002929688
2019-01-03,2954.65991210938
2019-01-04,3041.85009765625
2019-01-07,3033.63989257812
2019-01-08,3054.93994140625
2019-01-09,3070.23999023438
2019-01-10,3075.72998046875
2019-01-11,3070.0400390625
2019-01-14,3055.17993164062
2019-01-15,3068.05004882812
2019-01-16,3077.21997070312
2019-01-17,3069.35009765625
2019-01-18,3134.919921875
2019-01-21,3125.07006835938
2019-01-22,3112.80004882812
2019-01-23,3112.1298828125
2019-01-24,3126.31005859375
2019-01-25,3163.23999023438
2019-01-28,3137.27001953125
2019-01-29,3153.419921875
2019-01-30,3161.73999023438
2019-01-31,3159.42993164062
2019-02-01,3171.1201171875
2019-02-04,3165.19995117188
2019-02-05,3215.0400390625
2019-02-06,3212.75
2019-02-07,3150.76000976562
2019-02-08,3135.6201171875
2019-02-11,3165.61010742188
2019-02-12,3190.75
2019-02-13,3202.3701171875
2019-02-14,3182.65991210938
2019-02-15,3241.25
2019-02-18,3244.7900390625
2019-02-19,3239.40991210938
2019-02-20,3259.48999023438
2019-02-21,3263.69995117188
2019-02-22,3270.55004882812
2019-02-25,3280.01000976562
2019-02-26,3289.32006835938
2019-02-27,3282.77001953125
2019-02-28,3298.26000976562
2019-03-01,3312.10009765625
2019-03-04,3317.1201171875
2019-03-05,3327.18994140625
2019-03-06,3324.669921875
2019-03-07,3308.85009765625
2019-03-08,3283.60009765625
2019-03-11,3304.43994140625
2019-03-12,3303.94995117188
2019-03-13,3323.44995117188
2019-03-14,3342.03002929688
2019-03-15,3386.080078125
2019-03-18,3387.93994140625
2019-03-19,3409
2019-03-20,3372.3798828125
2019-03-21,3367.39990234375
2019-03-22,3305.72998046875
2019-03-25,3300.47998046875
2019-03-26,3319.53002929688
2019-03-27,3322.0400390625
2019-03-28,3320.2900390625
2019-03-29,3351.7099609375
2019-04-01,3385.3798828125
2019-04-02,3395.69995117188
2019-04-03,3435.56005859375
2019-04-04,3441.92993164062
2019-04-05,3447.46997070312
2019-04-08,3438.06005859375
2019-04-09,3417.21997070312
2019-04-10,3424.64990234375
2019-04-11,3435.34008789062
2019-04-12,3447.830078125
2019-04-15,3450.4599609375
2019-04-16,3463.36010742188
2019-04-17,3477.72998046875
2019-04-18,3499.22998046875
2019-04-23,3503.85009765625
2019-04-24,3502.6298828125
2019-04-25,3491.919921875
2019-04-26,3500.40991210938
2019-04-29,3501.93994140625
2019-04-30,3514.6201171875
2019-05-02,3488.92993164062
2019-05-03,3502.47998046875
2019-05-06,3462.94995117188
2019-05-07,3401.15991210938
2019-05-08,3417.26000976562
2019-05-09,3350.7099609375
2019-05-10,3361.05004882812
2019-05-13,3320.78002929688
2019-05-14,3364.3798828125
2019-05-15,3385.78002929688
2019-05-16,3438.56005859375
2019-05-17,3425.63989257812
2019-05-20,3369.78002929688
2019-05-21,3386.51000976562
2019-05-22,3386.71997070312
2019-05-23,3327.19995117188
2019-05-24,3350.69995117188
2019-05-27,3364.0400390625
2019-05-28,3348.86010742188
2019-05-29,3297.81005859375
2019-05-31,3280.42993164062
2019-06-03,3300.21997070312
2019-06-04,3333.48999023438
2019-06-05,3339.94995117188
2019-06-06,3338.40991210938
2019-06-07,3378.3798828125
2019-06-11,3401.10009765625
2019-06-12,3386.6298828125
2019-06-13,3390.5
2019-06-14,3379.18994140625
2019-06-17,3383.2099609375
2019-06-18,3452.88989257812
2019-06-19,3454.69995117188
2019-06-20,3468.080078125
2019-06-21,3466.919921875
2019-06-24,3455.57006835938
2019-06-25,3444.36010742188
2019-06-26,3442.94995117188
2019-06-27,3442.3798828125
2019-06-28,3473.68994140625
2019-07-01,3497.59008789062
2019-07-02,3507.97998046875
2019-07-03,3540.6298828125
2019-07-04,3544.14990234375
2019-07-05,3527.97998046875
2019-07-08,3523.76000976562
2019-07-09,3509.75
2019-07-10,3501.52001953125
2019-07-11,3496.72998046875
2019-07-12,3497.6298828125
2019-07-15,3502.21997070312
2019-07-16,3521.36010742188
2019-07-17,3501.580078125
2019-07-18,3482.830078125
2019-07-19,3480.17993164062
2019-07-22,3489.919921875
2019-07-23,3532.8701171875
2019-07-24,3532.89990234375
2019-07-25,3510.14990234375
2019-07-26,3524.46997070312
2019-07-29,3523.580078125
2019-07-30,3462.85009765625
2019-07-31,3466.85009765625
2019-08-02,3376.1201171875
2019-08-05,3310.92993164062
2019-08-06,3291.65991210938
2019-08-07,3309.98999023438
2019-08-08,3375.3798828125
2019-08-09,3333.73999023438
2019-08-12,3326.55004882812
2019-08-13,3357.15991210938
2019-08-14,3288.69995117188
2019-08-15,3282.78002929688
2019-08-16,3329.080078125
2019-08-19,3369.18994140625
2019-08-20,3350.22998046875
2019-08-21,3394.88989257812
2019-08-22,3373.669921875
2019-08-23,3334.25
2019-08-26,3348.84008789062
2019-08-27,3370.46997070312
2019-08-28,3365.3798828125
2019-08-29,3411.330078125
2019-08-30,3426.76000976562
2019-09-02,3432.5400390625
2019-09-03,3420.73999023438
2019-09-04,3450.830078125
2019-09-05,3484.69995117188
2019-09-06,3495.18994140625
2019-09-09,3495.02001953125
2019-09-10,3498.98999023438
2019-09-11,3516.82006835938
2019-09-12,3538.86010742188
2019-09-13,3550.11010742188
2019-09-16,3518.44995117188
2019-09-17,3521.26000976562
2019-09-18,3528.0400390625
2019-09-19,3552.64990234375
2019-09-20,3571.38989257812
2019-09-23,3536.96997070312
2019-09-24,3532.05004882812
2019-09-25,3513.03002929688
2019-09-26,3532.17993164062
2019-09-27,3545.8798828125
2019-09-30,3569.44995117188
2019-10-01,3518.25
2019-10-02,3413.31005859375
2019-10-03,3417.3701171875
2019-10-04,3446.7099609375
2019-10-07,3471.23999023438
2019-10-08,3432.76000976562
2019-10-09,3462.11010742188
2019-10-10,3493.9599609375
2019-10-11,3569.919921875
2019-10-14,3556.26000976562
2019-10-15,3598.64990234375
2019-10-16,3599.25
2019-10-17,3588.6201171875
2019-10-18,3579.40991210938
2019-10-21,3600.080078125
2019-10-22,3604.82006835938
2019-10-23,3606.88989257812
2019-10-24,3621.3701171875
2019-10-25,3624.67993164062
2019-10-28,3625.68994140625
2019-10-29,3622.09008789062
2019-10-30,3620.2900390625
2019-10-31,3604.40991210938
2019-11-01,3623.73999023438
2019-11-04,3665.2099609375
2019-11-05,3676.52001953125
2019-11-06,3688.73999023438
2019-11-07,3706.67993164062
2019-11-08,3699.64990234375
2019-11-11,3696.82006835938
2019-11-12,3712.19995117188
2019-11-13,3699.5
2019-11-14,3688.81005859375
2019-11-15,3711.61010742188
2019-11-18,3704.919921875
2019-11-19,3696.56005859375
2019-11-20,3683.8798828125
2019-11-21,3679.65991210938
2019-11-22,3687.32006835938
2019-11-25,3707.67993164062
2019-11-26,3705.55004882812
2019-11-27,3712.85009765625
2019-11-28,3704.47998046875
2019-11-29,3703.580078125
2019-12-02,3626.65991210938
2019-12-03,3610.98999023438
2019-12-04,3660.02001953125
2019-12-05,3648.1298828125
2019-12-06,3692.34008789062
2019-12-09,3672.17993164062
2019-12-10,3671.78002929688
2019-12-11,3687.44995117188
2019-12-12,3706.35009765625
2019-12-13,3731.07006835938
2019-12-16,3772.73999023438
2019-12-17,3745.28002929688
2019-12-18,3739
2019-12-19,3739.169921875
2019-12-20,3776.56005859375
2019-12-23,3776.65991210938
2019-12-27,3782.27001953125
2019-12-30,3748.46997070312
2020-01-03,3773.3701171875
2020-01-06,3752.52001953125
2020-01-07,3759.25
2020-01-08,3772.56005859375
2020-01-09,3795.8798828125
2020-01-10,3789.52001953125
2020-01-13,3779.67993164062
2020-01-14,3774.8798828125
2020-01-15,3768.9599609375
2020-01-16,3774.13989257812
2020-01-17,3808.26000976562
2020-01-20,3799.03002929688
2020-01-21,3789.1201171875
2020-01-22,3769.7900390625
2020-01-23,3736.85009765625
2020-01-24,3779.15991210938
2020-01-27,3677.84008789062
2020-01-28,3719.21997070312
2020-01-29,3736.36010742188
2020-01-30,3690.78002929688
2020-01-31,3640.90991210938
2020-02-03,3661.27001953125
2020-02-04,3732.28002929688
2020-02-05,3777.84008789062
2020-02-06,3805.52001953125
2020-02-07,3798.48999023438
2020-02-10,3793.17993164062
2020-02-11,3825.84008789062
2020-02-12,3854.42993164062
2020-02-13,3846.73999023438
2020-02-14,3840.96997070312
2020-02-17,3853.27001953125
2020-02-18,3836.5400390625
2020-02-19,3865.17993164062
2020-02-20,3822.97998046875
2020-02-21,3800.3798828125
2020-02-24,3647.97998046875
2020-02-25,3572.51000976562
2020-02-26,3577.67993164062
2020-02-27,3455.919921875
2020-02-28,3329.48999023438
2020-03-02,3338.830078125
2020-03-03,3371.96997070312
2020-03-04,3420.56005859375
2020-03-05,3363.580078125
2020-03-06,3232.07006835938
2020-03-09,2959.07006835938
2020-03-10,2910.02001953125
2020-03-11,2905.56005859375
2020-03-12,2545.22998046875
2020-03-13,2586.02001953125
2020-03-16,2450.3701171875
2020-03-17,2530.5
2020-03-18,2385.82006835938
2020-03-19,2454.080078125
2020-03-20,2548.5
2020-03-23,2485.5400390625
2020-03-24,2715.11010742188
2020-03-25,2800.13989257812
2020-03-26,2847.78002929688
2020-03-27,2728.64990234375
2020-03-30,2765.6201171875
2020-03-31,2786.89990234375
2020-04-01,2680.30004882812
2020-04-02,2688.48999023438
2020-04-03,2662.98999023438
2020-04-06,2795.96997070312
2020-04-07,2857.669921875
2020-04-08,2851.27001953125
2020-04-09,2892.7900390625
2020-04-14,2917.73999023438
2020-04-15,2808.19995117188
2020-04-16,2812.35009765625
2020-04-17,2888.30004882812
2020-04-20,2909.5
2020-04-21,2791.34008789062
2020-04-22,2834.89990234375
2020-04-23,2852.4599609375
2020-04-24,2809.07006835938
2020-04-27,2882.09008789062
2020-04-28,2932.06005859375
2020-04-29,2996.080078125
2020-04-30,2927.92993164062
2020-05-04,2816.47998046875
2020-05-05,2875.90991210938
2020-05-06,2843.76000976562
2020-05-07,2880.60009765625
2020-05-08,2908.11010742188
2020-05-11,2883.75
2020-05-12,2884.19995117188
2020-05-13,2810.55004882812
2020-05-14,2760.22998046875
2020-05-15,2770.69995117188
2020-05-18,2911.8798828125
2020-05-19,2902.580078125
2020-05-20,2942.38989257812
2020-05-22,2905.46997070312
2020-05-25,2971.35009765625
2020-05-26,2999.21997070312
2020-05-27,3051.080078125
2020-05-28,3094.46997070312
2020-05-29,3050.19995117188
2020-06-02,3159.02001953125
2020-06-03,3269.59008789062
2020-06-04,3261.669921875
2020-06-05,3384.2900390625
2020-06-08,3366.2900390625
2020-06-09,3320.7099609375
2020-06-10,3293.7099609375
2020-06-11,3144.57006835938
2020-06-12,3153.73999023438
2020-06-15,3136.39990234375
2020-06-16,3242.64990234375
2020-06-17,3267.26000976562
2020-06-18,3249.89990234375
2020-06-19,3269.10009765625
2020-06-22,3241.68994140625
2020-06-23,3298.830078125
2020-06-24,3196.1201171875
2020-06-25,3218.90991210938
2020-06-26,3204.169921875
2020-06-29,3232.02001953125
2020-06-30,3234.07006835938
2020-07-01,3228.44995117188
2020-07-02,3320.09008789062
2020-07-03,3294.3798828125
2020-07-06,3350.03002929688
2020-07-07,3321.56005859375
2020-07-08,3286.09008789062
2020-07-09,3261.169921875
2020-07-10,3296.21997070312
2020-07-13,3350
2020-07-14,3321.38989257812
2020-07-15,3378.2099609375
2020-07-16,3365.35009765625
2020-07-17,3365.60009765625
2020-07-20,3388.34008789062
2020-07-21,3405.35009765625
2020-07-22,3370.76000976562
2020-07-23,3371.73999023438
2020-07-24,3310.88989257812
2020-07-27,3302.84008789062
2020-07-28,3303.56005859375
2020-07-29,3300.15991210938
2020-07-30,3208.19995117188
2020-07-31,3174.32006835938
2020-08-03,3248.28002929688
2020-08-04,3254.2900390625
2020-08-05,3268.3798828125
2020-08-06,3240.38989257812
2020-08-07,3252.64990234375
2020-08-10,3259.7099609375
2020-08-11,3332.1201171875
2020-08-12,3363.17993164062
2020-08-13,3342.85009765625
2020-08-14,3305.05004882812
2020-08-17,3305.85009765625
2020-08-18,3289.63989257812
2020-08-19,3317.6201171875
2020-08-20,3273.97998046875
2020-08-21,3259.75
2020-08-24,3331.73999023438
2020-08-25,3329.7099609375
2020-08-26,3356.76000976562
2020-08-27,3331.0400390625
2020-08-28,3315.5400390625
2020-08-31,3272.51000976562
2020-09-01,3277.580078125
2020-09-02,3337.77001953125
2020-09-03,3304.21997070312
2020-09-04,3260.59008789062
2020-09-07,3314.07006835938
2020-09-08,3267.3701171875
2020-09-09,3324.830078125
2020-09-10,3312.77001953125
2020-09-11,3315.81005859375
2020-09-14,3316.7900390625
2020-09-15,3332.26000976562
2020-09-16,3338.84008789062
2020-09-17,3316.57006835938
2020-09-18,3283.68994140625
2020-09-21,3160.94995117188
2020-09-22,3164.1298828125
2020-09-23,3180.11010742188
2020-09-24,3159.63989257812
2020-09-25,3137.06005859375
2020-09-28,3223.18994140625
2020-09-29,3214.30004882812
2020-09-30,3193.61010742188
2020-10-01,3194.09008789062
2020-10-02,3190.92993164062
2020-10-05,3220.21997070312
2020-10-06,3233.30004882812
2020-10-07,3233.42993164062
2020-10-08,3255.76000976562
2020-10-09,3273.1201171875
2020-10-12,3298.1201171875
2020-10-13,3279.18994140625
2020-10-14,3273.28002929688
2020-10-15,3192.68994140625
2020-10-16,3245.46997070312
2020-10-19,3242.51000976562
2020-10-20,3227.8701171875
2020-10-21,3180.69995117188
2020-10-22,3171.40991210938
2020-10-23,3198.86010742188
2020-10-26,3105.25
2020-10-27,3070.60009765625
2020-10-28,2963.5400390625
2020-10-29,2960.03002929688
2020-10-30,2958.2099609375
2020-11-02,3019.5400390625
2020-11-03,3098.71997070312
2020-11-04,3161.07006835938
2020-11-05,3215.56005859375
2020-11-06,3204.05004882812
2020-11-09,3407.90991210938
2020-11-10,3442.6201171875
2020-11-11,3467.30004882812
2020-11-12,3428.19995117188
2020-11-13,3432.07006835938
2020-11-16,3466.2099609375
2020-11-17,3468.47998046875
2020-11-18,3482.169921875
2020-11-19,3451.96997070312
2020-11-20,3467.60009765625
2020-11-23,3463.0400390625
2020-11-24,3507.97998046875
2020-11-25,3511.89990234375
2020-11-26,3510.93994140625
2020-11-27,3527.7900390625
2020-11-30,3492.5400390625
2020-12-01,3525.23999023438
2020-12-02,3521.32006835938
2020-12-03,3517.10009765625
2020-12-04,3539.27001953125
2020-12-07,3530.080078125
2020-12-08,3525.8701171875
2020-12-09,3529.02001953125
2020-12-10,3522.31005859375
2020-12-11,3485.84008789062
2020-12-14,3503.9599609375
2020-12-15,3521.5
2020-12-16,3543
2020-12-17,3560.8701171875
2020-12-18,3545.73999023438
2020-12-21,3448.67993164062
2020-12-22,3497.48999023438
2020-12-23,3539.26000976562
2020-12-28,3575.40991210938
2020-12-29,3581.3701171875
2020-12-30,3571.59008789062
2021-01-04,3564.38989257812
2021-01-05,3547.85009765625
2021-01-06,3611.080078125
2021-01-07,3622.419921875
2021-01-08,3645.05004882812
2021-01-11,3620.6201171875
2021-01-12,3612.1298828125
2021-01-13,3616.51000976562
2021-01-14,3641.3701171875
2021-01-15,3599.55004882812
2021-01-18,3602.669921875
2021-01-19,3595.419921875
2021-01-20,3624.0400390625
2021-01-21,3618.35009765625
2021-01-22,3602.40991210938
2021-01-25,3553.13989257812
2021-01-26,3592.830078125
2021-01-27,3536.3798828125
2021-01-28,3557.0400390625
2021-01-29,3481.43994140625
2021-02-01,3530.85009765625
2021-02-02,3590.4599609375
2021-02-03,3609.75
2021-02-04,3642.1201171875
2021-02-05,3655.77001953125
2021-02-08,3665.51000976562
2021-02-09,3661.1298828125
2021-02-10,3648.3701171875
2021-02-11,3671.67993164062
2021-02-12,3695.61010742188
2021-02-15,3734.19995117188
2021-02-16,3726.39990234375
2021-02-17,3699.85009765625
2021-02-18,3681.0400390625
2021-02-19,3713.4599609375
2021-02-22,3699.85009765625
2021-02-23,3689.10009765625
2021-02-24,3705.98999023438
2021-02-25,3685.28002929688
2021-02-26,3636.43994140625
2021-03-01,3706.6201171875
2021-03-02,3707.71997070312
2021-03-03,3712.78002929688
2021-03-04,3704.85009765625
2021-03-05,3669.5400390625
2021-03-08,3763.23999023438
2021-03-09,3786.05004882812
2021-03-10,3819.919921875
2021-03-11,3845.63989257812
2021-03-12,3833.36010742188
2021-03-15,3829.84008789062
2021-03-16,3850.9599609375
2021-03-17,3849.73999023438
2021-03-18,3867.5400390625
2021-03-19,3837.02001953125
2021-03-22,3833.84008789062
2021-03-23,3827.02001953125
2021-03-24,3832.55004882812
2021-03-25,3832.57006835938
2021-03-26,3866.67993164062
2021-03-29,3882.8701171875
2021-03-30,3926.19995117188
2021-03-31,3919.2099609375
2021-04-01,3945.9599609375
2021-04-06,3970.419921875
2021-04-07,3956.77001953125
2021-04-08,3977.830078125
2021-04-09,3978.84008789062
2021-04-12,3961.89990234375
2021-04-13,3966.98999023438
2021-04-14,3976.28002929688
2021-04-15,3993.42993164062
2021-04-16,4032.98999023438
2021-04-19,4019.90991210938
2021-04-20,3940.4599609375
2021-04-21,3976.40991210938
2021-04-22,4014.80004882812
2021-04-23,4013.34008789062
2021-04-26,4020.830078125
2021-04-27,4011.90991210938
2021-04-28,4015.03002929688
2021-04-29,3996.89990234375
2021-04-30,3974.73999023438
2021-05-03,4000.25
2021-05-04,3924.80004882812
2021-05-05,4002.7900390625
2021-05-06,3999.43994140625
2021-05-07,4034.25
2021-05-10,4023.35009765625
2021-05-11,3946.06005859375
2021-05-12,3947.42993164062
2021-05-14,4017.43994140625
2021-05-17,4006.84008789062
2021-05-18,4005.34008789062
2021-05-19,3936.73999023438
2021-05-20,3999.90991210938
2021-05-21,4025.78002929688
2021-05-25,4036.0400390625
2021-05-26,4031.669921875
2021-05-27,4039.2099609375
2021-05-28,4070.56005859375
2021-05-31,4039.4599609375
2021-06-01,4071.75
2021-06-02,4088.5
2021-06-03,4079.23999023438
2021-06-04,4089.3798828125
2021-06-07,4097.64990234375
2021-06-08,4096.009765625
2021-06-09,4096.85009765625
2021-06-10,4096.06982421875
2021-06-11,4126.7001953125
2021-06-14,4132.669921875
2021-06-15,4143.52001953125
2021-06-16,4151.759765625
2021-06-17,4158.14013671875
2021-06-18,4083.3701171875
2021-06-21,4112.330078125
2021-06-22,4123.1298828125
2021-06-23,4075.93994140625
2021-06-24,4122.43017578125
2021-06-25,4120.66015625
2021-06-28,4089.90991210938
2021-06-29,4107.509765625
2021-06-30,4064.30004882812
2021-07-01,4078.88989257812
2021-07-02,4084.31005859375
2021-07-05,4087.3701171875
2021-07-06,4052.669921875
2021-07-07,4078.53002929688
2021-07-08,3991.65991210938
2021-07-09,4068.09008789062
2021-07-12,4093.3798828125
2021-07-13,4094.56005859375
2021-07-14,4099.5
2021-07-15,4056.38989257812
2021-07-16,4035.77001953125
2021-07-19,3928.53002929688
2021-07-20,3956.34008789062
2021-07-21,4026.67993164062
2021-07-22,4059.05004882812
2021-07-23,4109.10009765625
2021-07-26,4102.58984375
2021-07-27,4064.830078125
2021-07-28,4103.02978515625
2021-07-29,4116.77001953125
2021-07-30,4089.30004882812
2021-08-02,4116.6201171875
2021-08-03,4117.9501953125
2021-08-04,4144.89990234375
2021-08-05,4161.080078125
2021-08-06,4174.5400390625
2021-08-09,4177.14990234375
2021-08-10,4187.81982421875
2021-08-11,4206.330078125
2021-08-12,4226.330078125
2021-08-13,4229.7001953125
2021-08-16,4202.43994140625
2021-08-17,4196.39990234375
2021-08-18,4189.419921875
2021-08-19,4124.7099609375
2021-08-20,4147.5
2021-08-23,4176.419921875
2021-08-24,4178.080078125
2021-08-25,4181.1201171875
2021-08-26,4169.8701171875
2021-08-27,4190.97998046875
2021-08-30,4198.7998046875
2021-08-31,4196.41015625
2021-09-01,4227.27001953125
2021-09-02,4232.10009765625
2021-09-03,4201.97998046875
2021-09-06,4246.1298828125
2021-09-07,4225.009765625
2021-09-08,4177.14990234375
2021-09-09,4177.10986328125
2021-09-10,4170.35009765625
2021-09-13,4189.52978515625
2021-09-14,4191.669921875
2021-09-15,4145.93994140625
2021-09-16,4169.8701171875
2021-09-17,4130.83984375
2021-09-20,4043.6298828125
2021-09-21,4097.509765625
2021-09-22,4150.18994140625
2021-09-23,4194.919921875
2021-09-24,4158.509765625
2021-09-27,4165.47998046875
2021-09-28,4058.82006835938
2021-09-29,4080.21997070312
2021-09-30,4048.080078125
2021-10-01,4035.30004882812
2021-10-04,3996.40991210938
2021-10-05,4065.42993164062
2021-10-06,4012.64990234375
2021-10-07,4098.33984375
2021-10-08,4073.2900390625
2021-10-11,4072.52001953125
2021-10-12,4055.09008789062
2021-10-13,4083.28002929688
2021-10-14,4149.06005859375
2021-10-15,4182.91015625
2021-10-18,4151.39990234375
2021-10-19,4166.830078125
2021-10-20,4172.169921875
2021-10-21,4155.72998046875
2021-10-22,4188.81005859375
2021-10-25,4188.31005859375
2021-10-26,4223.97021484375
2021-10-27,4220.8798828125
2021-10-28,4233.8701171875
2021-10-29,4250.56005859375
2021-11-01,4280.47021484375
2021-11-02,4296.22021484375
2021-11-03,4309.60986328125
2021-11-04,4333.33984375
2021-11-05,4363.0400390625
2021-11-08,4352.52978515625
2021-11-09,4344.6298828125
2021-11-10,4348.81982421875
2021-11-11,4358
2021-11-12,4370.330078125
2021-11-15,4386.18994140625
2021-11-16,4401.490234375
2021-11-17,4400.81005859375
2021-11-18,4383.7001953125
2021-11-19,4356.47021484375
2021-11-22,4338.68994140625
2021-11-23,4283.81982421875
2021-11-24,4276.25
2021-11-25,4293.240234375
2021-11-26,4089.580078125
2021-11-29,4109.509765625
2021-11-30,4063.06005859375
2021-12-01,4179.14990234375
2021-12-02,4108.02001953125
2021-12-03,4080.14990234375
2021-12-06,4137.10986328125
2021-12-07,4276.2001953125
2021-12-08,4233.08984375
2021-12-09,4208.2998046875
2021-12-10,4199.16015625
2021-12-13,4183.0400390625
2021-12-14,4144.509765625
2021-12-15,4159.68017578125
2021-12-16,4201.8701171875
2021-12-17,4161.35009765625
2021-12-20,4107.1298828125
2021-12-21,4174.990234375
2021-12-22,4217.06005859375
2021-12-23,4265.85986328125
2021-12-27,4287.97998046875
2021-12-28,4311.93017578125
2021-12-29,4284.830078125
2021-12-30,4306.06982421875
2022-01-03,4331.81982421875
2022-01-04,4367.6201171875
2022-01-05,4392.14990234375
2022-01-06,4324.81005859375
2022-01-07,4305.830078125
2022-01-10,4239.52001953125
2022-01-11,4281.5400390625
2022-01-12,4316.39013671875
2022-01-13,4315.89990234375
2022-01-14,4272.18994140625
2022-01-17,4302.14013671875
2022-01-18,4257.81982421875
2022-01-19,4268.27978515625
2022-01-20,4299.60986328125
2022-01-21,4229.56005859375
2022-01-24,4054.36010742188
2022-01-25,4078.26000976562
2022-01-26,4164.60009765625
2022-01-27,4184.97021484375
2022-01-28,4136.91015625
2022-01-31,4174.60009765625
2022-02-01,4224.4501953125
2022-02-02,4222.0498046875
2022-02-03,4141.02001953125
2022-02-04,4086.580078125
2022-02-07,4120.56005859375
2022-02-08,4129.25
2022-02-09,4204.08984375
2022-02-10,4197.06982421875
2022-02-11,4155.22998046875
2022-02-14,4064.44995117188
2022-02-15,4143.7099609375
2022-02-16,4137.22021484375
2022-02-17,4113.18994140625
2022-02-18,4074.28002929688
2022-02-21,3985.7099609375
2022-02-22,3985.46997070312
2022-02-23,3973.40991210938
2022-02-24,3829.2900390625
2022-02-25,3970.68994140625
2022-02-28,3924.22998046875
2022-03-01,3765.85009765625
2022-03-02,3820.59008789062
2022-03-03,3741.78002929688
2022-03-04,3556.01000976562
2022-03-07,3512.21997070312
2022-03-08,3505.2900390625
2022-03-09,3766.02001953125
2022-03-10,3651.38989257812
2022-03-11,3686.78002929688
2022-03-14,3741.10009765625
2022-03-15,3738.11010742188
2022-03-16,3889.68994140625
2022-03-17,3885.32006835938
2022-03-18,3902.43994140625
2022-03-21,3881.80004882812
2022-03-22,3926.1201171875
2022-03-23,3869.21997070312
2022-03-24,3863.38989257812
2022-03-25,3867.72998046875
2022-03-28,3887.10009765625
2022-03-29,4002.17993164062
2022-03-30,3959.13989257812
2022-03-31,3902.52001953125
2022-04-01,3918.67993164062
2022-04-04,3951.1201171875
2022-04-05,3917.85009765625
2022-04-06,3824.68994140625
2022-04-07,3802.01000976562
2022-04-08,3858.3701171875
2022-04-11,3839.6201171875
2022-04-12,3831.46997070312
2022-04-13,3827.9599609375
2022-04-14,3848.67993164062
2022-04-19,3830.76000976562
2022-04-20,3896.81005859375
2022-04-21,3928.03002929688
2022-04-22,3840.01000976562
2022-04-25,3757.59008789062
2022-04-26,3721.36010742188
2022-04-27,3734.63989257812
2022-04-28,3777.02001953125
2022-04-29,3802.86010742188
2022-05-02,3732.43994140625
2022-05-03,3761.18994140625
2022-05-04,3724.98999023438
2022-05-05,3696.6298828125
2022-05-06,3629.169921875
2022-05-09,3526.86010742188
2022-05-10,3554.80004882812
2022-05-11,3647.8701171875
2022-05-12,3613.42993164062
2022-05-13,3703.419921875
2022-05-16,3685.34008789062
2022-05-17,3741.51000976562
2022-05-18,3690.73999023438
2022-05-19,3633.330078125
2022-05-20,3657.03002929688
2022-05-23,3708.38989257812
2022-05-24,3647.56005859375
2022-05-25,3677.10009765625
2022-05-27,3808.86010742188
2022-05-30,3841.6201171875
2022-05-31,3789.2099609375
2022-06-01,3759.5400390625
2022-06-02,3795.1298828125
2022-06-03,3783.65991210938
2022-06-07,3806.73999023438
2022-06-08,3788.92993164062
2022-06-09,3724.44995117188
2022-06-10,3599.19995117188
2022-06-13,3502.5
2022-06-14,3475.17993164062
2022-06-15,3532.32006835938
2022-06-16,3427.90991210938
2022-06-17,3438.4599609375
2022-06-20,3469.830078125
2022-06-21,3494
2022-06-22,3464.63989257812
2022-06-23,3436.2900390625
2022-06-24,3533.169921875
2022-06-27,3538.8798828125
2022-06-28,3549.2900390625
2022-06-29,3514.32006835938
2022-06-30,3454.86010742188
2022-07-01,3448.31005859375
2022-07-04,3452.419921875
2022-07-05,3359.830078125
2022-07-06,3421.84008789062
2022-07-07,3488.5
2022-07-08,3506.55004882812
2022-07-11,3471.68994140625
2022-07-12,3487.05004882812
2022-07-13,3453.96997070312
2022-07-14,3396.61010742188
2022-07-15,3477.19995117188
2022-07-18,3511.86010742188
2022-07-19,3587.43994140625
2022-07-20,3585.23999023438
2022-07-21,3596.51000976562
2022-07-22,3596.48999023438
2022-07-25,3604.15991210938
2022-07-26,3575.36010742188
2022-07-27,3607.78002929688
2022-07-28,3652.19995117188
2022-07-29,3708.10009765625
2022-08-02,3684.6298828125
2022-08-03,3732.5400390625
2022-08-04,3754.60009765625
2022-08-05,3725.38989257812
2022-08-08,3757.21997070312
2022-08-09,3715.3701171875
2022-08-10,3749.35009765625
2022-08-11,3757.05004882812
2022-08-12,3776.81005859375
2022-08-15,3789.6201171875
2022-08-16,3805.21997070312
2022-08-17,3756.06005859375
2022-08-18,3777.3798828125
2022-08-19,3730.32006835938
2022-08-22,3658.21997070312
2022-08-23,3652.52001953125
2022-08-24,3667.4599609375
2022-08-25,3674.5400390625
2022-08-26,3603.67993164062
2022-08-29,3570.51000976562
2022-08-30,3561.919921875
2022-08-31,3517.25
2022-09-01,3456.69995117188
2022-09-02,3544.3798828125
2022-09-05,3490.01000976562
2022-09-06,3500.13989257812
2022-09-07,3502.09008789062
2022-09-08,3512.3798828125
2022-09-09,3570.0400390625
2022-09-12,3646.51000976562
2022-09-13,3586.17993164062
2022-09-14,3567.56005859375
2022-09-15,3541.7900390625
2022-09-16,3500.40991210938
2022-09-19,3499.48999023438
2022-09-20,3467.09008789062
2022-09-21,3491.8701171875
2022-09-22,3427.13989257812
2022-09-23,3348.60009765625
2022-09-26,3342.56005859375
2022-09-27,3328.64990234375
2022-09-28,3335.30004882812
2022-09-29,3279.0400390625
2022-09-30,3318.19995117188
2022-10-03,3342.169921875
2022-10-04,3484.47998046875
2022-10-05,3447.71997070312
2022-10-06,3433.44995117188
2022-10-07,3375.4599609375
2022-10-10,3356.8798828125
2022-10-11,3340.35009765625
2022-10-12,3331.53002929688
2022-10-13,3362.39990234375
2022-10-14,3381.72998046875
2022-10-17,3441.63989257812
2022-10-18,3463.830078125
2022-10-19,3471.23999023438
2022-10-20,3492.85009765625
2022-10-21,3476.6298828125
2022-10-24,3527.7900390625
2022-10-25,3585.580078125
2022-10-26,3605.31005859375
2022-10-27,3604.51000976562
2022-10-28,3613.02001953125
2022-10-31,3617.5400390625
2022-11-01,3651.02001953125
2022-11-02,3622.01000976562
2022-11-03,3593.17993164062
2022-11-04,3688.330078125
2022-11-07,3708.80004882812
2022-11-08,3739.28002929688
2022-11-09,3728.03002929688
2022-11-10,3846.56005859375
2022-11-11,3868.5
2022-11-14,3887.51000976562
2022-11-15,3915.09008789062
2022-11-16,3882.78002929688
2022-11-17,3878.419921875
2022-11-18,3924.84008789062
2022-11-21,3909.28002929688
2022-11-22,3929.89990234375
2022-11-23,3946.43994140625
2022-11-24,3961.98999023438
2022-11-25,3962.40991210938
2022-11-28,3935.51000976562
2022-11-29,3934.43994140625
2022-11-30,3964.71997070312
2022-12-01,3984.5
2022-12-02,3977.89990234375
2022-12-05,3956.53002929688
2022-12-06,3939.18994140625
2022-12-07,3920.89990234375
2022-12-08,3921.27001953125
2022-12-09,3942.6201171875
2022-12-12,3921.82006835938
2022-12-13,3986.830078125
2022-12-14,3975.26000976562
2022-12-15,3835.69995117188
2022-12-16,3804.02001953125
2022-12-19,3811.23999023438
2022-12-20,3802.48999023438
2022-12-21,3872.14990234375
2022-12-22,3823.2900390625
2022-12-23,3817.01000976562
2022-12-27,3832.88989257812
2022-12-28,3808.82006835938
2022-12-29,3850.07006835938
2022-12-30,3793.6201171875
2023-01-03,3882.2900390625
2023-01-04,3973.96997070312
2023-01-05,3959.47998046875
2023-01-06,4017.830078125
2023-01-09,4068.6201171875
2023-01-10,4057.4599609375
2023-01-11,4099.759765625
2023-01-12,4126.68017578125
2023-01-13,4150.7998046875
2023-01-16,4157
2023-01-17,4174.330078125
2023-01-18,4174.33984375
2023-01-19,4094.28002929688
2023-01-20,4119.89990234375
2023-01-23,4150.81982421875
2023-01-24,4153.02001953125
2023-01-25,4148.10986328125
2023-01-26,4173.97998046875
2023-01-27,4178.009765625
2023-01-30,4158.6298828125
2023-01-31,4163.4501953125
2023-02-01,4171.43994140625
2023-02-02,4241.1201171875
2023-02-03,4257.97998046875
2023-02-06,4205.4501953125
2023-02-07,4209.31005859375
2023-02-08,4209.14990234375
2023-02-09,4250.14013671875
2023-02-10,4197.93994140625
2023-02-13,4241.35986328125
2023-02-14,4238.759765625
2023-02-15,4280.0400390625
2023-02-16,4297.240234375
2023-02-17,4274.919921875
2023-02-20,4271.18017578125
2023-02-21,4250.39990234375
2023-02-22,4242.8798828125
2023-02-23,4258.16015625
2023-02-24,4178.81982421875
2023-02-27,4248.009765625
2023-02-28,4238.3798828125
2023-03-01,4215.75
2023-03-02,4240.58984375
2023-03-03,4294.7998046875
2023-03-06,4313.77978515625
2023-03-07,4278.9599609375
2023-03-08,4288.4501953125
2023-03-09,4286.1201171875
2023-03-10,4229.52978515625
2023-03-13,4096.5400390625
2023-03-14,4179.47021484375
2023-03-15,4034.919921875
2023-03-16,4116.97998046875
2023-03-17,4064.98999023438
2023-03-20,4119.419921875
2023-03-21,4181.60009765625
2023-03-22,4195.7001953125
2023-03-23,4207.14013671875
2023-03-24,4130.6201171875
2023-03-27,4164.6201171875
2023-03-28,4168.2099609375
2023-03-29,4231.27001953125
2023-03-30,4285.419921875
2023-03-31,4315.0498046875
2023-04-03,4311.0498046875
2023-04-04,4315.31982421875
2023-04-05,4298.35986328125
2023-04-06,4309.4501953125
2023-04-11,4333.2900390625
2023-04-12,4334.02978515625
2023-04-13,4363.240234375
2023-04-14,4390.75
2023-04-17,4367.60986328125
2023-04-18,4393.9501953125
2023-04-19,4393.56982421875
2023-04-20,4384.85986328125
2023-04-21,4408.58984375
2023-04-24,4401.7998046875
2023-04-25,4377.85009765625
2023-04-26,4347.7099609375
2023-04-27,4358.0498046875
2023-04-28,4359.31005859375
2023-05-02,4294.85009765625
2023-05-03,4310.18017578125
2023-05-04,4287.02978515625
2023-05-05,4340.43017578125
2023-05-08,4348.64990234375
2023-05-09,4323.08984375
2023-05-10,4306.759765625
2023-05-11,4309.75
2023-05-12,4317.8798828125
2023-05-15,4316.41015625
2023-05-16,4315.509765625
2023-05-17,4323.22998046875
2023-05-19,4395.2998046875
2023-05-22,4385.6298828125
2023-05-23,4342.3798828125
2023-05-24,4263.740234375
2023-05-25,4269.64013671875
2023-05-26,4337.5
2023-05-30,4291.580078125
2023-05-31,4218.0400390625
2023-06-01,4257.60986328125
2023-06-02,4323.52001953125
2023-06-05,4293.240234375
2023-06-06,4295.22021484375
2023-06-07,4291.91015625
2023-06-08,4297.68017578125
2023-06-09,4289.7900390625
2023-06-12,4316.490234375
2023-06-13,4347.5498046875
2023-06-14,4375.97998046875
2023-06-15,4365.1201171875
2023-06-16,4394.81982421875
2023-06-19,4362.3798828125
2023-06-20,4343.14013671875
2023-06-21,4322.75
2023-06-22,4304.47021484375
2023-06-23,4271.60986328125
2023-06-26,4280.56982421875
2023-06-27,4305.259765625
2023-06-28,4344.75
2023-06-29,4354.68994140625
2023-06-30,4399.08984375
2023-07-03,4398.14990234375
2023-07-04,4390.990234375
2023-07-05,4350.7099609375
2023-07-06,4223.08984375
2023-07-07,4236.60009765625
2023-07-10,4256.509765625
2023-07-11,4286.56005859375
2023-07-12,4360.4599609375
2023-07-13,4391.759765625
2023-07-14,4400.10986328125
2023-07-17,4356.7900390625
2023-07-18,4369.72998046875
2023-07-19,4362.27978515625
2023-07-20,4373.72998046875
2023-07-21,4391.41015625
2023-07-24,4383.02978515625
2023-07-25,4391.2998046875
2023-07-26,4346.14990234375
2023-07-27,4447.43994140625
2023-07-28,4466.5
2023-07-31,4471.31005859375
2023-08-02,4336.5
2023-08-03,4304.6298828125
2023-08-04,4332.91015625
2023-08-07,4337.5
2023-08-08,4288.85009765625
2023-08-09,4317.330078125
2023-08-10,4384.0400390625
2023-08-11,4321.330078125
2023-08-14,4330.22998046875
2023-08-15,4288.56982421875
2023-08-16,4284.27001953125
2023-08-17,4227.830078125
2023-08-18,4212.9501953125
2023-08-21,4224.8701171875
2023-08-22,4260.3701171875
2023-08-23,4266.669921875
2023-08-24,4232.22021484375
2023-08-25,4236.25
2023-08-28,4293.68994140625
2023-08-29,4326.47021484375
2023-08-30,4315.31005859375
2023-08-31,4297.10986328125
2023-09-01,4282.64013671875
2023-09-04,4279.8701171875
2023-09-05,4269.16015625
2023-09-06,4238.259765625
2023-09-07,4221.02001953125
2023-09-08,4237.18994140625
2023-09-11,4254.330078125
2023-09-12,4242.27001953125
2023-09-13,4223.47998046875
2023-09-14,4279.75
2023-09-15,4295.0498046875
2023-09-18,4245.8798828125
2023-09-19,4242.7001953125
2023-09-20,4275.97998046875
2023-09-21,4212.58984375
2023-09-22,4207.16015625
2023-09-25,4167.3701171875
2023-09-26,4129.18017578125
2023-09-27,4131.68017578125
2023-09-28,4161.56005859375
2023-09-29,4174.66015625
2023-10-02,4137.6298828125
2023-10-03,4095.59008789062
2023-10-04,4099.85009765625
2023-10-05,4099.81005859375
2023-10-06,4144.43017578125
2023-10-09,4112.56982421875
2023-10-10,4205.22998046875
2023-10-11,4200.7998046875
2023-10-12,4198.22998046875
2023-10-13,4136.1201171875
2023-10-16,4149.85986328125
2023-10-17,4152.31982421875
2023-10-18,4105.85986328125
2023-10-19,4090.330078125
2023-10-20,4024.67993164062
2023-10-23,4041.75
2023-10-24,4065.3701171875
2023-10-25,4073.35009765625
2023-10-26,4049.39990234375
2023-10-27,4014.36010742188
2023-10-30,4028.32006835938
2023-10-31,4061.1201171875
2023-11-01,4091.7099609375
2023-11-02,4169.6201171875
2023-11-03,4174.669921875
2023-11-06,4158.64013671875
2023-11-07,4153.3701171875
2023-11-08,4178.490234375
2023-11-09,4229.2001953125
2023-11-10,4197.35986328125
2023-11-13,4232.18994140625
2023-11-14,4291.72021484375
2023-11-15,4315.52978515625
2023-11-16,4302.4501953125
2023-11-17,4340.77001953125
2023-11-20,4342.41015625
2023-11-21,4331.89990234375
2023-11-22,4352.02001953125
2023-11-23,4361.31982421875
2023-11-24,4372.10009765625
2023-11-27,4354.41015625
2023-11-28,4348.02001953125
2023-11-29,4370.52978515625
2023-11-30,4382.47021484375
2023-12-01,4418.509765625
2023-12-04,4414.9501953125
2023-12-05,4452.77001953125
2023-12-06,4483.259765625
2023-12-07,4473.77001953125
2023-12-08,4523.31005859375
2023-12-11,4540.18994140625
2023-12-12,4536.60986328125
2023-12-13,4530.18994140625
2023-12-14,4539.16015625
2023-12-15,4549.43994140625
2023-12-18,4521.1298828125
2023-12-19,4535.39990234375
2023-12-20,4533.81982421875
2023-12-21,4524.85986328125
2023-12-22,4521.47021484375
2023-12-27,4528.3798828125
2023-12-28,4514.3798828125
2023-12-29,4521.64990234375
2024-01-03,4448.1298828125
2024-01-04,4474.009765625
2024-01-05,4463.509765625
2024-01-08,4485.47998046875
2024-01-09,4467.169921875
2024-01-10,4468.97998046875
2024-01-11,4442.27978515625
2024-01-12,4480.02001953125
2024-01-15,4454.68017578125
2024-01-16,4446.509765625
2024-01-17,4403.080078125
2024-01-18,4453.0498046875
2024-01-19,4448.830078125
2024-01-22,4480.31982421875
2024-01-23,4465.91015625
2024-01-24,4564.10986328125
2024-01-25,4582.259765625
2024-01-26,4635.47021484375
2024-01-29,4639.35986328125
2024-01-30,4662.7001953125
2024-01-31,4648.39990234375
2024-02-01,4638.60009765625
2024-02-02,4654.5498046875
2024-02-05,4655.27001953125
2024-02-06,4690.8701171875
2024-02-07,4678.85009765625
2024-02-08,4710.77978515625
2024-02-09,4715.8701171875
2024-02-12,4746.35009765625
2024-02-13,4689.27978515625
2024-02-14,4709.22021484375
2024-02-15,4743.169921875
2024-02-16,4765.64990234375
2024-02-19,4763.06982421875
2024-02-20,4760.27978515625
2024-02-21,4775.31005859375
2024-02-22,4855.35986328125
2024-02-23,4872.56982421875
2024-02-26,4864.2900390625
2024-02-27,4885.740234375
2024-02-28,4883.77001953125
2024-02-29,4877.77001953125
2024-03-01,4894.85986328125
2024-03-04,4912.919921875
2024-03-05,4893.06982421875
2024-03-06,4915.490234375
2024-03-07,4974.22021484375
2024-03-08,4961.10986328125
2024-03-11,4930.419921875
2024-03-12,4983.2001953125
2024-03-13,5000.5498046875
2024-03-14,4993.1201171875
2024-03-15,4986.02001953125
2024-03-18,4982.759765625
2024-03-19,5007.919921875
2024-03-20,5000.31005859375
2024-03-21,5052.31005859375
2024-03-22,5031.14990234375
2024-03-25,5044.18994140625
2024-03-26,5064.18017578125
2024-03-27,5081.740234375
2024-03-28,5083.419921875
2024-04-02,5042
2024-04-03,5069.25
2024-04-04,5070.759765625
2024-04-05,5014.75
2024-04-08,5046.0498046875
2024-04-09,4990.89990234375
2024-04-10,5000.830078125
2024-04-11,4966.68017578125
2024-04-12,4955.009765625
2024-04-15,4984.47998046875
2024-04-16,4916.990234375
2024-04-17,4914.1298828125
2024-04-18,4936.56982421875
2024-04-19,4918.08984375
2024-04-22,4936.85009765625
2024-04-23,5008.169921875
2024-04-24,4989.8798828125
2024-04-25,4939.009765625
2024-04-26,5006.85009765625
2024-04-29,4981.08984375
2024-04-30,4921.22021484375
2024-05-02,4890.60986328125
2024-05-03,4921.47998046875
2024-05-06,4956.9599609375
2024-05-07,5016.10009765625
2024-05-08,5038.169921875
2024-05-10,5085.080078125
2024-05-13,5078.9599609375
2024-05-14,5080.2900390625
2024-05-15,5100.89990234375
2024-05-16,5072.4501953125
2024-05-17,5064.14013671875
2024-05-21,5046.990234375
2024-05-22,5025.169921875
2024-05-23,5037.60009765625
2024-05-24,5035.41015625
2024-05-27,5059.2001953125
2024-05-28,5030.35009765625
2024-05-29,4963.2001953125
2024-05-30,4982.18017578125
2024-05-31,4983.669921875
2024-06-03,5003.5400390625
2024-06-04,4953.3701171875
2024-06-05,5035.66015625
2024-06-06,5069.08984375
2024-06-07,5051.31005859375
2024-06-10,5016.47998046875
2024-06-11,4965.08984375
2024-06-12,5034.43017578125
2024-06-13,4935.5
2024-06-14,4839.14013671875
2024-06-17,4880.419921875
2024-06-18,4915.47021484375
2024-06-19,4885.4501953125
2024-06-20,4947.72998046875
2024-06-21,4907.2998046875
2024-06-24,4950.97998046875
2024-06-25,4935.97021484375
2024-06-26,4915.93994140625
2024-06-27,4902.60009765625
2024-06-28,4894.02001953125
2024-07-01,4929.990234375
2024-07-02,4906.330078125
2024-07-03,4965.7998046875
2024-07-04,4987.47998046875
2024-07-05,4979.39013671875
2024-07-08,4969.830078125
2024-07-09,4903.6201171875
2024-07-10,4958.85986328125
2024-07-11,4976.1298828125
2024-07-12,5043.02001953125
2024-07-15,4983.10986328125
2024-07-16,4947.830078125
2024-07-17,4891.4599609375
2024-07-18,4870.1201171875
2024-07-19,4827.240234375
2024-07-22,4897.43994140625
2024-07-23,4916.7998046875
2024-07-24,4861.8701171875
2024-07-25,4811.27978515625
2024-07-26,4862.5
2024-07-29,4815.39013671875
2024-07-30,4841
2024-07-31,4872.93994140625
2024-08-02,4638.7001953125
2024-08-05,4571.60009765625
2024-08-06,4575.22021484375
2024-08-07,4668.06005859375
2024-08-08,4668.740234375
2024-08-09,4675.27978515625
2024-08-12,4671.8798828125
2024-08-13,4694.919921875
2024-08-14,4727.60009765625
2024-08-15,4807.77001953125
2024-08-16,4840.52001953125
2024-08-19,4871.41015625
2024-08-20,4857.580078125
2024-08-21,4885.27978515625
2024-08-22,4885
2024-08-23,4909.2001953125
2024-08-26,4896.68994140625
2024-08-27,4898.77978515625
2024-08-28,4913.02978515625
2024-08-29,4966.27001953125
2024-08-30,4957.97998046875
2024-09-02,4973.06982421875
2024-09-03,4912.52001953125
2024-09-04,4848.18017578125
2024-09-05,4815.14990234375
2024-09-06,4738.06005859375
2024-09-09,4778.66015625
2024-09-10,4747.2001953125
2024-09-11,4763.580078125
2024-09-12,4814.080078125
2024-09-13,4843.990234375
2024-09-16,4827.6298828125
2024-09-17,4860.77978515625
2024-09-18,4835.2998046875
2024-09-19,4943.3798828125
2024-09-20,4871.5400390625
2024-09-23,4885.56982421875
2024-09-24,4940.72021484375
2024-09-25,4916.89013671875
2024-09-26,5032.58984375
2024-09-27,5067.4501953125
2024-09-30,5000.4501953125
2024-10-01,4954.14990234375
2024-10-02,4963.2900390625
2024-10-03,4921.330078125
2024-10-04,4954.93994140625
2024-10-07,4969.7099609375
2024-10-08,4949
2024-10-09,4982.56982421875
2024-10-10,4970.33984375
2024-10-11,5003.919921875
2024-10-14,5041.009765625
2024-10-15,4946.72998046875
2024-10-16,4908.7099609375
2024-10-17,4947.2998046875
2024-10-18,4986.27001953125
2024-10-21,4941.22021484375
2024-10-22,4939.31005859375
2024-10-23,4922.5498046875
2024-10-24,4935.4501953125
2024-10-25,4943.08984375
2024-10-28,4969.830078125
2024-10-29,4950.02001953125
2024-10-30,4885.75
2024-10-31,4827.6298828125
2024-11-01,4877.75
2024-11-04,4852.10009765625
2024-11-05,4870.330078125
2024-11-06,4800.6298828125
2024-11-07,4851.9599609375
2024-11-08,4802.759765625
2024-11-11,4854.02978515625
2024-11-12,4744.68994140625
2024-11-13,4740.33984375
2024-11-14,4833.52978515625
2024-11-15,4794.85009765625
2024-11-18,4790.330078125
2024-11-19,4751.22998046875
2024-11-20,4729.7099609375
2024-11-21,4755.830078125
2024-11-22,4789.080078125
2024-11-25,4799.8701171875
2024-11-26,4761.990234375
2024-11-27,4733.14990234375
2024-11-28,4758.64990234375
2024-11-29,4804.39990234375
2024-12-02,4846.72998046875
2024-12-03,4878.509765625
2024-12-04,4919.02001953125
2024-12-05,4951.580078125
2024-12-06,4977.77978515625
2024-12-09,4985.4599609375
2024-12-10,4951.740234375
2024-12-11,4959.35009765625
2024-12-12,4965.52978515625
2024-12-13,4967.9501953125
2024-12-16,4947.02978515625
2024-12-17,4942.580078125
2024-12-18,4957.27978515625
2024-12-19,4879
2024-12-20,4862.27978515625
2024-12-23,4852.93017578125
2024-12-27,4898.8798828125
2024-12-30,4869.27978515625
2025-01-03,4871.4501953125
2025-01-06,4986.64013671875
2025-01-07,5011.81982421875
2025-01-08,4996.39013671875
2025-01-09,5017.91015625
2025-01-10,4977.259765625
2025-01-13,4954.2099609375
2025-01-14,4980.47021484375
2025-01-15,5032.31005859375
2025-01-16,5106.93017578125
2025-01-17,5148.2998046875
2025-01-20,5164.43994140625
2025-01-21,5165.9599609375
2025-01-22,5205.830078125
2025-01-23,5217.5
2025-01-24,5219.3701171875
2025-01-27,5188.4501953125
2025-01-28,5195.7099609375
2025-01-29,5230.66015625
2025-01-30,5282.2099609375
2025-01-31,5286.8701171875
2025-02-03,5217.91015625
2025-02-04,5264.58984375
2025-02-05,5271.1201171875
2025-02-06,5356.6298828125
2025-02-07,5325.39990234375
2025-02-10,5358.2998046875
2025-02-11,5390.91015625
2025-02-12,5405.64990234375
2025-02-13,5500.5
2025-02-14,5493.39990234375
2025-02-17,5519.830078125
2025-02-18,5533.83984375
2025-02-19,5461.169921875
2025-02-20,5461.02978515625
2025-02-21,5474.85009765625
2025-02-24,5453.759765625
2025-02-25,5447.89990234375
2025-02-26,5527.990234375
2025-02-27,5472.56005859375
2025-02-28,5463.5400390625
2025-03-03,5540.68994140625
2025-03-04,5387.31005859375
2025-03-05,5489.1201171875
2025-03-06,5520.47021484375
2025-03-07,5468.41015625
2025-03-10,5386.97998046875
2025-03-11,5309.89990234375
2025-03-12,5359.419921875
2025-03-13,5328.39013671875
2025-03-14,5404.18017578125
2025-03-17,5445.5498046875
2025-03-18,5485.009765625
2025-03-19,5507.35986328125
2025-03-20,5450.93017578125
2025-03-21,5423.830078125
2025-03-24,5415.7900390625
2025-03-25,5475.080078125
2025-03-26,5411.68994140625
2025-03-27,5381.080078125
2025-03-28,5331.39990234375
2025-03-31,5248.39013671875
2025-04-01,5320.2998046875
2025-04-02,5303.9501953125
2025-04-03,5113.27978515625
2025-04-04,4878.31005859375
2025-04-07,4656.41015625
2025-04-08,4773.64990234375
2025-04-09,4622.14013671875
2025-04-10,4818.919921875
2025-04-11,4787.22998046875
2025-04-14,4911.39013671875
2025-04-15,4970.43017578125
2025-04-16,4966.5
2025-04-17,4935.33984375
2025-04-22,4961.4501953125
2025-04-23,5098.740234375
2025-04-24,5114.97998046875
2025-04-25,5154.1201171875
2025-04-28,5170.490234375
2025-04-29,5161.89990234375
2025-04-30,5160.22021484375
2025-05-02,5285.18994140625
2025-05-05,5283.0498046875
2025-05-06,5263.3798828125
2025-05-07,5230.18994140625
2025-05-08,5288.93994140625
2025-05-09,5309.740234375
2025-05-12,5392.35986328125
2025-05-13,5416.2099609375
2025-05-14,5403.43994140625
2025-05-15,5412.080078125
2025-05-16,5427.52978515625
2025-05-19,5427.22998046875
2025-05-20,5454.64990234375
2025-05-21,5454.4599609375
2025-05-22,5424.47998046875
2025-05-23,5326.31005859375
2025-05-26,5395.330078125
2025-05-27,5415.4501953125
2025-05-28,5378.39013671875
2025-05-30,5366.58984375
2025-06-02,5355.56005859375
2025-06-03,5375.7001953125
2025-06-04,5405.14990234375
2025-06-05,5410.5498046875
2025-06-06,5430.169921875
2025-06-10,5415.3798828125
2025-06-11,5393.14990234375
2025-06-12,5360.81982421875
2025-06-13,5290.47021484375
2025-06-16,5339.56982421875
2025-06-17,5288.68017578125
2025-06-18,5266.91015625
2025-06-19,5197.02978515625
2025-06-20,5233.580078125
2025-06-23,5221.89990234375
2025-06-24,5297.06982421875
2025-06-25,5252.009765625
2025-06-26,5244.02978515625
2025-06-27,5325.64013671875
2025-06-30,5303.240234375
2025-07-01,5282.43017578125
2025-07-02,5318.72021484375
2025-07-03,5343.14990234375
2025-07-04,5288.81005859375
2025-07-07,5341.5400390625
2025-07-08,5371.9501953125
2025-07-09,5445.64990234375
2025-07-10,5438.27001953125
2025-07-11,5383.47998046875
2025-07-14,5370.85009765625
2025-07-15,5354.169921875
2025-07-16,5298.06982421875
2025-07-17,5377.14990234375
2025-07-18,5359.22998046875
2025-07-21,5342.97998046875
2025-07-22,5290.47998046875
2025-07-23,5344.25
2025-07-24,5355.2001953125
2025-07-25,5352.16015625
2025-07-28,5337.580078125
2025-07-29,5379.2001953125
2025-07-30,5393.18017578125
2025-07-31,5319.919921875
2025-08-04,5242.31982421875
2025-08-05,5249.58984375
2025-08-06,5263.2900390625
2025-08-07,5332.06982421875
2025-08-08,5347.740234375
2025-08-11,5331.85009765625
2025-08-12,5335.97021484375
2025-08-13,5388.25
2025-08-14,5434.7001953125
2025-08-15,5448.60986328125
2025-08-18,5434.64013671875
2025-08-19,5483.27978515625
2025-08-20,5472.31982421875
2025-08-21,5462.16015625
2025-08-22,5488.22998046875
2025-08-25,5443.9599609375
2025-08-26,5383.68017578125
2025-08-27,5393.06982421875
2025-08-28,5396.72998046875
2025-08-29,5351.72998046875
2025-09-01,5367.080078125
2025-09-02,5291.0400390625
2025-09-03,5325.009765625
2025-09-04,5346.7099609375
2025-09-05,5318.14990234375
2025-09-08,5362.81005859375
2025-09-09,5368.81982421875
2025-09-10,5361.47021484375
2025-09-11,5386.77001953125
2025-09-12,5390.7099609375
2025-09-15,5440.39990234375
2025-09-16,5372.31005859375
2025-09-17,5369.7001953125
2025-09-18,5456.669921875
2025-09-19,5458.419921875
2025-09-22,5442.0498046875
2025-09-23,5472.39013671875
2025-09-24,5464.56005859375
2025-09-25,5444.89013671875
2025-09-26,5499.7001953125
2025-09-29,5506.85009765625
2025-09-30,5529.9599609375
2025-10-01,5581.2099609375
2025-10-02,5645.81005859375
2025-10-03,5651.7099609375
2025-10-06,5628.72021484375
2025-10-07,5613.6201171875
2025-10-08,5649.72998046875
2025-10-09,5625.56005859375
