Date,0
2008-01-02,0.0
2008-01-03,-0.5799977164865311
2008-01-04,-2.0692153611855275
2008-01-07,-1.7737466004667581
2008-01-08,0.10063885120418803
2008-01-09,-1.2359482622355316
2008-01-10,-0.17700370557289347
2008-01-11,0.24703372072097807
2008-01-14,0.13827847872401122
2008-01-15,-1.5881149856532204
2008-01-16,-0.9714479907901463
2008-01-17,-0.15448613525267518
2008-01-18,0.4989760008262323
2008-01-21,-3.0765692454655422
2008-01-22,2.486249112238781
2008-01-23,-2.212562518226001
2008-01-24,2.42929190738419
2008-01-25,-0.942332659222842
2008-01-28,0.23393846708057708
2008-01-29,1.423780299934272
2008-01-30,-0.7874542611973467
2008-01-31,0.05500280403303748
2008-02-01,0.9043233778306217
2008-02-04,-0.22526153461448928
2008-02-05,-2.0298848735727546
2008-02-06,0.24768094674414698
2008-02-07,-1.8417676093749193
2008-02-08,-0.24481504674960064
2008-02-11,-0.9416532735043859
2008-02-12,1.1901848646594573
2008-02-13,0.09883919226255244
2008-02-14,1.217393971252605
2008-02-15,-0.5576906096237977
2008-02-18,1.8050362991005713
2008-02-19,0.7072505660095558
2008-02-20,-0.845652384275752
2008-02-21,1.186233700289776
2008-02-22,-0.3677747474331383
2008-02-25,1.8876452408053908
2008-02-26,0.22174145220249386
2008-02-27,-0.03175890873620091
2008-02-28,-1.7509206706955496
2008-02-29,-1.058126120967323
2008-03-03,-0.9422132364810665
2008-03-04,0.34909676907562215
2008-03-05,1.8874582514529479
2008-03-06,-0.7916217905117549
2008-03-07,0.06656970133231255
2008-03-10,0.09252051702773656
2008-03-11,0.6848937381693858
2008-03-12,0.12963582249997785
2008-03-13,-0.3710893669870359
2008-03-14,-0.0382199799435341
2008-03-17,-0.9290916544212919
2008-03-18,1.8016208820706439
2008-03-19,-0.09161805978479975
2008-03-20,0.1676802283822596
2008-03-25,1.8222191297327655
2008-03-26,-0.7734044438770624
2008-03-27,1.1921240404274798
2008-03-28,-0.9931444170676542
2008-03-31,0.024809105376903062
2008-04-01,0.6762486025137378
2008-04-02,0.14564073445289694
2008-04-03,-1.0960727764321732
2008-04-04,0.38230650837581237
2008-04-07,0.7496045080731193
2008-04-08,-0.2932715566537496
2008-04-09,-0.19578243927224293
2008-04-10,0.16080693016203895
2008-04-11,-1.1469502865175158
2008-04-14,0.10738869094786452
2008-04-15,0.1666348585161188
2008-04-16,1.1346813004232388
2008-04-17,-0.20764005119633566
2008-04-18,1.3063142520643893
2008-04-21,-2.2709915297046024
2008-04-22,-0.918786818386927
2008-04-23,1.165554302149772
2008-04-24,-1.8820681342877492
2008-04-25,0.508945374276685
2008-04-28,0.35579734243647465
2008-04-29,-1.1855378285252627
2008-04-30,0.29136866258618
2008-05-02,0.6104037689101744
2008-05-05,0.05392563587987098
2008-05-06,-0.45524286394233826
2008-05-07,0.029187994391577377
2008-05-08,-0.394700377894452
2008-05-09,-0.7320111509481748
2008-05-12,-0.3007136488167603
2008-05-13,0.0026924980676170662
2008-05-14,-0.40532025719323883
2008-05-15,0.43347452728435343
2008-05-16,1.7663482270262065
2008-05-19,1.9102451918974168
2008-05-20,-0.6298047207494974
2008-05-21,-0.3925041152624189
2008-05-22,0.0005076930563419069
2008-05-23,-0.643955180859308
2008-05-26,-0.3016416868077272
2008-05-27,-0.3854778659822955
2008-05-28,0.6457225403171378
2008-05-29,-0.07323794832031183
2008-05-30,0.4158163070386607
2008-06-02,-0.8095363559797306
2008-06-03,1.1466971117592308
2008-06-04,-0.1765939310103235
2008-06-05,0.2692911647467824
2008-06-06,-0.9975595537649156
2008-06-09,-0.41297312216946835
2008-06-10,-0.10226181114130384
2008-06-11,-1.011423513881418
2008-06-12,0.1243914926994023
2008-06-13,0.3840410073469869
2008-06-16,0.7585288316237708
2008-06-17,0.12270046070290164
2008-06-18,-0.8043604626152074
2008-06-19,-0.41959734823785055
2008-06-20,-1.6291658914612697
2008-06-23,0.04138945866422006
2008-06-24,-0.8731634340479459
2008-06-25,-0.055521255618316445
2008-06-26,-1.4403716958896453
2008-06-27,0.021915902186329106
2008-06-30,-0.8269904380502666
2008-07-01,-0.7480494870095669
2008-07-02,-0.3819158290736695
2008-07-03,0.43801432112370975
2008-07-04,-1.0787072692765705
2008-07-07,0.9195731722547436
2008-07-08,-1.1370561877241556
2008-07-09,0.9052461596639887
2008-07-10,-1.8716516493587285
2008-07-11,-0.9856188151557284
2008-07-14,0.19698735128195466
2008-07-15,-0.5025311183309746
2008-07-16,1.2790649903635973
2008-07-17,2.0840207994206033
2008-07-18,0.20282028173041766
2008-07-21,0.3756415977263785
2008-07-22,0.4254741338895087
2008-07-23,1.142952899769604
2008-07-24,-1.1069532414444652
2008-07-25,0.6543573843585833
2008-07-28,-0.784904991506501
2008-07-29,0.0390233876962256
2008-07-30,0.8695848481084596
2008-07-31,0.35664393224315205
2008-08-01,-2.1756358549568375
2008-08-04,-0.17203257274484685
2008-08-05,1.1403065811095772
2008-08-06,0.8162541619701429
2008-08-07,0.382722586435456
2008-08-08,0.5579903782785465
2008-08-11,0.9430663354897391
2008-08-12,-0.4628489547428458
2008-08-13,-1.0849316194130552
2008-08-14,-0.05423758312617366
2008-08-15,0.6640523936517368
2008-08-18,-0.3229408149393578
2008-08-19,-1.008017473471007
2008-08-20,-0.05526655696709071
2008-08-21,-0.7502403423477517
2008-08-22,1.0243343085760372
2008-08-25,-0.8265870437900134
2008-08-26,0.01666270461245034
2008-08-27,-0.7949655621917984
2008-08-28,1.0716622557855615
2008-08-29,-0.2071072518563568
2008-09-01,0.15100709148016023
2008-09-02,1.1471171457194131
2008-09-03,-0.39644013557867197
2008-09-04,-1.3688164289234948
2008-09-05,-1.3684466565634423
2008-09-08,1.029547821379218
2008-09-09,-1.772729946405363
2008-09-10,-0.3265011629681247
2008-09-11,-0.05176328408645148
2008-09-12,0.4571831174933081
2008-09-15,-0.8466276415225273
2008-09-16,0.6105061754706007
2008-09-17,-0.5307951301682685
2008-09-18,-0.510136957125578
2008-09-19,2.9639503509340557
2008-09-22,-1.3911499168017372
2008-09-23,-1.2870791942426614
2008-09-24,0.42980323372580287
2008-09-25,0.2165431653410863
2008-09-26,-0.84139836773873
2008-09-29,-2.3716341215705192
2008-09-30,1.2469627099675904
2008-10-01,0.19328510628649198
2008-10-02,-1.654404387026787
2008-10-03,0.41236682154821125
2008-10-06,-2.7256078913204824
2008-10-07,-0.7933168446156671
2008-10-08,-2.29344425513829
2008-10-09,0.19179386142258537
2008-10-10,-1.9026726255607223
2008-10-13,3.696722454667647
2008-10-14,1.5764589527289168
2008-10-15,-3.8606063821612473
2008-10-16,-1.61690789399292
2008-10-17,0.6509534766027585
2008-10-20,0.3393021193458168
2008-10-21,0.5651525043186929
2008-10-22,-1.8366373171638841
2008-10-23,0.7842135574467868
2008-10-24,-1.5128523666138278
2008-10-27,-1.3838001307137482
2008-10-28,0.23968307636875608
2008-10-29,2.708057382746574
2008-10-30,0.3221726938663707
2008-10-31,0.08102997375292631
2008-11-03,0.4662912204966858
2008-11-04,1.362792012753058
2008-11-05,0.5999117087803469
2008-11-06,-2.297571859868981
2008-11-07,0.23562607827364346
2008-11-10,1.4180184952693402
2008-11-11,-1.4062728920419474
2008-11-12,-0.8418840350135675
2008-11-13,0.7253072434079648
2008-11-14,0.4691510227720457
2008-11-17,-0.71898668544857
2008-11-18,-0.543459912579241
2008-11-19,-0.8075246064657975
2008-11-20,-0.6179042341847172
2008-11-21,-0.6751164552051279
2008-11-24,1.5404831433607526
2008-11-25,0.9247216729897048
2008-11-26,0.38567838642847363
2008-11-27,1.7260444584907155
2008-11-28,-0.4099437438331215
2008-12-01,-1.677386335287995
2008-12-02,0.13599436441490553
2008-12-03,0.5696359576219585
2008-12-04,-0.08413208237823255
2008-12-05,-1.2411578282144227
2008-12-08,3.4647807613260966
2008-12-09,0.7945068920258791
2008-12-10,0.6599891141047749
2008-12-11,-0.14863590842011476
2008-12-12,-0.12679542224670115
2008-12-15,-0.5327414938491017
2008-12-16,0.38050732024132117
2008-12-17,0.7538262587029756
2008-12-18,-0.020717808785228442
2008-12-19,-0.07289697836664999
2008-12-22,-1.5614236137673636
2008-12-23,-0.14822353315659242
2008-12-24,-0.6679839121182134
2008-12-29,0.9242050285098458
2008-12-30,0.691709181428994
2008-12-31,-0.058376458882854365
2009-01-02,1.3959331894354712
2009-01-05,-0.010823286727898562
2009-01-06,1.0371907477827662
2009-01-07,-0.6191871243610763
2009-01-08,0.21330852107130838
2009-01-09,-0.8566672977609322
2009-01-12,-0.16962290885669162
2009-01-13,-1.1522264978052128
2009-01-14,-1.9738501072138277
2009-01-15,-0.7323566022253232
2009-01-16,-0.5278313058850621
2009-01-19,0.2895435519669647
2009-01-20,-0.845061938899974
2009-01-21,-0.5894090144012942
2009-01-22,-0.5167324031096712
2009-01-23,-1.0782525819565087
2009-01-26,0.22961481761255342
2009-01-27,0.908765643312222
2009-01-28,2.6808187234223517
2009-01-29,-0.10172739993534918
2009-01-30,0.5732085078593165
2009-02-02,-0.6375777775549416
2009-02-03,1.3308511432705004
2009-02-04,1.1916719181264632
2009-02-05,0.2893700606564309
2009-02-06,0.7263566458853923
2009-02-09,0.3679303011921462
2009-02-10,-1.378508334700662
2009-02-11,0.36112906329429606
2009-02-12,-0.5700184377817727
2009-02-13,0.25230582885732034
2009-02-16,0.015809948380411498
2009-02-17,-0.5151595549479318
2009-02-18,0.008304823688924046
2009-02-19,1.1531356002618516
2009-02-20,-2.2105063207903335
2009-02-23,0.2222772369104753
2009-02-24,-0.573967217662041
2009-02-25,0.45282420327783157
2009-02-26,-0.6911872374245078
2009-02-27,-0.7105934664005495
2009-03-02,-1.029514369307872
2009-03-03,-0.13238611091755814
2009-03-04,1.9502376008075224
2009-03-05,-1.627776719192024
2009-03-06,-0.4414572282661098
2009-03-09,-0.7996737175389157
2009-03-10,2.0043291046391225
2009-03-11,-0.2732706515897263
2009-03-12,-0.19430667518600586
2009-03-13,0.20460005764895328
2009-03-16,0.5980569180111921
2009-03-17,0.39637832397739814
2009-03-18,-0.28077409610835957
2009-03-19,0.049677774804809616
2009-03-20,-0.10512033877627402
2009-03-23,1.117448037944552
2009-03-24,-0.10212291896914394
2009-03-25,-0.2779831151625274
2009-03-26,0.588970694759702
2009-03-27,0.24999362637004197
2009-03-30,-1.4743029857955676
2009-03-31,0.6948996080170922
2009-04-01,0.3082047892846873
2009-04-02,1.5831550919871624
2009-04-03,0.7832249329806587
2009-04-06,-0.7563767634032565
2009-04-07,-1.195223022664507
2009-04-08,0.08363369075501126
2009-04-09,0.9510999978628121
2009-04-14,0.6046985536154388
2009-04-15,-1.140414291756855
2009-04-16,0.6795723028418301
2009-04-17,0.5510362033263618
2009-04-20,-1.8750990324579462
2009-04-21,0.052848497498604985
2009-04-22,0.9411081921338749
2009-04-23,0.8011770053192464
2009-04-24,1.0766529898528
2009-04-27,0.5283007720250055
2009-04-28,-0.8107696122062933
2009-04-29,0.26450369786453365
2009-04-30,0.9107207538857658
2009-05-04,-1.1867538337552865
2009-05-05,-0.0922678264255481
2009-05-06,-0.2700961382258278
2009-05-07,-1.0358039976767763
2009-05-08,0.5116252110029507
2009-05-11,-0.7199271619880143
2009-05-12,-0.03129229403861089
2009-05-13,-0.17219532502586077
2009-05-14,0.3855311034601243
2009-05-15,-0.35141628568582917
2009-05-18,0.27588503558764543
2009-05-19,1.1753616953032164
2009-05-20,-0.08958057801540775
2009-05-21,-0.6198804882955251
2009-05-22,0.5629007039540781
2009-05-25,-0.15273743262856954
2009-05-26,0.43987038060853223
2009-05-27,0.1250107466079271
2009-05-28,-0.9254777335869377
2009-05-29,-0.6351250810260716
2009-06-01,1.1336755859261736
2009-06-02,-0.3233965415094886
2009-06-03,-0.15402516114240683
2009-06-04,-0.2825485365149554
2009-06-05,-0.005265186433572211
2009-06-08,-0.47448828920778396
2009-06-09,0.40759924218242105
2009-06-10,0.27485209153627466
2009-06-11,0.6345335484563179
2009-06-12,0.5007901421482046
2009-06-15,-1.260213349593105
2009-06-16,0.18947071451269082
2009-06-17,-1.2366338762424007
2009-06-18,0.24697850579417135
2009-06-19,0.5779638696550542
2009-06-22,-0.3166589785720362
2009-06-23,-0.4370210000395396
2009-06-24,0.8594202963091178
2009-06-25,-0.04590576241935551
2009-06-26,-0.22898569707260208
2009-06-29,1.1774941119968148
2009-06-30,-0.37260185650981015
2009-07-01,0.5372374032630525
2009-07-02,-1.0338368306247787
2009-07-03,0.29230664476436985
2009-07-06,-0.7994166269651082
2009-07-07,-0.08280977170247894
2009-07-08,-0.1395761899089436
2009-07-09,0.24609601529629543
2009-07-10,-0.4045300104278873
2009-07-13,0.7649394187990666
2009-07-14,0.4618091980638539
2009-07-15,1.2861894690445759
2009-07-16,0.5023195230541688
2009-07-17,0.02386182480777066
2009-07-20,0.24820454439020523
2009-07-21,0.8450690455155367
2009-07-22,-0.573205788016196
2009-07-23,0.21434728496732802
2009-07-24,0.046536927835450825
2009-07-27,0.5591213406105062
2009-07-28,-0.21520125659063893
2009-07-29,-0.09817694524977227
2009-07-30,0.6408110362185724
2009-07-31,1.8016231950265365
2009-08-03,0.3219535384100034
2009-08-04,0.4165189232123012
2009-08-05,-0.546503484076176
2009-08-06,0.38809967498823283
2009-08-07,-0.0993862198452291
2009-08-10,-0.0122359276809334
2009-08-11,-0.39950730362222586
2009-08-12,0.20277080039021556
2009-08-13,0.378663662911908
2009-08-14,-0.44083737181727756
2009-08-17,-0.6586357716637039
2009-08-18,0.3198419054314634
2009-08-19,0.007565205133559516
2009-08-20,0.4055024536083458
2009-08-21,1.4583138487893166
2009-08-24,0.5202092266320193
2009-08-25,0.1285318707440979
2009-08-26,-1.1399874544414885
2009-08-27,-0.1783389772861952
2009-08-28,0.04344500246359928
2009-08-31,-0.5155510205702569
2009-09-01,-0.13611136964555115
2009-09-02,-0.3936502230589234
2009-09-03,-0.08769761011021515
2009-09-04,0.32342828610612884
2009-09-07,0.5012273869684201
2009-09-08,0.8026536861252538
2009-09-09,1.2593744165999823
2009-09-10,0.7659707850756448
2009-09-11,0.022857256045597296
2009-09-14,0.2615510916535797
2009-09-15,0.151865834525843
2009-09-16,0.5195922014571934
2009-09-17,0.9959726350712828
2009-09-18,0.060489154100551445
2009-09-21,-0.9161167347868968
2009-09-22,0.47432104626147265
2009-09-23,0.4179523650373298
2009-09-24,-0.9994660516846849
2009-09-25,-0.5249161102362834
2009-09-28,0.4339235601707401
2009-09-29,-0.4504549237565669
2009-09-30,-0.5642062910176833
2009-10-01,-0.7817503391668836
2009-10-02,-0.7482085492791768
2009-10-05,0.20423540233538517
2009-10-06,1.3313121105910426
2009-10-07,0.23737881989345055
2009-10-08,0.9840664003400406
2009-10-09,0.070778857348472
2009-10-12,0.9839688785250118
2009-10-13,-0.6902089656419932
2009-10-14,1.915790036884509
2009-10-15,0.044531950891176564
2009-10-16,-0.18912600136519586
2009-10-19,0.9503712998907758
2009-10-20,-0.8546293290859595
2009-10-21,0.14290592408497105
2009-10-22,-1.1222790591334828
2009-10-23,-0.3524669973951262
2009-10-26,-0.6841245556925273
2009-10-27,0.3485477754115749
2009-10-28,-0.9981477524109081
2009-10-29,1.0909398596730355
2009-10-30,-0.8836179567840077
2009-11-02,0.3456635677963007
2009-11-03,-0.5489062458891993
2009-11-04,0.35131893283180204
2009-11-05,1.273091841447318
2009-11-06,-0.29015513371692236
2009-11-09,0.6898911048732899
2009-11-10,0.308219514787865
2009-11-11,-0.03616918864292984
2009-11-12,0.32302288201638163
2009-11-13,-0.39071578301981447
2009-11-16,0.9927941879183848
2009-11-17,-0.4644585911440302
2009-11-18,0.3712973809560509
2009-11-19,-0.5611486659905154
2009-11-20,-0.39903948280090873
2009-11-23,0.8863029206282604
2009-11-24,-0.452943791015322
2009-11-25,0.42346218184305684
2009-11-26,-1.5100723932429148
2009-11-27,0.29093766185277303
2009-11-30,-0.5788405197225472
2009-12-01,1.306673532761998
2009-12-02,0.3976468568437781
2009-12-03,-0.015668392747528515
2009-12-04,1.001099525812883
2009-12-07,-0.417803937844738
2009-12-08,-0.5359576109139041
2009-12-09,-0.4957391095439476
2009-12-10,0.1055365972790483
2009-12-11,0.2067281269683079
2009-12-14,0.1736169603933888
2009-12-15,-0.007368688130270584
2009-12-16,0.7408985040470668
2009-12-17,0.019626355480724555
2009-12-18,-0.19784349434247872
2009-12-21,0.3512550512949275
2009-12-22,0.8199643782766088
2009-12-23,0.12883697247186632
2009-12-24,-0.1539128755476611
2009-12-28,0.5370034662214778
2009-12-29,0.4906592752821908
2009-12-30,-0.0006204097046307311
2009-12-31,0.4883578392929948
2010-01-04,0.39526853235423687
2010-01-05,-0.19087299272835878
2010-01-06,-0.44539647703277296
2010-01-07,-0.08897285555189427
2010-01-08,-0.35444756386598186
2010-01-11,0.16624279059559655
2010-01-12,-0.743300764425328
2010-01-13,-0.2670468856917907
2010-01-14,0.3836161198953505
2010-01-15,-0.65595479479029
2010-01-18,0.4831644640098389
2010-01-19,0.25871192230869866
2010-01-20,-1.1122844304538617
2010-01-21,-0.348479687315276
2010-01-22,-0.13524856429208398
2010-01-25,-0.20204107148637718
2010-01-26,0.07277454967548636
2010-01-27,-0.15445577873113336
2010-01-28,-1.335625901504926
2010-01-29,0.5909315461304203
2010-02-01,-0.0037390306888482883
2010-02-02,0.816467015420983
2010-02-03,0.11500625158873845
2010-02-04,-0.8763941393115999
2010-02-05,-1.380815507512537
2010-02-08,0.18961496210406636
2010-02-09,0.0042004791312919565
2010-02-10,0.4277704373238791
2010-02-11,-0.026648529805910925
2010-02-12,-0.6353654498787691
2010-02-15,0.022528437085654218
2010-02-16,0.4899594319930429
2010-02-17,1.4047669332393795
2010-02-18,1.6456971051273257
2010-02-19,0.986784573769178
2010-02-22,-0.03946998351271702
2010-02-23,-0.9333994568500401
2010-02-24,0.17320140049219646
2010-02-25,-0.9617364508319355
2010-02-26,0.4447920859614314
2010-03-01,0.8145710663394468
2010-03-02,0.3064942871228027
2010-03-03,0.5362271905164135
2010-03-04,-0.05675763980723758
2010-03-05,0.6107226798024641
2010-03-08,-0.11367691422294968
2010-03-09,0.2176919643112356
2010-03-10,1.2521055218134833
2010-03-11,-0.025912772148473096
2010-03-12,0.3655760168418851
2010-03-15,-0.7048861599654686
2010-03-16,0.5953389909202045
2010-03-17,0.668383575827967
2010-03-18,-0.4130926417762808
2010-03-19,0.06506655038128883
2010-03-22,0.03185064885996525
2010-03-23,0.09347462473645152
2010-03-24,-0.18748051470131344
2010-03-25,0.5651904306121907
2010-03-26,-0.28258199872793455
2010-03-29,-0.1287495069690081
2010-03-30,-0.20111850806652143
2010-03-31,0.6681181569145167
2010-04-01,0.495822390405813
2010-04-06,0.3986470880110673
2010-04-07,-0.08588482268345388
2010-04-08,-0.5754094245287575
2010-04-09,0.44942900376835127
2010-04-12,0.044352005974069186
2010-04-13,-0.7888496139225012
2010-04-14,0.09602564432552896
2010-04-15,0.05351306955370916
2010-04-16,-0.7679915235129897
2010-04-19,-0.12224479900665841
2010-04-20,1.9033277090769545
2010-04-21,-0.4245539856152618
2010-04-22,-0.8409572140964059
2010-04-23,0.37359704494168255
2010-04-26,1.0540663715452467
2010-04-27,-1.859375594616914
2010-04-28,-1.0514301320676793
2010-04-29,1.352042244184716
2010-04-30,-0.22018102839633968
2010-05-03,-0.06899232795016985
2010-05-04,-2.690475417818554
2010-05-05,-0.37373909626985835
2010-05-06,-0.12944883610276037
2010-05-07,-0.6768387172775903
2010-05-10,1.8524165419398742
2010-05-11,-0.00303536977305896
2010-05-12,1.0224534693170995
2010-05-13,0.019757822079235154
2010-05-14,-1.8948754129462273
2010-05-17,-0.657946007257344
2010-05-18,1.4553922203837857
2010-05-19,-1.2802976338363763
2010-05-20,-0.9810465638386603
2010-05-21,0.21460055187613136
2010-05-24,0.011034273214704626
2010-05-25,-1.5331414173738622
2010-05-26,1.4443849492641405
2010-05-27,1.9638940109914955
2010-05-28,-0.34825246625792516
2010-05-31,0.4259813641078054
2010-06-01,0.42912226306849277
2010-06-02,-0.005546714382397511
2010-06-03,1.302129568063485
2010-06-04,-0.12794235957743183
2010-06-07,-0.44764853452783626
2010-06-08,0.047019589171654275
2010-06-09,0.9981624643435012
2010-06-10,1.415750438904034
2010-06-11,-0.5654285578102645
2010-06-14,1.0273158886158669
2010-06-15,0.39820142744429177
2010-06-16,0.19976967570839577
2010-06-17,-0.3935782668770855
2010-06-18,0.6977163421262418
2010-06-21,0.8205710049283184
2010-06-22,-0.6443361957440885
2010-06-23,-1.268546517592874
2010-06-24,-1.5489284470123934
2010-06-25,0.005388263899099854
2010-06-28,0.5975778450603784
2010-06-29,-1.7909108461697798
2010-06-30,-0.028170917695945263
2010-07-01,-1.4764792220079954
2010-07-02,-0.3862578517228883
2010-07-05,-0.0874691559940004
2010-07-06,0.9141550928387403
2010-07-07,0.2454918870039009
2010-07-08,0.4710184819833927
2010-07-09,1.0726117611832962
2010-07-12,0.3832859618676565
2010-07-13,0.9986322503173355
2010-07-14,0.5266799835568889
2010-07-15,-0.8406171115180925
2010-07-16,-0.9001882555154239
2010-07-19,-0.30376046921903566
2010-07-20,-0.9129131434340252
2010-07-21,-0.028264357030792553
2010-07-22,2.5499419768171094
2010-07-23,0.7455842207003656
2010-07-26,0.5015972701890377
2010-07-27,-0.762859580827552
2010-07-28,-0.5548924340624879
2010-07-29,-0.5297482110415004
2010-07-30,0.9301357374700814
2010-08-02,1.2258630883771815
2010-08-03,0.30244463971353497
2010-08-04,0.0006140185855301183
2010-08-05,0.6612176110326757
2010-08-06,-0.5909364542964823
2010-08-09,0.887270291583313
2010-08-10,-1.1899408422836686
2010-08-11,-1.1673863281399761
2010-08-12,0.03864827861541187
2010-08-13,-0.7298890257431765
2010-08-16,0.2819331471258266
2010-08-17,0.832351228112465
2010-08-18,0.21185704723122
2010-08-19,-1.1831444206233286
2010-08-20,-0.725877846275921
2010-08-23,0.6708662081873555
2010-08-24,-1.7454727258957874
2010-08-25,-0.5476366465837259
2010-08-26,0.10268525288212516
2010-08-27,0.16584014313887963
2010-08-30,-0.482781519331688
2010-08-31,0.31057098042478515
2010-09-01,1.942936058832636
2010-09-02,-0.4123957492860839
2010-09-03,-0.07115016829671106
2010-09-06,0.19394521079787808
2010-09-07,-0.24919063537586794
2010-09-08,0.1851775205701074
2010-09-09,0.9441175017779599
2010-09-10,0.5667462393769824
2010-09-13,0.833807083666187
2010-09-14,0.1291657620159654
2010-09-15,0.1189518951736872
2010-09-16,0.6948613480022061
2010-09-17,0.026318219675573573
2010-09-20,0.6309642125619774
2010-09-21,-0.8388325831852441
2010-09-22,-0.6657840575639327
2010-09-23,-0.03189962573861038
2010-09-24,1.5145848689315855
2010-09-27,-0.9679319598248455
2010-09-28,0.8348042646105753
2010-09-29,-0.29078165910501497
2010-09-30,0.22464814016591816
2010-10-01,0.06587583264396812
2010-10-04,-0.6572906239271816
2010-10-05,1.0813354255425338
2010-10-06,1.5489419176071522
2010-10-07,-0.2337103387379642
2010-10-08,-0.3726371621861446
2010-10-11,0.4778898615142353
2010-10-12,-0.18276827411203556
2010-10-13,1.645611910920742
2010-10-14,0.9120970465960028
2010-10-15,1.3209187332433032
2010-10-18,-0.546825884596629
2010-10-19,-0.9569994300057587
2010-10-20,0.5165223468730389
2010-10-21,1.0052531308250607
2010-10-22,-0.21606908062965857
2010-10-25,-0.3148991464622597
2010-10-26,-0.022770321387632464
2010-10-27,-0.3872880755907957
2010-10-28,0.12324579362197596
2010-10-29,0.19137287984354145
2010-11-01,1.033593066417751
2010-11-02,0.5108694641565776
2010-11-03,-1.0428400516787732
2010-11-04,1.3643600009979266
2010-11-05,0.2160352567908106
2010-11-08,0.15667670048175353
2010-11-09,-0.3196648445303296
2010-11-10,-0.945027150058209
2010-11-11,0.22777265924645462
2010-11-12,-0.17867869677463233
2010-11-15,0.8989247480718134
2010-11-16,-1.9854317644601593
2010-11-17,0.863265531317559
2010-11-18,2.9787491249012987
2010-11-19,0.991426415813315
2010-11-22,0.24523483263127588
2010-11-23,-1.8824193660144815
2010-11-24,0.973464130723201
2010-11-25,-0.016626575861323545
2010-11-26,0.10637209723499552
2010-11-29,-1.0852713232162472
2010-11-30,0.6440733171524329
2010-12-01,1.452150788000722
2010-12-02,2.3462607640975577
2010-12-03,-0.8594525053080275
2010-12-06,1.6323101916454732
2010-12-07,0.9159288990681347
2010-12-08,-1.1509725182737256
2010-12-09,-0.6493666732061172
2010-12-10,0.8313237678592884
2010-12-13,1.580661475123776
2010-12-14,-0.327264811244234
2010-12-15,-0.7641896132459465
2010-12-16,-0.6479660210735076
2010-12-17,-0.30918247532179066
2010-12-20,0.41650046155335474
2010-12-21,0.23701779032475656
2010-12-22,0.07596605212552276
2010-12-23,-0.2445221049752817
2010-12-27,-0.9591014008639078
2010-12-28,-0.15107735326905214
2010-12-29,0.5594328229200656
2010-12-30,-0.9703026078025871
2011-01-03,1.415626024702867
2011-01-04,0.6492709212547254
2011-01-05,-0.9026079312590696
2011-01-06,-0.6574103614552769
2011-01-07,0.31608064062393026
2011-01-10,-0.830461415432552
2011-01-11,1.0879318148387895
2011-01-12,-0.11611700545777381
2011-01-13,0.9968662436723505
2011-01-14,-0.34238519027698544
2011-01-17,-0.5119284434721294
2011-01-18,0.5120190727969174
2011-01-19,-1.0505133453144637
2011-01-20,-2.2959809703579808
2011-01-21,1.415068166653036
2011-01-24,-1.0583156884827716
2011-01-25,0.7436946850131889
2011-01-26,1.7800573256714998
2011-01-27,0.20590373299044984
2011-01-28,-0.4268470354088123
2011-01-31,-0.6340989901177423
2011-02-01,0.34806788824714374
2011-02-02,-2.001056915062719
2011-02-03,-0.3078759856861595
2011-02-04,0.7764598521407322
2011-02-07,-0.5049866138580725
2011-02-08,0.7924233872619268
2011-02-09,0.540993106917135
2011-02-10,0.13310488322307634
2011-02-11,0.5338856183701921
2011-02-14,0.37347518589024276
2011-02-15,-0.28728938521315683
2011-02-16,0.0665919327089739
2011-02-17,1.4712022500872806
2011-02-18,0.6635685280615178
2011-02-21,-1.2681503299669288
2011-02-22,-0.4994044067303136
2011-02-23,-1.0040940830360583
2011-02-24,0.3898801867062929
2011-02-25,1.3071240103545207
2011-02-28,1.3372334992463024
2011-03-01,0.31247773489501895
2011-03-02,-0.7863717976054119
2011-03-03,1.917008901409453
2011-03-04,-1.2074443872449123
2011-03-07,-0.7737453426969836
2011-03-08,-0.6317340734531598
2011-03-09,-0.049080899118763455
2011-03-10,-0.9622824237791647
2011-03-11,-0.4897405205424903
2011-03-14,-0.8533623494588412
2011-03-15,-1.2968943636454853
2011-03-16,-2.199300037415412
2011-03-17,1.9254845764737212
2011-03-18,1.555443642519407
2011-03-21,1.486710043897567
2011-03-22,0.5354997697872932
2011-03-23,0.14875077237365275
2011-03-24,0.8785307732504677
2011-03-25,0.0033048873520158395
2011-03-28,-0.08711533140368743
2011-03-29,0.3604642801961404
2011-03-30,0.9564664735285788
2011-03-31,-0.07471171324343118
2011-04-01,1.2672871538749604
2011-04-04,0.10791351334025023
2011-04-05,0.18793199366394475
2011-04-06,-0.12684299810219812
2011-04-07,-1.9777324258274191
2011-04-08,1.053820713705349
2011-04-11,-2.2543668864327913
2011-04-12,-1.977762883366907
2011-04-13,-0.3175736717124167
2011-04-14,-1.6755229903078757
2011-04-15,-0.2447045554370888
2011-04-18,-0.6376440392838205
2011-04-19,1.5808736273261985
2011-04-20,1.2397942088915528
2011-04-21,1.5636643959712657
2011-04-26,0.1709106477555764
2011-04-27,1.0486749238056632
2011-04-28,1.3242128102057507
2011-04-29,-0.9673529064440487
2011-05-02,-0.33297661834342307
2011-05-03,-0.4273965242390503
2011-05-04,-1.3896776982986623
2011-05-05,-0.43107619786533036
2011-05-06,1.0102067350091488
2011-05-09,-1.2155258210227373
2011-05-10,0.6258570620932318
2011-05-11,0.08772257996110966
2011-05-12,-0.8586455837894391
2011-05-13,-0.9505965526374425
2011-05-16,0.14107573731506307
2011-05-17,-0.6501334619250443
2011-05-18,0.5822614930706109
2011-05-19,0.7384645078511696
2011-05-20,-0.5930629052217995
2011-05-23,-1.8533875316180826
2011-05-24,0.2328749215889161
2011-05-25,-0.38764922734104346
2011-05-26,0.8525662614408915
2011-05-27,-0.34945191685157084
2011-05-30,0.31581323688904916
2011-05-31,2.010498865613606
2011-06-01,-0.6739465848556208
2011-06-02,-0.8558412756760347
2011-06-03,-0.037702551172969834
2011-06-06,0.14569049365692166
2011-06-07,0.2520030485537461
2011-06-08,-0.8303058452022469
2011-06-09,1.6478580096858124
2011-06-10,-1.633379036578205
2011-06-13,0.03254542471680821
2011-06-14,0.931677770445063
2011-06-15,-1.0327312250405498
2011-06-16,-0.17955714132918388
2011-06-17,0.22778935956003465
2011-06-20,-0.5224911303431199
2011-06-21,1.778335453828177
2011-06-22,-1.3432713882409004
2011-06-23,-1.3186316869740722
2011-06-24,0.31995612754688807
2011-06-27,0.5090792162328412
2011-06-28,0.13560189581487947
2011-06-29,1.5650170642251524
2011-06-30,1.0935099790906264
2011-07-01,1.1471442898988755
2011-07-04,-0.03222976682543077
2011-07-05,-0.8255035458044944
2011-07-06,0.36111401262299836
2011-07-07,-1.062987888571861
2011-07-08,-1.0491706369406444
2011-07-11,-1.86699021004069
2011-07-12,-0.7805442730294629
2011-07-13,0.5680108600737199
2011-07-14,-1.051598725258856
2011-07-15,-1.1070274439142622
2011-07-18,-1.1906602814482312
2011-07-19,1.3596832648563932
2011-07-20,0.27361087535800266
2011-07-21,0.1826776550103233
2011-07-22,0.43788622244107955
2011-07-25,0.4820042874331776
2011-07-26,-0.965842410507733
2011-07-27,-1.5809023675771172
2011-07-28,0.038061718990725524
2011-07-29,-0.8375333848970357
2011-08-01,-0.6376879695371116
2011-08-02,-2.214278689758615
2011-08-03,-1.2716596654252612
2011-08-04,-1.9427631668133643
2011-08-05,0.1667546951543386
2011-08-08,-2.9607983522971395
2011-08-09,2.0964860328531003
2011-08-10,-3.3245912159626982
2011-08-11,2.407248239871244
2011-08-12,3.5581552479644785
2011-08-15,-0.45558923026338505
2011-08-16,0.6138954168352342
2011-08-17,-0.18872668617942878
2011-08-18,-3.6833646909392286
2011-08-19,-0.9297825621031777
2011-08-22,-0.6164864393931353
2011-08-23,0.7953035552918308
2011-08-24,1.4281365072547203
2011-08-25,0.07675931559333549
2011-08-26,-0.28885083977335313
2011-08-29,0.5408214524166723
2011-08-30,-0.05269035207854955
2011-08-31,1.7593293402736165
2011-09-01,0.4004545076950663
2011-09-02,-2.568765510363747
2011-09-05,-2.3083885680936262
2011-09-06,-1.738076987129638
2011-09-07,1.3771237839899584
2011-09-08,-0.47709964409623495
2011-09-09,-2.1708372099410056
2011-09-12,-1.1472224808232454
2011-09-13,1.0413570764775812
2011-09-14,2.1047982102662175
2011-09-15,1.0562897224461807
2011-09-16,-1.1755670612204767
2011-09-19,-0.7779373012353901
2011-09-20,1.2288831153291895
2011-09-21,-0.8537259519689968
2011-09-22,-2.8770701558035725
2011-09-23,-0.5688265670619472
2011-09-26,0.27818510324168955
2011-09-27,2.075017603541788
2011-09-28,-0.9137783076213282
2011-09-29,1.2039381353247407
2011-09-30,0.4019524549600604
2011-10-03,-0.9419172533823357
2011-10-04,-1.5945363201214562
2011-10-05,2.6345288994495633
2011-10-06,2.617255460114251
2011-10-07,0.907212509506536
2011-10-10,1.4854291933081996
2011-10-11,-1.5747631943397593
2011-10-12,1.871244963954446
2011-10-13,-0.2265944046600481
2011-10-14,1.0529842426173133
2011-10-17,-1.5771988533038837
2011-10-18,0.31913940658824913
2011-10-19,-0.46874477894034783
2011-10-20,-3.358993480868932
2011-10-21,0.9096346819270593
2011-10-24,1.2194598317418865
2011-10-25,-0.882534055504081
2011-10-26,-0.13457996404268613
2011-10-27,3.216492819978768
2011-10-28,-0.2156067674820008
2011-10-31,-2.5637575225209304
2011-11-01,-3.082405169382305
2011-11-02,0.693320671325182
2011-11-03,1.490860244211916
2011-11-04,-1.9156013207973572
2011-11-07,-1.0455903532649344
2011-11-08,0.9787652184837157
2011-11-09,-1.2526391340848377
2011-11-10,-0.46268557299837454
2011-11-11,2.5178099742090723
2011-11-14,-0.8676360346891769
2011-11-15,-0.7463582073306654
2011-11-16,0.030704991093053025
2011-11-17,-0.9537915410544286
2011-11-18,0.0604055688326639
2011-11-21,-2.3194923033775368
2011-11-22,0.07086762994520512
2011-11-23,-1.2538790900498213
2011-11-24,0.1456775122568672
2011-11-25,-0.0242939796968642
2011-11-28,3.0841445500361715
2011-11-29,1.1119173068086852
2011-11-30,2.2447642808365202
2011-12-01,-0.33070131427764693
2011-12-02,0.8133604672755865
2011-12-05,0.40660527766505083
2011-12-06,-0.6280858082539851
2011-12-07,-0.5402714449950636
2011-12-08,-1.6538864090461445
2011-12-09,1.9815809852020863
2011-12-12,-1.7923572427930665
2011-12-13,-0.7365228143198266
2011-12-14,-1.8803225818521483
2011-12-15,0.11475741147274476
2011-12-16,-0.33669943221232046
2011-12-19,-0.3666326778260611
2011-12-20,1.9429990309067904
2011-12-21,-0.5916045881929008
2011-12-22,0.05640981040838966
2011-12-23,0.17074719727422405
2011-12-27,0.3983591626563552
2011-12-28,-0.3661357853772387
2011-12-29,1.2425035092571974
2011-12-30,0.7986896468778468
2012-01-02,0.9691591187600608
2012-01-03,1.7889788408570269
2012-01-04,-1.0104641557071758
2012-01-05,0.5713902345724264
2012-01-06,-0.11862932557263406
2012-01-09,0.2343974234712931
2012-01-10,1.8323669401515517
2012-01-11,0.5847294673116465
2012-01-12,0.15264133122904866
2012-01-13,0.7074152753057561
2012-01-16,-0.2693184588955333
2012-01-17,2.26873516862765
2012-01-18,-0.1324628758878177
2012-01-19,1.4147890251010793
2012-01-20,-0.27048174495816113
2012-01-23,0.45011064308980764
2012-01-24,-0.15630379791317495
2012-01-25,-0.2322802904291592
2012-01-26,1.1377089769957465
2012-01-27,-1.5328899501634652
2012-01-30,-0.9429692030689552
2012-01-31,0.48781690527028587
2012-02-01,0.7128247361165663
2012-02-02,0.41337938418374165
2012-02-03,1.3164347699619583
2012-02-06,-0.9758926389696612
2012-02-07,-0.5427063366720262
2012-02-08,-0.34015008666407454
2012-02-09,0.021985140697474037
2012-02-10,-0.5745815887933432
2012-02-13,0.2796531147495358
2012-02-14,-0.26249903293273036
2012-02-15,-0.5416785395241277
2012-02-16,-0.48010927545110604
2012-02-17,1.3426151995086357
2012-02-20,1.4826496447032724
2012-02-21,-1.4191200694870716
2012-02-22,2.96308960829019
2012-02-23,-0.18838262837999764
2012-02-24,0.7146461174563115
2012-02-27,-1.108831207412912
2012-02-28,0.6956679359486699
2012-02-29,0.4210212444106105
2012-03-01,1.287154864051253
2012-03-02,0.11693912374309434
2012-03-05,-0.813508574980915
2012-03-06,-2.8392016182178494
2012-03-07,0.16210907230054517
2012-03-08,1.8389583843950916
2012-03-09,-0.5416241630534913
2012-03-12,0.2588104826054547
2012-03-13,1.1451834615597107
2012-03-14,-0.46534704506466795
2012-03-15,1.4654044146354508
2012-03-16,0.5559424280814511
2012-03-19,-0.10544702924114802
2012-03-20,-1.8597730689881757
2012-03-21,0.4325537510398263
2012-03-22,-2.2348626462606944
2012-03-23,0.26063503432732205
2012-03-26,0.6498642436040925
2012-03-27,0.5876165849677548
2012-03-28,-1.4076117368476275
2012-03-29,-0.7907288454117065
2012-03-30,0.09185619286881064
2012-04-02,0.570855071156636
2012-04-03,-1.1354192904525249
2012-04-04,-2.026633507142982
2012-04-05,0.6950994652363391
2012-04-10,-2.1097097515730425
2012-04-11,0.438327457973827
2012-04-12,1.6538341165911703
2012-04-13,-1.5823196582139758
2012-04-16,0.4176600203348002
2012-04-17,2.122972862763028
2012-04-18,-0.7388912542752877
2012-04-19,-0.08968839717250177
2012-04-20,-0.041532658875624406
2012-04-23,-2.2607165512191543
2012-04-24,1.2400452125214372
2012-04-25,0.5751619786733642
2012-04-26,0.3151283058426557
2012-04-27,0.6381741146014264
2012-04-30,-1.415278249705345
2012-05-02,0.33775209623800606
2012-05-03,-0.21736875905882158
2012-05-04,-1.1250239111907234
2012-05-07,0.9534639648778835
2012-05-08,-2.0076609379057615
2012-05-09,-0.09989862493844015
2012-05-10,0.4822630077735326
2012-05-11,-1.260024659830222
2012-05-14,-1.2524343818252035
2012-05-15,-0.4932624535223624
2012-05-16,0.3482076988290217
2012-05-17,-0.49660605817146575
2012-05-18,0.3423165655957163
2012-05-21,0.15951756447633159
2012-05-22,1.4702265896881173
2012-05-23,-1.5176844943370256
2012-05-24,0.7198114747846063
2012-05-25,-0.27314981100605706
2012-05-28,0.495341189144888
2012-05-29,1.1395400470234236
2012-05-30,-1.3859383243582357
2012-05-31,-0.253331178670841
2012-06-01,-1.276906221583907
2012-06-04,0.3655132739478546
2012-06-05,0.05688505652837961
2012-06-06,1.785919407265773
2012-06-07,0.11794098052960322
2012-06-08,-0.7088348900840344
2012-06-11,0.2589093758251053
2012-06-12,0.2368157146474914
2012-06-13,-2.3383494592136387
2012-06-14,-0.9755344235649019
2012-06-15,1.3214752046438676
2012-06-18,-0.06838146398875011
2012-06-19,1.3156245080716147
2012-06-20,0.1962867397190564
2012-06-21,-0.32777514758410575
2012-06-22,-0.8113737855455909
2012-06-25,-1.1810902069107243
2012-06-26,-1.2466492844988366
2012-06-27,0.5961689775359744
2012-06-28,-0.1495146001798915
2012-06-29,3.1668804658058676
2012-07-02,0.474588301644161
2012-07-03,1.0072943492915556
2012-07-04,0.2189678940373625
2012-07-05,-0.7413483741271776
2012-07-06,-1.051661291235618
2012-07-09,-0.5737181717212749
2012-07-10,0.23512684552119367
2012-07-11,-0.4742480136075926
2012-07-12,-0.5491359921329888
2012-07-13,0.7420910105285898
2012-07-16,0.28667555782936915
2012-07-17,0.15892061013389736
2012-07-18,0.7833134860115578
2012-07-19,0.3373700369949262
2012-07-20,-0.974685586010331
2012-07-23,-1.809266196963442
2012-07-24,0.21655687706294202
2012-07-25,-0.01669982637638867
2012-07-26,2.5685316181318
2012-07-27,1.252292753495361
2012-07-30,1.8730484928741902
2012-07-31,-1.0328689521525263
2012-08-01,2.3347880585317924
2012-08-02,-1.7119716721730427
2012-08-03,3.381336352096561
2012-08-06,1.4295832887038245
2012-08-07,0.271881759018342
2012-08-08,-1.803635737485159
2012-08-09,0.29213913087060916
2012-08-10,-0.5958244964998585
2012-08-13,-0.3024394723390458
2012-08-14,0.7659849391468327
2012-08-15,-0.14639896179627954
2012-08-16,0.9585956143313723
2012-08-17,0.8282879509451107
2012-08-20,0.2682757555994044
2012-08-21,0.6765658567955555
2012-08-22,-1.4487469749067117
2012-08-23,-0.6113334997439566
2012-08-24,-0.2499503323140857
2012-08-27,0.5035635819785327
2012-08-28,-0.8800817172859539
2012-08-29,0.22907018111083488
2012-08-30,-0.7430524316766594
2012-08-31,1.163650999372365
2012-09-03,0.7125768848196188
2012-09-04,-1.5028041461372084
2012-09-05,-0.16692794895924123
2012-09-06,2.1728636994074435
2012-09-07,0.9080354929275174
2012-09-10,-0.9180412573451449
2012-09-11,-0.09796083235828945
2012-09-12,1.0082526890297032
2012-09-13,-1.7935110786837072
2012-09-14,2.3038601898963265
2012-09-17,-1.0978484056205033
2012-09-18,-1.3493616074437895
2012-09-19,-1.1464018542685608
2012-09-20,-0.2557532829794624
2012-09-21,-0.12853929362655236
2012-09-24,-0.44959436267553343
2012-09-25,0.39723101178275755
2012-09-26,-1.8203072961781928
2012-09-27,0.7251173909532653
2012-09-28,-2.0371525741188563
2012-10-01,1.8148873248735384
2012-10-02,0.33309417399841834
2012-10-03,0.3221979765067928
2012-10-04,0.16807964989232005
2012-10-05,1.8907644192626165
2012-10-08,-1.2686225899164612
2012-10-09,-0.4843512861974304
2012-10-10,-0.7261066742774958
2012-10-11,0.1210922900655973
2012-10-12,-0.6422644153739796
2012-10-15,0.1465952983987151
2012-10-16,1.396530118829297
2012-10-17,0.9137744834213137
2012-10-18,0.5875175913428947
2012-10-19,-0.5276687713050165
2012-10-22,0.07794922353576794
2012-10-23,-1.7114376146733576
2012-10-24,0.4577196702280233
2012-10-25,-0.818135914392002
2012-10-26,0.23539592231286832
2012-10-29,-0.41831530784079973
2012-10-30,0.4800192488262951
2012-10-31,0.03520022425455949
2012-11-01,1.2172709761025189
2012-11-02,0.8223276854933133
2012-11-05,-0.23441759564646247
2012-11-06,1.2189384623839103
2012-11-07,-1.3238981786749306
2012-11-08,-0.21452218236291287
2012-11-09,0.6182190086591675
2012-11-12,-0.47859358516279826
2012-11-13,0.044926041105718184
2012-11-14,-0.8071523336216657
2012-11-15,-0.13692952933524083
2012-11-16,-0.44973601952244024
2012-11-19,2.4417085591630894
2012-11-20,0.48042359210053576
2012-11-21,0.5185457898134658
2012-11-22,0.5990438546067551
2012-11-23,0.959576031630867
2012-11-26,-1.1162755361253147
2012-11-27,0.05151098140125043
2012-11-28,0.04834172546061666
2012-11-29,1.4238300869566913
2012-11-30,0.7841392258202688
2012-12-03,0.05249951249368934
2012-12-04,0.15667147015065552
2012-12-05,-0.3118017068832444
2012-12-06,0.3291795392008581
2012-12-07,-0.10001378545521078
2012-12-10,0.012588602173444485
2012-12-11,0.5866378533612675
2012-12-12,-0.29629202025518
2012-12-13,-0.054243956701078844
2012-12-14,0.7629043169944723
2012-12-17,0.054689798001561485
2012-12-18,0.4827733028367618
2012-12-19,0.6516800720469647
2012-12-20,0.059652974027166294
2012-12-21,-0.44452534336319616
2012-12-27,0.32369366995219195
2012-12-28,-1.3122073289637513
2013-01-02,2.0973679982718707
2013-01-03,-0.2607762613653932
2013-01-04,0.09808731248715219
2013-01-07,-0.30574739826851527
2013-01-08,0.041521254844504085
2013-01-09,0.03528201737404402
2013-01-10,-1.1389793699899045
2013-01-11,0.2810140059792303
2013-01-14,-0.3952689036438315
2013-01-15,-0.5550322925857998
2013-01-16,-0.026905256038340042
2013-01-17,0.2613277427435108
2013-01-18,-0.05425923230173879
2013-01-21,0.19323125414422293
2013-01-22,0.6525643300683015
2013-01-23,0.10290596226916904
2013-01-24,-0.011520974593878464
2013-01-25,0.7076542548396176
2013-01-28,0.6766352007671017
2013-01-29,-0.49129893126823987
2013-01-30,-0.15626517722115807
2013-01-31,-0.12232786216291913
2013-02-01,0.48537889401182355
2013-02-04,-1.3617975083478342
2013-02-05,0.702523094222812
2013-02-06,-1.1274472763132266
2013-02-07,-0.6504637192064422
2013-02-08,0.45250036411296435
2013-02-11,-0.3867320505857137
2013-02-12,0.5472237841362997
2013-02-13,0.23962814058465653
2013-02-14,-0.8647944162638055
2013-02-15,0.16712674182720377
2013-02-18,-0.5282068889089402
2013-02-19,1.385128910201587
2013-02-20,-0.05165190917872309
2013-02-21,1.4069388959663556
2013-02-22,2.501131497653347
2013-02-25,-0.5184879639480471
2013-02-26,-1.9199936295515627
2013-02-27,1.593507186855625
2013-02-28,0.8774408253234114
2013-03-01,-0.6792132654989871
2013-03-04,0.16213913557663773
2013-03-05,1.7620426526427835
2013-03-06,-0.6458269724274999
2013-03-07,0.3616503358556358
2013-03-08,0.3462351131773431
2013-03-11,0.08405377523401114
2013-03-12,0.31399251839117426
2013-03-13,-0.034337140118026355
2013-03-14,0.07390734686837419
2013-03-15,-1.3016331298482768
2013-03-18,0.10090776799622603
2013-03-19,-1.471620193781419
2013-03-20,0.1372245877168652
2013-03-21,-1.8183916080457578
2013-03-22,-0.5720132489102099
2013-03-25,0.24555838309559874
2013-03-26,0.7184001407551364
2013-03-27,-0.2421299567231685
2013-03-28,0.404304773401023
2013-04-02,1.3206780276682082
2013-04-03,-0.569855812293298
2013-04-04,-0.4918545708151214
2013-04-05,-1.0569829785449087
2013-04-08,-0.2873390692781257
2013-04-09,0.0703703614300153
2013-04-10,1.3779659024853146
2013-04-11,0.7120474843498883
2013-04-12,-1.202184468292117
2013-04-15,-1.670312166979123
2013-04-16,-0.16990498789011355
2013-04-17,-2.2788402649796
2013-04-18,-0.23040183922154256
2013-04-19,0.16346299450049173
2013-04-22,0.09602696183331716
2013-04-23,3.1598668381502932
2013-04-24,1.98643862919144
2013-04-25,0.34013804452099805
2013-04-26,-0.26820482252858113
2013-04-29,0.4559821186246964
2013-04-30,-0.3033842086023597
2013-05-02,-1.1830070768721868
2013-05-03,0.6742230859583387
2013-05-06,0.02130069422242542
2013-05-07,-0.2301436513116073
2013-05-08,1.1990312884913976
2013-05-09,-0.00027501665089602056
2013-05-10,0.41323485625385814
2013-05-13,0.0015844106006142056
2013-05-14,0.2535649956186745
2013-05-15,-0.053046751230667155
2013-05-16,0.25672381416159595
2013-05-17,0.8975465236213651
2013-05-20,0.18445204116185465
2013-05-21,1.400763662634823
2013-05-22,1.336420175418489
2013-05-23,-1.820817771942636
2013-05-24,-0.12956015512367713
2013-05-27,0.6576715056481817
2013-05-28,-0.08928881401956801
2013-05-29,-1.2428871896759972
2013-05-30,1.5134142118387288
2013-05-31,-0.19789874199461366
2013-06-03,-0.2844346996429721
2013-06-04,-0.7053563418398596
2013-06-05,-1.3133160990347292
2013-06-06,-0.7995983744122555
2013-06-07,1.506202065272447
2013-06-10,-0.35473626268714753
2013-06-11,-1.3619144445458247
2013-06-12,0.2396284216113358
2013-06-13,-0.7720597577018466
2013-06-14,-0.13996367835792256
2013-06-17,0.13402662482229744
2013-06-18,-0.5338145831173762
2013-06-19,-0.9969510454471759
2013-06-20,-1.6124747415522265
2013-06-21,-0.796870829525254
2013-06-24,-0.7088383100210152
2013-06-25,1.39985955891769
2013-06-26,1.1925462805208369
2013-06-27,0.7072472737678055
2013-06-28,-1.0520650425308489
2013-07-01,0.9564135943771177
2013-07-02,-0.7961441428990597
2013-07-03,-0.3529256815112589
2013-07-04,2.1838700975445704
2013-07-05,-1.7504290568683913
2013-07-08,1.3926358840636368
2013-07-09,-0.1255522661465065
2013-07-10,-0.038016213912143826
2013-07-11,0.9576660230142409
2013-07-12,-2.3504774075883503
2013-07-15,-0.7170668938176163
2013-07-16,-0.18480643720877765
2013-07-17,1.3529318894080546
2013-07-18,0.32986380340686594
2013-07-19,1.0839879926327711
2013-07-22,-0.6737528746231547
2013-07-23,-0.15908010057265898
2013-07-24,1.2047884499242087
2013-07-25,-0.12634421869638146
2013-07-26,0.5333202043775316
2013-07-29,-0.2713684966333503
2013-07-30,0.11712706579259446
2013-07-31,1.7038312167094745
2013-08-01,2.8073985396816354
2013-08-02,-0.6131585567673028
2013-08-05,-0.07032151857333702
2013-08-06,0.01396883826995321
2013-08-07,-0.3790547749401725
2013-08-08,-0.08763821528316385
2013-08-09,0.28461460275901374
2013-08-12,-0.07434703641352769
2013-08-13,-0.13143393116391877
2013-08-14,0.07127165859224505
2013-08-15,-0.22018898702128098
2013-08-16,0.08334184457797278
2013-08-19,-0.49031713347818595
2013-08-20,-0.4211257040901586
2013-08-21,-0.4664430755368656
2013-08-22,0.26207308325158607
2013-08-23,0.4759812177510838
2013-08-26,-0.07779620961734679
2013-08-27,-1.9049916072113007
2013-08-28,-0.37442815573042054
2013-08-29,0.5319781184353829
2013-08-30,-1.073784715929996
2013-09-02,1.5902464638722478
2013-09-03,0.25548778981735865
2013-09-04,0.14402900797293938
2013-09-05,0.944983785003032
2013-09-06,1.0045641020716687
2013-09-09,0.12742088639087257
2013-09-10,1.361665742096008
2013-09-11,-0.6908724193938198
2013-09-12,0.3531649440279949
2013-09-13,0.27646307709433415
2013-09-16,1.9009721752456983
2013-09-17,0.30101466177222846
2013-09-18,1.2957197451387685
2013-09-19,-0.25233635928860565
2013-09-20,-0.8591782027439763
2013-09-23,0.05425334362240619
2013-09-24,0.8416936210188766
2013-09-25,0.0017707466905534375
2013-09-26,-0.5169325448785997
2013-09-27,-0.352227475551274
2013-09-30,-2.2146531910775025
2013-10-01,1.3302354083967174
2013-10-02,-1.7668265049997842
2013-10-03,-1.8959124405890861
2013-10-04,0.5391290108143423
2013-10-07,-0.10731414836731545
2013-10-08,-0.42884992363794794
2013-10-09,-0.18743503947352025
2013-10-10,2.2046827080697113
2013-10-11,0.12232951435196071
2013-10-14,-0.5048869542357508
2013-10-15,0.10739771058332792
2013-10-16,-0.9455791493704169
2013-10-17,-0.7432017059641112
2013-10-18,1.4527583967572752
2013-10-21,-0.19491254646267464
2013-10-22,0.5604715120170383
2013-10-23,-0.3765856792068618
2013-10-24,1.2735982972238844
2013-10-25,-0.7410534400002149
2013-10-28,-1.3717214147275882
2013-10-29,0.2599346239561058
2013-10-30,0.02898668580763797
2013-10-31,0.4507061136412389
2013-11-01,0.09647648120157015
2013-11-04,0.6457857616073213
2013-11-05,-1.0538397477914998
2013-11-06,0.3439916038766313
2013-11-07,0.24909937040770558
2013-11-08,-0.6519213383428308
2013-11-11,0.32644131828570266
2013-11-12,-0.5861554850461346
2013-11-13,-0.320630647452397
2013-11-14,0.6070460788225773
2013-11-15,-0.2002269163365753
2013-11-18,0.531511212712573
2013-11-19,-1.4664804231171829
2013-11-20,-0.1725798756985668
2013-11-21,-1.2489967643502382
2013-11-22,1.3185667124085398
2013-11-25,0.7603535758920899
2013-11-26,0.016007163291135384
2013-11-27,1.1010338804757964
2013-11-28,-0.12351501052879854
2013-11-29,0.059456275149386784
2013-12-02,-0.5353359699851339
2013-12-03,-2.0243484137163748
2013-12-04,-0.3307456147337149
2013-12-05,-1.7805391376662243
2013-12-06,1.2771690015784074
2013-12-09,0.5914647622083962
2013-12-10,-0.6065073940989976
2013-12-11,-0.642003386302676
2013-12-12,-0.2830990619974614
2013-12-13,0.15044814190275702
2013-12-16,2.1757165966138743
2013-12-17,-1.1457628221744542
2013-12-18,0.5031133707853144
2013-12-19,1.6156027294748156
2013-12-20,0.4846619703244244
2013-12-23,0.0925233477821763
2013-12-24,0.4064851047100646
2013-12-27,1.1991266226778805
2013-12-30,0.07037578591153704
2013-12-31,-0.024118336269147278
2014-01-02,-1.0803882063296157
2014-01-03,0.1433688552348542
2014-01-06,0.21052712043055521
2014-01-07,-0.821241222922545
2014-01-08,-0.40655724370435564
2014-01-09,0.1773453943895973
2014-01-10,1.249567547347361
2014-01-13,0.3499732622310816
2014-01-14,-0.1251532507348685
2014-01-15,0.9704984308594504
2014-01-16,1.1035836735063569
2014-01-17,0.4780342689403483
2014-01-20,0.28047875777843956
2014-01-21,-0.39154784057178915
2014-01-22,-1.021875702629771
2014-01-23,-1.5157912313633162
2014-01-24,-2.0552779634547917
2014-01-27,-0.8303710553241217
2014-01-28,0.3968613286454783
2014-01-29,-0.5610549282093515
2014-01-30,-0.010318593005450793
2014-01-31,-0.29938334604741357
2014-02-03,-1.0774126035732436
2014-02-04,0.06643697779880853
2014-02-05,0.05142479605782313
2014-02-06,1.2861271732523392
2014-02-07,0.46785434977985574
2014-02-10,0.044356598337337516
2014-02-11,1.5694461762649894
2014-02-12,0.3809701094885938
2014-02-13,0.3327084636970312
2014-02-14,0.2966891929253279
2014-02-17,-0.023081917897414428
2014-02-18,0.536230166875086
2014-02-19,0.12959969405623184
2014-02-20,1.825050317281054
2014-02-21,0.5693980207570064
2014-02-24,-0.011259419500362355
2014-02-25,-0.1190169224830413
2014-02-26,-1.4660540168746934
2014-02-27,0.5508000650673353
2014-02-28,-0.06889996387688768
2014-03-03,-0.8678926705221173
2014-03-04,1.7410756178896136
2014-03-05,-0.09073191929564928
2014-03-06,-0.37166955457341544
2014-03-07,-0.6420507179303172
2014-03-10,0.33249505062889284
2014-03-11,-0.7700808546935889
2014-03-12,-1.563122465901344
2014-03-13,-0.9986697658421377
2014-03-14,-0.5650725104528362
2014-03-17,1.9576263159396206
2014-03-18,-0.1869946871737369
2014-03-19,0.08099826173691582
2014-03-20,0.6059323535949375
2014-03-21,0.9513286846698961
2014-03-24,-1.2899547315645137
2014-03-25,1.5896284890628536
2014-03-26,0.6227427404417654
2014-03-27,-0.5550929356707996
2014-03-28,-0.15399641028260191
2014-03-31,-0.16314677247004283
2014-04-01,0.067169083486192
2014-04-02,0.5735669002886254
2014-04-03,0.08758034171303564
2014-04-04,0.8291950463115967
2014-04-07,-1.6689143946308747
2014-04-08,0.6043390959844572
2014-04-09,0.8249793040338034
2014-04-10,-0.13851470569835556
2014-04-11,-1.214397368081407
2014-04-14,0.049411655966068224
2014-04-15,-1.407928275587345
2014-04-16,2.2624403592121
2014-04-17,0.3859419725567079
2014-04-22,0.42924490613282273
2014-04-23,-0.751084759672537
2014-04-24,3.3200696830060394
2014-04-25,-1.2254528201355441
2014-04-28,0.7374925973851845
2014-04-29,-0.05745832318697808
2014-04-30,0.01184190461350454
2014-05-01,-0.06505969936107192
2014-05-02,-0.3346291270194399
2014-05-05,0.3526348115162392
2014-05-06,-0.6889129318573737
2014-05-07,0.4059321140767196
2014-05-08,1.1267957078116098
2014-05-09,-0.1400012120507057
2014-05-12,1.6090279042133346
2014-05-13,-0.03215885267704266
2014-05-14,-1.5244736184309886
2014-05-15,-2.1162256410253946
2014-05-16,0.18095232255120663
2014-05-19,0.7200785184016212
2014-05-20,-0.64394387699069
2014-05-21,-0.054029637210135206
2014-05-22,0.1934062066701614
2014-05-23,0.7497427362018243
2014-05-26,0.8244010167824598
2014-05-27,0.822937504149408
2014-05-28,0.6809375014911296
2014-05-29,-0.8064742731270371
2014-05-30,0.3616081825496025
2014-06-02,0.28739196917933896
2014-06-03,0.009429613298294726
2014-06-04,-0.15623163201198054
2014-06-05,0.703414669412382
2014-06-06,0.821889576599304
2014-06-09,0.07526210307742076
2014-06-10,-0.3935702714916687
2014-06-11,-0.06335185641650298
2014-06-12,-0.6421422196555824
2014-06-13,-0.5473274941481208
2014-06-16,-0.7113442523419735
2014-06-17,0.9241313211578444
2014-06-18,0.3391721129350316
2014-06-19,1.6849216010712524
2014-06-20,-0.3227020851280997
2014-06-23,-0.6112126370458526
2014-06-24,0.37317578073812285
2014-06-25,-0.9479979326282546
2014-06-26,-0.14472258334197363
2014-06-27,-0.6402597554379952
2014-06-30,-0.3137401494633423
2014-07-01,-0.07282953834318562
2014-07-02,-0.7500935527065735
2014-07-03,1.3230910823467497
2014-07-04,-0.1309883509971712
2014-07-07,-1.3142216803518494
2014-07-08,-1.723514514633223
2014-07-09,1.002454627755526
2014-07-10,-1.912616255762373
2014-07-11,0.9339926308143447
2014-07-14,0.39869048760397163
2014-07-15,-0.8401210160892134
2014-07-16,1.2574226717503905
2014-07-17,-1.0957691473839049
2014-07-18,0.9295452101919466
2014-07-21,-0.9101236084772779
2014-07-22,1.6280469360864487
2014-07-23,-0.11871450072501943
2014-07-24,1.2332893966081429
2014-07-25,-1.2909578467531588
2014-07-28,0.5422245078347885
2014-07-29,-0.5956252831803397
2014-07-30,-2.9920785931113727
2014-07-31,-1.4955534140932514
2014-08-01,-1.4702846664537432
2014-08-04,-0.3074380130701826
2014-08-05,0.5109355764348749
2014-08-06,-0.9126069902599312
2014-08-07,-0.6756333860494763
2014-08-08,0.1888147961477742
2014-08-11,1.645384637672116
2014-08-12,-1.3363678974193078
2014-08-13,0.7247029118607529
2014-08-14,0.40577659415920664
2014-08-15,-0.0849598925636883
2014-08-18,0.8965717385227308
2014-08-19,0.009941416806682923
2014-08-20,-0.08869635735612746
2014-08-21,1.607954892813865
2014-08-22,-1.0264120789222915
2014-08-25,1.4039716018253685
2014-08-26,0.20828831678637982
2014-08-27,0.03937572618669094
2014-08-28,-0.7044509981364087
2014-08-29,-0.03362692286718527
2014-09-01,-0.7435961567896641
2014-09-02,0.38933986883777294
2014-09-03,0.3940401840843464
2014-09-04,1.0389974527709143
2014-09-05,0.2244824340692162
2014-09-08,0.09651766611214896
2014-09-09,-0.7119550166880799
2014-09-10,-0.4740185473795151
2014-09-11,-0.19787185595765777
2014-09-12,-0.18658571104468535
2014-09-15,-0.4087293929091089
2014-09-16,-0.9798894003141783
2014-09-17,-0.017508757013985132
2014-09-18,0.09499123123173803
2014-09-19,-0.37215705196264537
2014-09-22,-0.7515260901798797
2014-09-23,-1.2184036070206687
2014-09-24,0.6036601998981226
2014-09-25,-1.2231647439316902
2014-09-26,0.15606830132504257
2014-09-29,-0.8391152553026728
2014-09-30,0.9672416781061628
2014-10-01,-0.564769337347073
2014-10-02,-1.5017351538163126
2014-10-03,0.6921184654809167
2014-10-06,-0.7942233962491727
2014-10-07,-0.7415259718815506
2014-10-08,-1.0275984956062132
2014-10-09,-0.1659993091886065
2014-10-10,-1.8363662508405056
2014-10-13,0.5422018970501767
2014-10-14,0.903422469694199
2014-10-15,-2.1868482559644633
2014-10-16,0.6063250971835004
2014-10-17,2.1224237387567086
2014-10-20,-1.3862891081571576
2014-10-21,1.61624307500945
2014-10-22,0.882748585473152
2014-10-23,0.17413985198793824
2014-10-24,-0.5903670506433727
2014-10-27,-0.5334448357212267
2014-10-28,1.4807813437067097
2014-10-29,1.397875862414466
2014-10-30,0.5406268288529219
2014-10-31,2.3510083312012853
2014-11-03,-0.4818976279370375
2014-11-04,-0.6572702138927582
2014-11-05,1.2396428731440707
2014-11-06,0.35097677371252445
2014-11-07,-1.2671578661553298
2014-11-10,0.43702502896735496
2014-11-11,0.6142035407714488
2014-11-12,-1.7082490727787558
2014-11-13,0.2578862086313123
2014-11-14,0.25285282023102695
2014-11-17,0.24001456764382567
2014-11-18,0.8807008746523692
2014-11-19,0.08227789302500099
2014-11-20,-0.6012998022286524
2014-11-21,2.4201240399814523
2014-11-24,0.8859032783437755
2014-11-25,0.7613120259426438
2014-11-26,-0.09960495777990275
2014-11-27,-0.04715659278718931
2014-11-28,-0.0022357072643615084
2014-12-01,-0.2963145368870812
2014-12-02,-0.7167274706577302
2014-12-03,0.3063347184446741
2014-12-04,-1.6132994549159676
2014-12-05,0.0860884680383549
2014-12-08,-0.5140947132931473
2014-12-09,-1.3176714966508811
2014-12-10,-0.9299841089127625
2014-12-11,0.45902356418496737
2014-12-12,-2.627964332625993
2014-12-15,-1.6270182722423883
2014-12-16,1.5418064340692013
2014-12-17,-1.000851577890792
2014-12-18,2.1851537320042596
2014-12-19,-0.5133258292996103
2014-12-22,0.11689372602281622
2014-12-23,1.2991759613217653
2014-12-24,-0.32552859079528673
2014-12-29,0.5480767919255243
2014-12-30,-1.71409018201593
2014-12-31,0.971426636802569
2015-01-02,-0.7641229636295321
2015-01-05,-2.636047808133611
2015-01-06,-0.05316119443474321
2015-01-07,0.19986157915271008
2015-01-08,2.331803534740118
2015-01-09,-1.3097305090127165
2015-01-12,0.9345149071239689
2015-01-13,1.9452630681982512
2015-01-14,-1.094305174538377
2015-01-15,1.945675366410562
2015-01-16,0.6921401246032275
2015-01-19,0.9348284161059581
2015-01-20,1.4420776089404015
2015-01-21,1.8843833639121783
2015-01-22,0.9818579525397269
2015-01-23,0.9150733787874543
2015-01-26,0.6623722945389687
2015-01-27,-1.311088558325352
2015-01-28,-0.3466375746414485
2015-01-29,0.20583089547034206
2015-01-30,-0.3760205934735552
2015-02-02,0.2563461480225726
2015-02-03,1.5200664706559905
2015-02-04,-0.3741287169927574
2015-02-05,0.08726288930675707
2015-02-06,-0.3008814648603675
2015-02-09,-0.71665882072584
2015-02-10,0.39013678528023377
2015-02-11,0.39135072995122755
2015-02-12,0.40698568940483426
2015-02-13,0.982719683612828
2015-02-16,-0.24159563635456038
2015-02-17,0.10116548996018082
2015-02-18,0.7902053539055629
2015-02-19,1.4244083489034978
2015-02-20,0.11555516615602812
2015-02-23,0.12716330753012528
2015-02-24,-0.3627478476028472
2015-02-25,0.25137409493272855
2015-02-26,0.2851254333397435
2015-02-27,0.42933861483588487
2015-03-02,-0.944721440479384
2015-03-03,0.03297622988732485
2015-03-04,-0.07586804358696497
2015-03-05,0.7631769228439396
2015-03-06,0.16879392295867035
2015-03-09,-0.9483247108674675
2015-03-10,-0.6662966963949657
2015-03-11,2.0118498153115354
2015-03-12,-0.5965413846541026
2015-03-13,1.8269886194472633
2015-03-16,1.1155018683637081
2015-03-17,-0.5655529641968542
2015-03-18,-0.08812619689572898
2015-03-19,-0.7615817521456449
2015-03-20,1.2166065592015514
2015-03-23,-0.6346499077686047
2015-03-24,0.0999703765812825
2015-03-25,-1.6989613982119636
2015-03-26,-0.2755765771603649
2015-03-27,0.29176325267762593
2015-03-30,0.19376249341884488
2015-03-31,0.037273212528617705
2015-04-01,0.7907454607973392
2015-04-02,0.8187780996499896
2015-04-07,1.177813364789472
2015-04-08,-2.2623465378926966
2015-04-09,0.795058103743699
2015-04-10,0.12865552437716588
2015-04-13,-0.36049505399194004
2015-04-14,-1.1936276042808203
2015-04-15,0.3699207658168291
2015-04-16,-1.5485474977086113
2015-04-17,-1.4417287307264957
2015-04-20,0.3417207326294118
2015-04-21,0.18425988706320595
2015-04-22,0.26871645304323977
2015-04-23,-1.223167172636181
2015-04-24,-0.010648817473153827
2015-04-27,1.1162373523110034
2015-04-28,-1.49858064869008
2015-04-29,-2.2264759282033424
2015-04-30,-0.1335405843140478
2015-05-04,0.3309347681120016
2015-05-05,-0.5293662599256379
2015-05-06,0.6279059694701772
2015-05-07,-0.6071410397205455
2015-05-08,1.6823781613285291
2015-05-11,-0.5620235071024524
2015-05-12,-0.41016684009477444
2015-05-13,0.4761710055229429
2015-05-14,1.3468494542608767
2015-05-15,-0.8337487715262171
2015-05-18,0.005602694521755325
2015-05-19,1.3595491162552662
2015-05-20,0.23561301037376836
2015-05-21,0.5542337245216515
2015-05-22,-0.2510420583051314
2015-05-25,-0.5671060074490271
2015-05-26,-0.5335068403837369
2015-05-27,2.1526114890826875
2015-05-28,-0.1686921350726891
2015-05-29,-2.136680992828829
2015-06-01,-0.058249191646041254
2015-06-02,-1.6940271015896684
2015-06-03,0.6446552611097331
2015-06-04,-0.8742665779257948
2015-06-05,-0.1518852992917914
2015-06-08,-1.0899999337448492
2015-06-09,-0.04720588087771205
2015-06-10,-0.22030568618238533
2015-06-11,-1.0158311648887093
2015-06-12,-1.2192357597630235
2015-06-15,-0.2303305777945539
2015-06-16,-0.1120740743089641
2015-06-17,-0.7226687927440381
2015-06-18,0.19915339719713643
2015-06-19,-0.15297169644470898
2015-06-22,2.494086878381701
2015-06-23,0.3558692938358945
2015-06-24,0.28115738440108373
2015-06-25,-0.06053121857343058
2015-06-26,-0.10771230854378189
2015-06-29,-2.6826800294727917
2015-06-30,-1.249573524587177
2015-07-01,0.6695560049788014
2015-07-02,-0.8286976911934971
2015-07-03,-0.1474953634728351
2015-07-06,-1.3932939888088782
2015-07-07,-1.5643904568660574
2015-07-08,0.7331092472339691
2015-07-09,1.0020885933212895
2015-07-10,2.0898172882276995
2015-07-13,1.0786389787015764
2015-07-14,0.2574420768038266
2015-07-15,-1.2593094075793587
2015-07-16,1.0545586421846522
2015-07-17,0.05457580239994542
2015-07-20,0.395309418371518
2015-07-21,-0.2582310031297439
2015-07-22,-0.41438968092221273
2015-07-23,0.5404691261170456
2015-07-24,-0.23583043901202672
2015-07-27,-1.8433457312407313
2015-07-28,0.646758566718745
2015-07-29,0.007683274513929916
2015-07-30,-0.22343488099646436
2015-07-31,0.9681968407253265
2015-08-03,0.368988261851257
2015-08-04,0.4314804600109028
2015-08-05,0.6354254252802178
2015-08-06,0.12752253634235444
2015-08-07,-0.6642733680804724
2015-08-10,0.826049819516399
2015-08-11,-1.6446478988192936
2015-08-12,-2.6031362075974442
2015-08-13,-0.3711102339424457
2015-08-14,-0.3713033982983802
2015-08-17,-0.13311874865190276
2015-08-18,-0.6580020744261148
2015-08-19,-1.2433439902385288
2015-08-20,-1.3747427282575089
2015-08-21,-1.485624309150964
2015-08-24,-2.1702267312028383
2015-08-25,1.176568260491294
2015-08-26,-1.3207997723544054
2015-08-27,1.5467920818341057
2015-08-28,0.7492069823127068
2015-08-31,0.020689884266211322
2015-09-01,-1.0715789222321916
2015-09-02,0.027892977761098336
2015-09-03,0.8917709070938002
2015-09-04,-1.581434252223346
2015-09-07,0.3505978113212507
2015-09-08,0.5123449506963382
2015-09-09,0.9502559059927265
2015-09-10,-0.9528921032293525
2015-09-11,-0.15529015654795586
2015-09-14,-0.44360024498794104
2015-09-15,0.7819166850255925
2015-09-16,0.9348269487802909
2015-09-17,-1.2645270039177987
2015-09-18,-2.400523287583013
2015-09-21,0.6271278573867392
2015-09-22,-2.3216592048083697
2015-09-23,-0.2214548053599188
2015-09-24,-1.6313787648104352
2015-09-25,1.0210555340234677
2015-09-28,-1.5141539524167555
2015-09-29,-0.597508015348474
2015-09-30,0.8319078177026
2015-10-01,-0.6374142198769448
2015-10-02,0.11781696418910315
2015-10-05,2.073713782714705
2015-10-06,0.4949005860382414
2015-10-07,0.38581018404939016
2015-10-08,-0.446409953421977
2015-10-09,1.748767812549744
2015-10-12,-0.5871988651504481
2015-10-13,-0.8821222108824855
2015-10-14,-1.2323247353595619
2015-10-15,0.764560944541067
2015-10-16,-1.2090416757075957
2015-10-19,-0.3499801764360342
2015-10-20,-0.05602437101184421
2015-10-21,0.9148290902100911
2015-10-22,1.8005570303944651
2015-10-23,2.2818556792046323
2015-10-26,0.5425136181180434
2015-10-27,-1.3898254062702975
2015-10-28,0.44057320594863114
2015-10-29,0.5253088921527862
2015-10-30,0.43190729802441297
2015-11-02,0.20040356879759003
2015-11-03,0.23136918701639075
2015-11-04,1.1263276114458733
2015-11-05,0.42864113768446543
2015-11-06,1.348688177510624
2015-11-09,-1.252850158825055
2015-11-10,-0.008636186029647774
2015-11-11,0.5169807301656064
2015-11-12,-1.459137035697914
2015-11-13,-0.07039474214099783
2015-11-16,0.5467112693934126
2015-11-17,1.5956525628689349
2015-11-18,-0.08387796796142766
2015-11-19,0.6345794523893318
2015-11-20,-0.02971321543456895
2015-11-23,-0.14152766779214687
2015-11-24,-0.47033498809807384
2015-11-25,0.5962713183510786
2015-11-26,0.49101660524372903
2015-11-27,0.20631557069697237
2015-11-30,1.2022127695763842
2015-12-01,-2.365272961759345
2015-12-02,-0.17594518466577824
2015-12-03,-2.4886623153498135
2015-12-04,0.1994174362052945
2015-12-07,0.4791879258319156
2015-12-08,-0.5720863450267188
2015-12-09,-0.686567501486941
2015-12-10,0.12980470136423605
2015-12-11,-1.807655945464056
2015-12-14,-0.8903505490161052
2015-12-15,0.42432557437444984
2015-12-16,-0.02821073097973681
2015-12-17,0.40016657682900814
2015-12-18,-1.2817200667213342
2015-12-21,-0.3063183857905827
2015-12-22,0.057129311947328176
2015-12-23,1.7744840337591299
2015-12-24,-0.24011231493251728
2015-12-28,-0.26959368412683915
2015-12-29,1.2955686248904144
2015-12-30,-0.6486368034446386
2016-01-04,-2.5322071818903495
2016-01-05,0.10936735635940664
2016-01-06,-1.0045325717395244
2016-01-07,-1.0868692459688845
2016-01-08,-0.011399700410251512
2016-01-11,-1.0779886808377057
2016-01-12,0.3009550376593779
2016-01-13,0.07021020073916873
2016-01-14,-1.024500066834598
2016-01-15,-1.7653635410569848
2016-01-18,-0.3174816069123523
2016-01-19,1.521019787074259
2016-01-20,-1.9146911474579866
2016-01-21,1.7026587278853427
2016-01-22,1.5392484490479958
2016-01-25,-1.9286512524553672
2016-01-26,1.4985918373504177
2016-01-27,0.36188764341657986
2016-01-28,-0.47912580450339703
2016-01-29,0.7290478045981388
2016-02-01,0.2139864145900745
2016-02-02,-0.8466334808761999
2016-02-03,-0.8712564215990923
2016-02-04,1.7161109819328502
2016-02-05,1.5093135390780432
2016-02-08,-1.621197453888449
2016-02-09,-0.20150784057063476
2016-02-10,-0.3255352919255188
2016-02-11,-2.372804386569669
2016-02-12,-0.432062903805452
2016-02-15,1.4251407898541046
2016-02-16,0.48634104498656683
2016-02-17,4.555280925544686
2016-02-18,0.4452420704633795
2016-02-19,-0.007281844299647844
2016-02-22,1.243968189846484
2016-02-23,-0.4282579602039718
2016-02-24,-1.491070732695725
2016-02-25,0.10041407017852322
2016-02-26,1.8164972699842963
2016-02-29,1.2810988628524242
2016-03-01,0.28302014621125693
2016-03-02,0.1891552813538695
2016-03-03,0.8757590185441373
2016-03-04,0.2689591414283825
2016-03-07,0.7601566930829762
2016-03-08,-0.6424705203280823
2016-03-09,-0.08277286119623284
2016-03-10,-1.9325958886346584
2016-03-11,1.3474500832882583
2016-03-14,0.12680109773718584
2016-03-15,-0.5584384723307707
2016-03-16,0.13306132775606727
2016-03-17,0.5446196738473432
2016-03-18,0.3197204139224823
2016-03-21,-0.5024632606473318
2016-03-22,0.3003890690261244
2016-03-23,-0.4945103084139575
2016-03-24,-1.6529353701660412
2016-03-29,0.5664474134195245
2016-03-30,1.6615857801143292
2016-03-31,-0.4670932807295287
2016-04-01,-1.3064905631606791
2016-04-04,0.16989916866605626
2016-04-05,-2.0308782322473036
2016-04-06,0.3606240537247345
2016-04-07,-0.8032306889223904
2016-04-08,0.9931950444313316
2016-04-11,0.4564080176243266
2016-04-12,0.13165291238034627
2016-04-13,2.216654900800364
2016-04-14,0.8122294315089746
2016-04-15,0.06799295621354418
2016-04-18,-0.4044630402915814
2016-04-19,-0.13822138783813642
2016-04-20,0.5576851631793005
2016-04-21,2.645457286257624
2016-04-22,0.5566135709960136
2016-04-25,-0.5183337704253788
2016-04-26,-0.22884451451055554
2016-04-27,0.4971208683134307
2016-04-28,-0.2840283415978462
2016-04-29,-1.8782206931004382
2016-05-02,-0.12512974205815652
2016-05-03,-1.352160488543774
2016-05-04,-0.7709081773533413
2016-05-05,-1.3920435930048356
2016-05-06,0.036780552882248685
2016-05-09,0.02818915934150823
2016-05-10,0.8431221716319044
2016-05-11,0.1693219578515084
2016-05-12,-0.26951788746048067
2016-05-13,0.2687911035286845
2016-05-16,0.11477211011518307
2016-05-17,0.29345281187063676
2016-05-18,0.6080933623728413
2016-05-19,-0.30500432150955703
2016-05-20,0.9178602696831248
2016-05-23,-0.042103090343211136
2016-05-24,0.9242272194346981
2016-05-25,0.860924585391551
2016-05-26,0.22154951353267904
2016-05-27,0.3997236447832009
2016-05-30,-0.08916940175281951
2016-05-31,-0.1523232961139911
2016-06-01,-0.4244658441217197
2016-06-02,0.3177742581004992
2016-06-03,-0.9483800228712127
2016-06-06,-0.22380741853957886
2016-06-07,0.016972603329811875
2016-06-08,-0.3161610253172782
2016-06-09,-0.5639692505847123
2016-06-10,-0.8688758492030573
2016-06-13,-1.3562206714222782
2016-06-14,-1.47648703507722
2016-06-15,0.9604367575805952
2016-06-16,-0.19739106851596944
2016-06-17,1.153354063989454
2016-06-20,2.1180007366390754
2016-06-21,0.6295269773115209
2016-06-22,0.22904936726589398
2016-06-23,1.1546888785987335
2016-06-24,-6.197891146192603
2016-06-27,-2.571211882769937
2016-06-28,0.5589310189252217
2016-06-29,0.6379259579062051
2016-06-30,1.2634571351659147
2016-07-01,0.9108182100971831
2016-07-04,-0.4280680871827016
2016-07-05,-1.3687693412801707
2016-07-06,-1.4144177661650374
2016-07-07,-0.28874081537446017
2016-07-08,1.6816699131262283
2016-07-11,1.9843751766396664
2016-07-12,0.791842077711884
2016-07-13,0.3575181599648616
2016-07-14,0.9774106226745474
2016-07-15,-0.16955149795110458
2016-07-18,-0.07529694982094526
2016-07-19,-0.2701304005369849
2016-07-20,1.1016284012772104
2016-07-21,-0.05499590486466133
2016-07-22,0.29141245334817256
2016-07-25,0.48802218913279205
2016-07-26,0.07837033738496046
2016-07-27,0.5614871585667061
2016-07-28,1.218288641270135
2016-07-29,0.10461897674374399
2016-08-01,-0.06928622175849597
2016-08-02,-0.3820353101452483
2016-08-03,-0.3911151563224564
2016-08-04,0.570900600818419
2016-08-05,0.758086278028216
2016-08-08,0.3642646128095208
2016-08-09,0.9582127996071819
2016-08-10,0.5109458262622297
2016-08-11,1.0912757476805268
2016-08-12,-0.12876252511535569
2016-08-15,-0.22392758548049585
2016-08-16,-0.7777562766679225
2016-08-17,-0.32439977849483626
2016-08-18,0.7455367237469375
2016-08-19,0.0002942955814617676
2016-08-22,-0.3987219082441271
2016-08-23,0.9999597902209842
2016-08-24,0.41573382115267066
2016-08-25,-0.6372655770192992
2016-08-26,0.7208202033810664
2016-08-29,-0.5572924846349636
2016-08-30,0.800829806254356
2016-08-31,-0.945685520362936
2016-09-01,0.08267654885404596
2016-09-02,1.5850841687088888
2016-09-05,-0.09848253121261052
2016-09-06,-0.4841428906912384
2016-09-07,0.23923103655997835
2016-09-08,-1.4909600785068946
2016-09-09,-1.5034634195860548
2016-09-12,-0.04875245728865707
2016-09-13,-0.24183640258895167
2016-09-14,-0.32147967402001143
2016-09-15,0.47083685948426535
2016-09-16,-0.09769859108283896
2016-09-19,1.023619482596736
2016-09-20,-0.1840628032401881
2016-09-21,0.7812476798549497
2016-09-22,2.16765300624062
2016-09-23,-0.022111476432222332
2016-09-26,-0.4953638285549786
2016-09-27,-0.2910285168157998
2016-09-28,0.2873691596841752
2016-09-29,-0.5692464269751127
2016-09-30,0.21862344106627773
2016-10-03,-0.18006391104662356
2016-10-04,0.2554604756601364
2016-10-05,-0.01604017719100881
2016-10-06,1.01360804261693
2016-10-07,-0.9533253399481865
2016-10-10,0.7465796576287502
2016-10-11,-0.8032954523651057
2016-10-12,-0.35382233533322704
2016-10-13,-0.9803222653241974
2016-10-14,1.2556281410818286
2016-10-17,-0.21407576258548744
2016-10-18,0.7550676949591164
2016-10-19,0.27549041964692833
2016-10-20,0.22091975310623013
2016-10-21,-0.21953564809579262
2016-10-24,0.4260206144179577
2016-10-25,-0.7439183441684634
2016-10-26,-0.34970314752559517
2016-10-27,-1.919122975209163
2016-10-28,0.8586958938155647
2016-10-31,-0.13866105365521264
2016-11-01,-0.8165478083458098
2016-11-02,-0.22309102713595763
2016-11-03,-0.5563618811105258
2016-11-04,-0.3619339580009253
2016-11-07,1.3282248275978148
2016-11-08,-0.05042277704820464
2016-11-09,1.1808910637509058
2016-11-10,2.4678497923218927
2016-11-11,-0.9623325594461818
2016-11-14,1.0572526487915113
2016-11-15,-0.0614482990036791
2016-11-16,-1.774033487402214
2016-11-17,0.0887296306367844
2016-11-18,-0.23955416151058984
2016-11-21,0.23928067256331076
2016-11-22,-0.23868469655923974
2016-11-23,-0.2533550869982548
2016-11-24,0.2534669135205121
2016-11-25,0.030826293031097407
2016-11-28,-0.7508739255350747
2016-11-29,0.7731583327300484
2016-11-30,0.7104688218528921
2016-12-01,0.0052511854481167575
2016-12-02,-0.1942729546362969
2016-12-05,1.0868159058763993
2016-12-06,0.4903708280218382
2016-12-07,0.7925619207716394
2016-12-08,0.23271372064264995
2016-12-09,0.18746505427598947
2016-12-12,-0.2349412683216201
2016-12-13,0.23064572642270775
2016-12-14,-0.14232610850829985
2016-12-15,0.38096605678397566
2016-12-16,0.46050159075846864
2016-12-19,-0.21103495025474217
2016-12-20,0.15909654969775033
2016-12-21,-0.10732378143252674
2016-12-22,-0.25957387036403645
2016-12-23,-0.09774808736578677
2016-12-27,0.2637109248039593
2016-12-28,0.2040656644624761
2016-12-29,-0.29234025248044304
2016-12-30,0.8075900739539037
2017-01-02,0.00012445755268686298
2017-01-03,-0.4055152522097103
2017-01-04,0.21678135854170932
2017-01-05,0.17394427759046494
2017-01-06,0.39161356671534975
2017-01-09,0.02297788871146622
2017-01-10,0.9314972638963468
2017-01-11,-0.281747910189452
2017-01-12,0.3735965339709395
2017-01-13,0.5298879267090655
2017-01-16,-0.43874165788146513
2017-01-17,0.018225651175256985
2017-01-18,0.06154491940799289
2017-01-19,0.11723430436626359
2017-01-20,-0.022787529140870788
2017-01-23,-0.4105271557513248
2017-01-24,0.603159448663547
2017-01-25,1.0135254503387614
2017-01-26,-0.295148100224921
2017-01-27,-0.10701648897834559
2017-01-30,-0.8861714476912681
2017-01-31,-1.1008533399219544
2017-02-01,2.0063621898823243
2017-02-02,-0.33434546136290066
2017-02-03,-0.15780616347777254
2017-02-06,-0.6640083508412573
2017-02-07,0.1894254813238092
2017-02-08,-0.36171725561986534
2017-02-09,0.19258114321297626
2017-02-10,0.18321273936345506
2017-02-13,1.2775602349840796
2017-02-14,-0.16005755787720943
2017-02-15,0.4573817682586707
2017-02-16,-2.892491146005895
2017-02-17,-0.9260623035389273
2017-02-20,-0.09154492430231187
2017-02-21,0.6781333988721912
2017-02-22,-0.6445794956178048
2017-02-23,-0.5960689981578611
2017-02-24,-0.6644542496452175
2017-02-27,0.05882373743924063
2017-02-28,-0.48858982775384874
2017-03-01,1.2775746756166342
2017-03-02,-0.020806455940274304
2017-03-03,0.4150360191582081
2017-03-06,-0.1212183799935076
2017-03-07,-0.03465461008313753
2017-03-08,-0.11235657113526543
2017-03-09,-0.6032211149966571
2017-03-10,0.8282464597908898
2017-03-13,-0.21910045366853126
2017-03-14,-0.04891498134138317
2017-03-15,0.8951636215902141
2017-03-16,0.5363343134766723
2017-03-17,0.9000312890781004
2017-03-20,0.46580792783289837
2017-03-21,-0.5790908129911116
2017-03-22,-0.623753594499945
2017-03-23,0.8317852528087144
2017-03-24,0.08286286331633619
2017-03-27,-1.022947024892062
2017-03-28,0.3490401191273236
2017-03-29,0.9021599743184368
2017-03-30,0.8708687706394471
2017-03-31,0.29053353261254244
2017-04-03,-0.2742258594339688
2017-04-04,0.3718377306267371
2017-04-05,-0.08841119311817636
2017-04-06,0.669255955738052
2017-04-07,0.14608100146081426
2017-04-10,-0.32323641167201345
2017-04-11,0.051674724573885555
2017-04-12,-0.20287735850490662
2017-04-13,-0.4208312053169436
2017-04-18,-0.9319135542206709
2017-04-19,0.41623880151135495
2017-04-20,2.021100765183249
2017-04-21,0.6682691000824406
2017-04-24,3.7390296804337737
2017-04-25,-0.06896494084193705
2017-04-26,-0.12920301022893455
2017-04-27,-0.23673047526587254
2017-04-28,-0.7131007835099581
2017-05-02,-0.35095265247740315
2017-05-03,-0.3227980294734323
2017-05-04,0.8079358670996868
2017-05-05,1.737801842291816
2017-05-08,-3.625077334875172
2017-05-09,0.32874425676183705
2017-05-10,-0.7976006204863779
2017-05-11,-0.0551465046947186
2017-05-12,-0.5600948844068938
2017-05-15,0.4477938061028226
2017-05-16,0.03858236937355741
2017-05-17,-1.5902856088478927
2017-05-18,-0.768458812008106
2017-05-19,0.06897056152436676
2017-05-22,-0.24289275924493836
2017-05-23,1.0147854150650346
2017-05-24,-0.0032745909223308445
2017-05-25,-0.11955309674092973
2017-05-26,-0.1436443939258396
2017-05-29,-0.16156981022086825
2017-05-30,-0.049071823844130336
2017-05-31,-0.2568015047442884
2017-06-01,0.31101366150521415
2017-06-02,0.7356824017599735
2017-06-05,-1.1779446667315057
2017-06-06,-0.6327347091802409
2017-06-07,0.3126522822790463
2017-06-08,0.029201415283438337
2017-06-09,0.6488357772925468
2017-06-12,-1.4530213966053367
2017-06-13,0.1768804282278751
2017-06-14,-0.6926339826940762
2017-06-15,-0.21426997228149958
2017-06-16,0.6258414965131891
2017-06-19,1.6832470646120186
2017-06-20,-0.14933919343674518
2017-06-21,0.2660292397978594
2017-06-22,1.4554498971217527
2017-06-23,-0.29617552040937767
2017-06-26,0.012105130968876665
2017-06-27,-0.8257193614825837
2017-06-28,-0.1713263823033202
2017-06-29,-1.3770658382324825
2017-06-30,-0.641737326081838
2017-07-03,0.7998731205440208
2017-07-04,-0.6105821684753323
2017-07-05,0.44704970647217124
2017-07-06,-0.6076530763879902
2017-07-07,-0.002578985939393874
2017-07-10,0.22646090511339878
2017-07-11,0.18820001182855606
2017-07-12,1.2537666303813069
2017-07-13,0.226199143101951
2017-07-14,-0.4473340485221229
2017-07-17,-0.3980860690863466
2017-07-18,-0.21520675248680732
2017-07-19,0.3118869300656826
2017-07-20,-0.9237069597714083
2017-07-21,-2.066766248024649
2017-07-24,-0.1480617974671219
2017-07-25,0.07742816165412592
2017-07-26,0.29992397523876946
2017-07-27,2.487616205163036
2017-07-28,-1.4212099656882344
2017-07-31,-0.3701238663712303
2017-08-01,0.4364997220969258
2017-08-02,0.30771817824100367
2017-08-03,-0.046371582547138246
2017-08-04,1.5853446456538762
2017-08-07,0.5235991800110753
2017-08-08,1.1352348203767662
2017-08-09,-2.202023308161273
2017-08-10,-0.9832258744543623
2017-08-11,-0.6641038336755685
2017-08-14,0.6779101772558818
2017-08-15,0.2938200808618774
2017-08-16,0.7523353531411345
2017-08-17,-0.44028069664476277
2017-08-18,-0.03760494472605558
2017-08-21,-0.6228595438724795
2017-08-22,0.8246635084188227
2017-08-23,-0.4224978685809191
2017-08-24,-0.21992679315889063
2017-08-25,0.25815082447981297
2017-08-28,-0.7715733241125804
2017-08-29,-0.8046222781154171
2017-08-30,0.26446317973491773
2017-08-31,1.2853506373425319
2017-09-01,0.9426967179035586
2017-09-04,0.37799049729346734
2017-09-05,0.20797099799577268
2017-09-06,0.22714198865357105
2017-09-07,0.27808753175433765
2017-09-08,0.21105376647678042
2017-09-11,1.6631927649019502
2017-09-12,0.35725250287545407
2017-09-13,1.4441731470712114
2017-09-14,-0.4049606901635059
2017-09-15,-0.6808718856382825
2017-09-18,0.5900792111988977
2017-09-19,-0.06136431382387286
2017-09-20,0.15523308024378935
2017-09-21,0.5907678679000128
2017-09-22,-0.5874664617355023
2017-09-25,-0.01936710037873013
2017-09-26,-0.1417886129693784
2017-09-27,0.24663077569084635
2017-09-28,0.8093036681873969
2017-09-29,0.5214629264929584
2017-10-02,0.14569108379846796
2017-10-03,0.5354795949529176
2017-10-04,0.12541988300517914
2017-10-05,-0.37772892198218244
2017-10-06,0.3292363734892376
2017-10-09,0.05280270720804481
2017-10-10,0.00833010677209245
2017-10-11,-0.199388372355898
2017-10-12,-0.35587978174599755
2017-10-13,-0.5668384779633726
2017-10-16,0.009324187786390326
2017-10-17,-0.07015116365458596
2017-10-18,0.177379541836018
2017-10-19,-0.24157750053531402
2017-10-20,0.12035494032885197
2017-10-23,-0.1898691704980422
2017-10-24,-0.048154902621234896
2017-10-25,0.06844706449847138
2017-10-26,0.45582788166645116
2017-10-27,1.1657718221885602
2017-10-30,0.11579045443336611
2017-10-31,0.8159149398866532
2017-11-01,-0.11595686519899573
2017-11-02,-0.8869095917396947
2017-11-03,0.5483956477905281
2017-11-06,-0.7553593058644879
2017-11-07,-0.22848092868538572
2017-11-08,-0.2656388846436073
2017-11-09,-1.9964463393932874
2017-11-10,-0.475707256641158
2017-11-13,-0.7158742184335978
2017-11-14,-0.08970428928036256
2017-11-15,-0.18299924504839282
2017-11-16,0.7198825784790017
2017-11-17,-0.6738239231285803
2017-11-20,0.4070317906782037
2017-11-21,-0.4235928475564492
2017-11-22,0.055603774119006744
2017-11-23,0.9315946432567301
2017-11-24,-0.02859341119022929
2017-11-27,-0.37076134436269115
2017-11-28,0.3419276569546099
2017-11-29,0.8502598515493389
2017-11-30,-0.26657752570243076
2017-12-01,-1.1763569813799961
2017-12-04,0.5627810006313467
2017-12-05,-0.4122825893065851
2017-12-06,-0.6271363333224116
2017-12-07,0.6233598774533391
2017-12-08,-0.13400767545900294
2017-12-11,-0.017278867261524056
2017-12-12,0.7742743465237254
2017-12-13,-1.252465759475001
2017-12-14,0.038523282729315156
2017-12-15,0.4989431067084382
2017-12-18,1.1484721979177408
2017-12-19,-0.7720562381717855
2017-12-20,-0.015220886680310741
2017-12-21,0.7916045442784281
2017-12-22,0.0949619892918463
2017-12-27,-0.38119998173996805
2017-12-28,-0.5567398059445452
2017-12-29,-0.5062960100041494
2018-01-02,-0.8985049017056355
2018-01-03,0.8220318189892595
2018-01-04,1.2033773181268401
2018-01-05,1.1153385909563838
2018-01-08,0.32077169648511017
2018-01-09,1.2634282555929843
2018-01-10,-0.6839475247909661
2018-01-11,-0.08704694156942594
2018-01-12,1.1315853705595487
2018-01-15,-0.16980678397817428
2018-01-16,0.3021351674374273
2018-01-17,-0.1908036855839299
2018-01-18,0.5761297861915864
2018-01-19,0.45033416926736436
2018-01-22,0.21418923544686663
2018-01-23,0.5609589349220698
2018-01-24,-0.584778987066116
2018-01-25,-0.8725211954674137
2018-01-26,0.5502025105733424
2018-01-29,0.2854483041136433
2018-01-30,-0.9306278840376621
2018-01-31,0.7109008415882698
2018-02-01,-1.1176178114889836
2018-02-02,-2.01122378284019
2018-02-05,-0.726755091179399
2018-02-06,-1.5971395030052946
2018-02-07,0.8365831550269718
2018-02-08,-1.9746383897648911
2018-02-09,-0.17747282320154056
2018-02-12,0.14014188494775226
2018-02-13,-0.9146260807372215
2018-02-14,0.4399660221972397
2018-02-15,2.331683354189124
2018-02-16,0.6963114162919197
2018-02-19,-0.04719894150861137
2018-02-20,0.7096808189103854
2018-02-21,-0.16002527224055996
2018-02-22,-0.25453630508647507
2018-02-23,-0.10355450264108867
2018-02-26,0.06542205360292996
2018-02-27,0.08592334950651548
2018-02-28,-0.5734954472059428
2018-03-01,-0.9306089175265555
2018-03-02,-2.3017272518091687
2018-03-05,1.321601784499677
2018-03-06,-0.36408855909110116
2018-03-07,0.21822141867289702
2018-03-08,0.7724336012196886
2018-03-09,0.6526722818272219
2018-03-12,-0.30513006072143867
2018-03-13,-0.09151235426580229
2018-03-14,0.1818985423732613
2018-03-15,0.607312886107195
2018-03-16,0.8398765540921573
2018-03-19,-0.7742268205209086
2018-03-20,1.28578141653513
2018-03-21,-0.42262562985806085
2018-03-22,-2.0223163941568316
2018-03-23,-1.3132163175252316
2018-03-26,-0.3258599721890363
2018-03-27,1.2501460228263852
2018-03-28,0.030565581491245553
2018-03-29,1.1573806424557347
2018-04-03,-1.3307172014024928
2018-04-04,-0.848853659504158
2018-04-05,0.6270525618859466
2018-04-06,-0.541474410421003
2018-04-09,0.785629508995612
2018-04-10,0.7397533050369134
2018-04-11,-0.8924955359829028
2018-04-12,0.786314539839637
2018-04-13,0.043044394016419574
2018-04-16,-0.30750173345585097
2018-04-17,1.331980739387589
2018-04-18,1.2805898198940895
2018-04-19,1.3812793987212615
2018-04-20,1.3210645498059677
2018-04-23,0.9678086526300547
2018-04-24,0.047775625356592855
2018-04-25,-1.9407704202390192
2018-04-26,0.402774554722825
2018-04-27,-0.011407366447500067
2018-04-30,0.7062287768508639
2018-05-02,-1.8437769673189308
2018-05-03,0.5432630410965942
2018-05-04,0.7446124840422925
2018-05-07,0.24547537768185634
2018-05-08,0.4309553172330709
2018-05-09,-0.04321085026435867
2018-05-10,1.2573583716673653
2018-05-11,-0.8215359917138301
2018-05-14,-0.3777513236059207
2018-05-15,0.3399946139676331
2018-05-16,0.6481145881745505
2018-05-17,0.9866197609701715
2018-05-18,0.47176671949476656
2018-05-21,0.5698554834209091
2018-05-22,0.09073262584875863
2018-05-23,-1.6613362919505477
2018-05-24,0.26752824363282457
2018-05-25,-0.44817252111474204
2018-05-28,-0.2699182637219337
2018-05-29,-1.8397077148528638
2018-05-30,-0.6380892426833498
2018-05-31,-0.12554255863896913
2018-06-01,2.028114776469934
2018-06-04,-0.31957246789131943
2018-06-05,-1.5319487812070776
2018-06-06,0.17795091504216032
2018-06-07,0.05313786984375213
2018-06-08,-0.7764148565986062
2018-06-11,0.6370103271792829
2018-06-12,0.032423759639186756
2018-06-13,0.526994528264467
2018-06-14,1.049228492753656
2018-06-15,-0.650758225015835
2018-06-18,-0.7620978573270065
2018-06-19,-1.2938997292473147
2018-06-20,-0.7154341050287059
2018-06-21,-1.1980880414746764
2018-06-22,0.21725557902968262
2018-06-25,-1.9976243640777938
2018-06-26,0.2968131553669622
2018-06-27,1.0018807695051493
2018-06-28,-1.4164356394366848
2018-06-29,1.5907592199730232
2018-07-02,-1.132929481283938
2018-07-03,0.7192361059147032
2018-07-04,-1.0774028620080998
2018-07-05,-0.6823611874557969
2018-07-06,0.22509013802940103
2018-07-09,1.1877044046742924
2018-07-10,0.29615698140436564
2018-07-11,-1.6511162466835572
2018-07-12,0.22518840191270328
2018-07-13,0.4289492216675228
2018-07-16,0.21958377027209508
2018-07-17,0.5027975815703769
2018-07-18,1.0071413021950661
2018-07-19,-0.33361795266807803
2018-07-20,-1.2792832195207495
2018-07-23,-0.5141609395967208
2018-07-24,0.6979569581313143
2018-07-25,-0.32236581367253336
2018-07-26,-1.2024908300062975
2018-07-27,0.5991047005675512
2018-07-30,-0.6046598612217906
2018-07-31,0.044922816077104244
2018-08-01,-0.463235292292822
2018-08-02,-1.096024336073242
2018-08-03,1.0192748368462645
2018-08-06,-0.20443822162815195
2018-08-07,1.136362632901978
2018-08-08,0.005226751374479477
2018-08-09,0.07436487351358778
2018-08-10,-1.1965019845296752
2018-08-13,-0.1975917509936096
2018-08-14,0.1335122719491295
2018-08-15,-1.3253289772355998
2018-08-16,0.34193198774120503
2018-08-17,0.6430916380148233
2018-08-20,0.6669287943208673
2018-08-21,0.2354151743103614
2018-08-22,0.6119068775660139
2018-08-23,0.10595456163139261
2018-08-24,0.19251089774336094
2018-08-27,1.3968621568084956
2018-08-28,0.2563905503532595
2018-08-29,0.012639447964005512
2018-08-30,-0.12600697273124695
2018-08-31,-0.469279101323437
2018-09-03,-0.3181932923470754
2018-09-04,-1.3403397991623933
2018-09-05,-0.9282103032531808
2018-09-06,-0.0972114944352711
2018-09-07,-3.4860829761435497
2018-09-10,0.824166849383289
2018-09-11,1.4136052975675
2018-09-12,1.3045061532013165
2018-09-13,-0.45522001187795524
2018-09-14,0.9691889618007963
2018-09-17,0.4962105338938443
2018-09-18,-0.42751902348521753
2018-09-19,0.5750282484595033
2018-09-20,0.8477076377728849
2018-09-21,0.5569236413370646
2018-09-24,-0.7612041457536094
2018-09-25,-0.2122836598855713
2018-09-26,0.17519293196014019
2018-09-27,0.5525646016464236
2018-09-28,-0.8918219032328807
2018-10-01,-0.35197864934495726
2018-10-02,-1.3099755277887084
2018-10-03,0.24931859657930033
2018-10-04,-0.6026340717668148
2018-10-05,-1.402972872019447
2018-10-08,-0.8229499541677967
2018-10-09,-0.07092056531338642
2018-10-10,-2.8142202867438257
2018-10-11,-1.0473795940898398
2018-10-12,-0.21275601448044767
2018-10-15,0.35405980245363367
2018-10-16,0.7102424852714648
2018-10-17,0.0015223234735159963
2018-10-18,-1.1117515593088498
2018-10-19,-1.783739790705127
2018-10-22,-0.3485761595515555
2018-10-23,-0.8450485770127543
2018-10-24,-1.543332573793485
2018-10-25,4.235778291931567
2018-10-26,-0.6004446892754061
2018-10-29,1.0205366094295982
2018-10-30,0.39285746314450165
2018-10-31,1.5759794661201667
2018-11-01,-0.05539369900134261
2018-11-02,1.0584944627562223
2018-11-05,-0.7178489791433265
2018-11-06,-0.03410240955224708
2018-11-07,0.8652945870255522
2018-11-08,-0.2708876831148501
2018-11-09,-0.6934330552272385
2018-11-12,-1.0620623561535893
2018-11-13,0.9453385458919996
2018-11-14,-0.3398993451455894
2018-11-15,0.7771886882384749
2018-11-16,-0.35038928610246955
2018-11-19,-0.4046045792711368
2018-11-20,-0.5313980701642507
2018-11-21,0.4449352781391269
2018-11-22,-1.3545724079886199
2018-11-23,0.26057203755887315
2018-11-26,1.1898536030220654
2018-11-27,-0.5886596598456819
2018-11-28,0.38184499683386264
2018-11-29,0.8864724904887638
2018-11-30,0.07523815473552986
2018-12-03,1.2871233015288794
2018-12-04,-1.0196588550480357
2018-12-05,-0.8876463570496753
2018-12-06,-2.8849066464987203
2018-12-07,0.5187575087009222
2018-12-10,-0.5223466890726058
2018-12-11,0.5892487789114327
2018-12-12,1.4240334592857806
2018-12-13,-0.15634008653641018
2018-12-14,-1.671579396452934
2018-12-17,-0.7310942833783756
2018-12-18,-0.12757270120967235
2018-12-19,-0.3872823963669134
2018-12-20,-1.0849545993049645
2018-12-21,-1.0075266868938755
2018-12-24,-0.21271862313061973
2018-12-27,0.028101173577177008
2018-12-28,1.0222203712949138
2018-12-31,0.5319613257178517
2019-01-02,-0.2923137931399822
2019-01-03,-1.61833621024131
2019-01-04,1.9560363235722704
2019-01-07,-0.3820912733530548
2019-01-08,0.6350984966298228
2019-01-09,0.3774556693875155
2019-01-10,-0.17326644728536422
2019-01-11,-1.1126034978937938
2019-01-14,-0.44899287873120386
2019-01-15,-0.38810696139545797
2019-01-16,0.3577377478506776
2019-01-17,-0.11556807101619881
2019-01-18,1.7180798895012117
2019-01-21,0.1731361758454355
2019-01-22,-0.0019160284371722014
2019-01-23,-0.8857719965491313
2019-01-24,0.9200955035521972
2019-01-25,0.8552369005342939
2019-01-28,-0.2881048954362839
2019-01-29,0.9209501369786679
2019-01-30,0.3868042851261748
2019-01-31,0.2366572215965803
2019-02-01,0.707326049203914
2019-02-04,-0.2500329252786102
2019-02-05,1.209293004337617
2019-02-06,0.628621245504668
2019-02-07,-1.3939904654134807
2019-02-08,-0.7004613632863652
2019-02-11,0.7837549810373119
2019-02-12,0.28390332483961345
2019-02-13,0.6022026711467205
2019-02-14,2.3563253306447223
2019-02-15,2.1643832475446487
2019-02-18,0.24009556683331823
2019-02-19,0.04599562534353652
2019-02-20,1.5413835007733496
2019-02-21,0.5671402897306308
2019-02-22,-0.5271016353279947
2019-02-25,-0.07088517673439299
2019-02-26,-0.13223565419434635
2019-02-27,-0.7637158552516752
2019-02-28,-0.05449162998468182
2019-03-01,0.5877070835790761
2019-03-04,1.0345765793248631
2019-03-05,-0.29252420492068154
2019-03-06,0.11606158304007863
2019-03-07,-0.4716554036054106
2019-03-08,-1.6595770626375383
2019-03-11,1.1306185500117323
2019-03-12,0.2562816315417962
2019-03-13,0.30279058035235096
2019-03-14,0.4453528979525174
2019-03-15,1.0189735998529699
2019-03-18,-0.2631484556469701
2019-03-19,0.8261826143081521
2019-03-20,-0.921145146932318
2019-03-21,-0.04492487930697564
2019-03-22,-2.4419416893114487
2019-03-25,0.47824629287414666
2019-03-26,0.1864601406710591
2019-03-27,0.20759157702325126
2019-03-28,-0.22744246877654462
2019-03-29,1.3856051004739527
2019-04-01,0.8385382447803096
2019-04-02,0.9597695807348856
2019-04-03,1.4484359752308364
2019-04-04,0.18430416259398896
2019-04-05,0.0326726732213416
2019-04-08,-0.16881769846713723
2019-04-09,-0.19740832509964434
2019-04-10,0.5657432299959737
2019-04-11,0.17047377238951356
2019-04-12,0.4629885038385311
2019-04-15,0.2381422647831215
2019-04-16,0.15617015598917305
2019-04-17,0.8996407743165662
2019-04-18,2.164064766930011
2019-04-23,-0.6943592147136002
2019-04-24,0.41231032460744643
2019-04-25,-0.013453405900705206
2019-04-26,-0.10694215672049268
2019-04-29,0.4380573513298174
2019-04-30,-1.2705894627909515
2019-05-02,-1.5191853417110934
2019-05-03,0.37675657016036723
2019-05-06,-1.1020900339110398
2019-05-07,-1.0351838386456365
2019-05-08,0.20956970510393091
2019-05-09,-1.5966064687187327
2019-05-10,-0.0680552412142248
2019-05-13,-1.4313640837259243
2019-05-14,1.841352611751276
2019-05-15,0.22481877871432232
2019-05-16,1.2377608161167188
2019-05-17,-0.4973266594502803
2019-05-20,-0.3704115979104188
2019-05-21,0.9207554785523229
2019-05-22,-0.0910421182118597
2019-05-23,-1.1820263543979905
2019-05-24,2.0000255009459664
2019-05-27,-0.049755098620281046
2019-05-28,-0.061469988937460585
2019-05-29,-2.4409970712470397
2019-05-30,0.3276540185631802
2019-05-31,-0.99021769937751
2019-06-03,0.9627187756137232
2019-06-04,0.1377826090746339
2019-06-05,0.36783511730207863
2019-06-06,-0.2598663960907146
2019-06-07,1.2245180958301773
2019-06-10,0.8049884401870884
2019-06-11,0.38809286820703903
2019-06-12,0.28657715530545147
2019-06-13,0.7639091639937874
2019-06-14,-0.01820343616309117
2019-06-17,-0.06131385510882126
2019-06-18,2.4077394981923277
2019-06-19,-0.0156454513134463
2019-06-20,1.260467667336016
2019-06-21,0.6342165282894996
2019-06-24,-0.5654149298909488
2019-06-25,-0.18076403745187974
2019-06-26,0.5978201200359194
2019-06-27,0.3477731936223165
2019-06-28,0.7758557762424942
2019-07-01,1.0172659109953344
2019-07-02,-0.2525101604306741
2019-07-03,0.4693997375456007
2019-07-04,0.31054289878501606
2019-07-05,-3.3309969873854612
2019-07-08,0.21982030185552048
2019-07-09,-1.2638067524999173
2019-07-10,0.012345911210687177
2019-07-11,-0.6198643918904025
2019-07-12,0.3855667112737393
2019-07-15,0.07202706529672298
2019-07-16,1.013836769785513
2019-07-17,-0.779349787469215
2019-07-18,-1.0578884309147298
2019-07-19,0.13342331636016524
2019-07-22,0.13278823783595328
2019-07-23,1.3734095463718603
2019-07-24,-0.32029072895363697
2019-07-25,1.5911386568413803
2019-07-26,0.33321339494867175
2019-07-29,0.1295355204420474
2019-07-30,-1.8792873771388798
2019-07-31,0.6495888739231077
2019-08-01,0.5620385018933689
2019-08-02,-4.290676228492856
2019-08-05,-1.779033148993264
2019-08-06,-0.2883541734146746
2019-08-07,-0.08612064942249731
2019-08-08,1.2275025609684604
2019-08-09,-1.262850604850712
2019-08-12,0.29211587948982753
2019-08-13,1.181730905135339
2019-08-14,-2.2660175682095485
2019-08-15,-0.6794206672218905
2019-08-16,1.0725182342858517
2019-08-19,0.4654667170964615
2019-08-20,-0.08696699082405246
2019-08-21,1.3672850521682562
2019-08-22,-0.11385643101922938
2019-08-23,-0.677215001735874
2019-08-26,0.5005341581741618
2019-08-27,-0.29764272219989607
2019-08-28,-0.4177527364205105
2019-08-29,1.4798673480220401
2019-08-30,1.552330817330187
2019-09-02,-0.3689252894678674
2019-09-03,-1.0657073716982666
2019-09-04,0.16832222637189886
2019-09-05,1.351796900735323
2019-09-06,1.0552948685470938
2019-09-09,0.9777281044730017
2019-09-10,1.2983222614744818
2019-09-11,0.8931807895052515
2019-09-12,0.7483526366405471
2019-09-13,1.6035269896500637
2019-09-16,-1.374987780739076
2019-09-17,-0.18268600694992188
2019-09-18,0.2246897190123036
2019-09-19,0.5894571644505504
2019-09-20,-0.7190060701574481
2019-09-23,-1.6450654862332925
2019-09-24,-0.466811240786285
2019-09-25,-0.8901997034538027
2019-09-26,0.8371779530010031
2019-09-27,0.7828240067445194
2019-09-30,1.13679024753894
2019-10-01,-1.653615626238107
2019-10-02,-2.792048393165956
2019-10-03,-0.7439135807769475
2019-10-04,1.1346136418427477
2019-10-07,0.4513452520145478
2019-10-08,-2.0076614965082626
2019-10-09,2.0920834593197952
2019-10-10,0.9943238468272995
2019-10-11,2.488991691318276
2019-10-14,-0.23932308364409494
2019-10-15,1.4284801942556413
2019-10-16,0.5619840184075287
2019-10-17,0.37541429110972047
2019-10-18,-0.5185456375165529
2019-10-21,1.6014846644031024
2019-10-22,0.8466887170104087
2019-10-23,0.3847140242709486
2019-10-24,-0.4230942196935814
2019-10-25,0.01732601737415962
2019-10-28,1.2145315916122001
2019-10-29,0.13367906036658894
2019-10-30,-1.0320011313702082
2019-10-31,-0.7643536431744735
2019-11-01,0.752668329433618
2019-11-04,1.5318245058554254
2019-11-05,1.1047642746902824
2019-11-06,0.2075707780839906
2019-11-07,0.5058471528460444
2019-11-08,0.43770211719261454
2019-11-11,-0.3542253045873309
2019-11-12,0.5460590114711863
2019-11-13,-0.1450832976909311
2019-11-14,-0.03858712840353462
2019-11-15,0.763661988679786
2019-11-18,-0.06448781343169685
2019-11-19,-0.7404040554081917
2019-11-20,-0.8703669921177948
2019-11-21,-0.6902125221537858
2019-11-22,0.4804991368753093
2019-11-25,0.9971720718249486
2019-11-26,0.8271764494740097
2019-11-27,0.36723949740050443
2019-11-28,0.031164915350998967
2019-11-29,-0.7329572895593088
2019-12-02,-1.1848264105902473
2019-12-03,-0.5084597571919147
2019-12-04,1.9455471215177909
2019-12-05,0.608623079544742
2019-12-06,2.0213961526856252
2019-12-09,-0.16872175339800322
2019-12-10,-0.5867045255098873
2019-12-11,0.9792255953391447
2019-12-12,1.4925498153333336
2019-12-13,0.5336496851895873
2019-12-16,1.4233971988827534
2019-12-17,-1.2711648767428159
2019-12-18,-0.38081599528919696
2019-12-19,-0.39084966354435835
2019-12-20,0.6376808381595396
2019-12-23,-0.05838401037647145
2019-12-24,0.05346907992097272
2019-12-25,0.04136361145032197
2019-12-27,0.21662956689040413
2019-12-30,-1.034160385554685
2019-12-31,-0.012131451325416265
2020-01-02,1.587376852672918
2020-01-03,-0.20991831131047434
2020-01-06,-0.10487328714468447
2020-01-07,-0.3873040390705569
2020-01-08,0.29854317595496127
2020-01-09,-0.7536896042520453
2020-01-10,0.26708863621215073
2020-01-13,-0.3788338190249618
2020-01-14,0.7894393676760387
2020-01-15,-0.21082543344056148
2020-01-16,0.3375491674219262
2020-01-17,1.5515103188316743
2020-01-20,-0.20329249437641295
2020-01-21,-0.23213289296687378
2020-01-22,-0.5502954470682937
2020-01-23,-0.5060379661428271
2020-01-24,1.5426012260535913
2020-01-27,-2.641223459224321
2020-01-28,0.6374332608759374
2020-01-29,1.4830086466952963
2020-01-30,-1.8299019288543121
2020-01-31,-1.4002049527879876
2020-02-03,1.1514315059005327
2020-02-04,2.241277367004315
2020-02-05,1.6647289297203542
2020-02-06,0.58749705541031
2020-02-07,-0.14846056502955207
2020-02-10,-0.09005876700642546
2020-02-11,0.625234039306477
2020-02-12,0.4663668750488341
2020-02-13,0.7895826725386712
2020-02-14,-0.21457919753139265
2020-02-17,1.3240922495408398
2020-02-18,-1.1936270799378832
2020-02-19,0.34416501592286863
2020-02-20,5.434973092377106
2020-02-21,-0.9737150388719442
2020-02-24,-2.6329528618890095
2020-02-25,-2.0649079451932266
2020-02-26,0.16098439742879123
2020-02-27,-3.7113980549698766
2020-02-28,-3.383997353872928
2020-03-02,1.5412320608672445
2020-03-03,2.216377594951936
2020-03-04,1.426696534551212
2020-03-05,0.46069460386148364
2020-03-06,-5.764770926651096
2020-03-09,-8.106854643328418
2020-03-10,-2.082888033115296
2020-03-11,0.17672015836315325
2020-03-12,-11.902132824984008
2020-03-13,1.250442276114896
2020-03-16,-2.0229974568788833
2020-03-17,2.5781253059947034
2020-03-18,-5.761275412216875
2020-03-19,-0.7079684180786359
2020-03-20,2.540509497102846
2020-03-23,-1.9702527506068748
2020-03-24,7.757071439180933
2020-03-25,2.751525076130406
2020-03-26,4.113699191490582
2020-03-27,-1.4102623098753213
2020-03-30,-0.0606395188916764
2020-03-31,-1.2314656062906124
2020-04-01,-5.337009282437094
2020-04-02,0.1441100767450365
2020-04-03,0.8725579339066485
2020-04-06,6.520117944648987
2020-04-07,0.5577219305474443
2020-04-08,0.8384131795624938
2020-04-09,-1.2631670494760385
2020-04-14,2.242616008422999
2020-04-15,-3.60402102030757
2020-04-16,-0.12261765140441128
2020-04-17,3.421182981663705
2020-04-20,3.3589393515800623
2020-04-21,-4.061939779136381
2020-04-22,1.0493984294656968
2020-04-23,0.2337707113042029
2020-04-24,-2.74699506121037
2020-04-27,3.0084526809061174
2020-04-28,2.0667385386146435
2020-04-29,1.076369681968174
2020-04-30,-2.7051912002572323
2020-05-04,-2.581612210897248
2020-05-05,0.7204221290948283
2020-05-06,-2.357019139040233
2020-05-07,-0.5820330485233711
2020-05-08,1.0654133978281095
2020-05-11,0.20590435881996427
2020-05-12,1.2276507878738272
2020-05-13,-1.431782448904201
2020-05-14,-2.866043257521369
2020-05-15,0.7061096055997211
2020-05-18,5.027017106161125
2020-05-19,0.09646672461587968
2020-05-20,1.1714980500582328
2020-05-21,-1.5823903706650952
2020-05-22,2.191331242738002
2020-05-25,1.0254959883275063
2020-05-26,0.49503030276378013
2020-05-27,1.7042650409996156
2020-05-28,1.2059651776699098
2020-05-29,1.1057447822532964
2020-06-01,0.49357984566802315
2020-06-02,1.0612683930483229
2020-06-03,4.581063434676366
2020-06-04,-0.6249831469152127
2020-06-05,4.522779601764
2020-06-08,-3.175184407030372
2020-06-09,0.04281294777526057
2020-06-10,-0.5767987321152788
2020-06-11,-3.9135431387571344
2020-06-12,0.21230663182858223
2020-06-15,0.02911791741361469
2020-06-16,3.009874589126184
2020-06-17,1.0675586163994382
2020-06-18,-0.2887685690155024
2020-06-19,1.089750782505405
2020-06-22,-0.08168688005173408
2020-06-23,1.6645900548955552
2020-06-24,-1.4987343274332403
2020-06-25,0.8623772947732107
2020-06-26,0.7548037635633165
2020-06-29,1.1695944071602469
2020-06-30,0.20820666204794236
2020-07-01,-1.5220980571831575
2020-07-02,1.3814754206083109
2020-07-03,-0.5114106423782658
2020-07-06,0.21442682613690067
2020-07-07,0.052654069170557705
2020-07-08,-0.4440259205291852
2020-07-09,-1.6788171587324143
2020-07-10,0.7563847413186835
2020-07-13,1.1797389158220284
2020-07-14,-1.4991965696910512
2020-07-15,4.14088315739896
2020-07-16,0.1700745195227853
2020-07-17,0.4268829756237267
2020-07-20,0.06296326880074332
2020-07-21,-0.34782195727719056
2020-07-22,0.6441246669003107
2020-07-23,-0.5248872901357231
2020-07-24,-1.5737393919556837
2020-07-27,1.2776397402773512
2020-07-28,-1.044229993195728
2020-07-29,3.099441373905819
2020-07-30,-2.515204915138966
2020-07-31,-1.7085849836475546
2020-08-03,3.176583020856498
2020-08-04,-1.4357527009769484
2020-08-05,1.7907405267913816
2020-08-06,0.10419648065230547
2020-08-07,1.304567769910335
2020-08-10,-0.6090059817234561
2020-08-11,1.9458433750469197
2020-08-12,0.664777615530241
2020-08-13,0.0019474150686988878
2020-08-14,-2.1456275579994752
2020-08-17,1.0977907133256792
2020-08-18,-0.5842374706668636
2020-08-19,1.0409467625420206
2020-08-20,-1.2416780775151324
2020-08-21,0.49512862116318956
2020-08-24,1.7617515104231387
2020-08-25,0.5176883752069159
2020-08-26,1.6530600236582558
2020-08-27,-1.5651971116727594
2020-08-28,-0.38411836431170343
2020-08-31,-1.3896338014306338
2020-09-01,0.5262708416576061
2020-09-02,1.3480449683377174
2020-09-03,-1.3361029694812032
2020-09-04,-1.2089171478500447
2020-09-07,2.275301047781511
2020-09-08,-1.439124099676107
2020-09-09,2.913439985051056
2020-09-10,-0.5889388403994786
2020-09-11,0.5433566811102537
2020-09-14,0.4131804680887825
2020-09-15,0.820293846721512
2020-09-16,-0.803345047269346
2020-09-17,-0.059634656101110295
2020-09-18,-1.3121015867654222
2020-09-21,-4.6492383057952225
2020-09-22,0.20992262287128938
2020-09-23,0.9641475247185127
2020-09-24,0.5014939656344524
2020-09-25,-0.3911834627093782
2020-09-28,3.906706220031282
2020-09-29,2.1986498404282315
2020-09-30,-2.5687329572317594
2020-10-01,0.5471189090857536
2020-10-02,0.34913693893024345
2020-10-05,0.7448980559784246
2020-10-06,-0.5563788714219555
2020-10-07,0.6931162057457669
2020-10-08,-0.07941407573157733
2020-10-09,1.2461471333243281
2020-10-12,1.5993684537587143
2020-10-13,0.753430249215441
2020-10-14,0.6891924915152998
2020-10-15,-2.681503097837549
2020-10-16,0.10229853474496053
2020-10-19,-1.2816946621360756
2020-10-20,-0.21216813416997127
2020-10-21,-1.6931753187501073
2020-10-22,2.3958515573664982
2020-10-23,1.8046110570184482
2020-10-26,-3.2776879340812712
2020-10-27,-0.17425166014879778
2020-10-28,-3.633489713152784
2020-10-29,-0.7946696929746793
2020-10-30,1.2771496348823348
2020-11-02,3.341039619070912
2020-11-03,3.5160711181137714
2020-11-04,1.700199221847626
2020-11-05,2.061700709480334
2020-11-06,-0.34337946633807803
2020-11-09,5.481001890295673
2020-11-10,0.5108186555927006
2020-11-11,0.324502976838815
2020-11-12,-0.8880297673772191
2020-11-13,-0.34677891597873156
2020-11-16,-0.27878428237002595
2020-11-17,0.3986048835292735
2020-11-18,-0.30203373045226556
2020-11-19,1.5119939253350623
2020-11-20,1.637265416000801
2020-11-23,-0.8229733084814654
2020-11-24,-1.2690849806609066
2020-11-25,0.37203073430733014
2020-11-26,-1.2167025355063998
2020-11-27,-0.21557027386647576
2020-11-30,-0.9990048894725021
2020-12-01,0.3086295108294337
2020-12-02,-1.7130143823902273
2020-12-03,-1.8033259830541368
2020-12-04,0.22184401479719895
2020-12-07,0.26610552517878716
2020-12-08,0.8993173193936599
2020-12-09,-0.3882576464023515
2020-12-10,0.17597879713351006
2020-12-11,-0.249321249243593
2020-12-14,1.4761085706831807
2020-12-15,0.14043716926943262
2020-12-16,-0.18051317890204643
2020-12-17,0.6921344242477829
2020-12-18,0.7669399249741105
2020-12-21,-1.5876232726018316
2020-12-22,1.3077762304396572
2020-12-23,-0.17980722920701453
2020-12-24,0.25075408333532323
2020-12-28,3.529071359234834
2020-12-29,0.24442255554917836
2020-12-30,0.6327930310053915
2020-12-31,-2.4017403775884674
2021-01-04,3.2966698518037134
2021-01-05,-1.3840780787751186
2021-01-06,3.5339844909893685
2021-01-07,2.8071606343122824
2021-01-08,1.7895010505062459
2021-01-11,-0.8653560760034082
2021-01-12,-0.9701514731009979
2021-01-13,0.3642812924722705
2021-01-14,-1.699481659575298
2021-01-15,-0.22065095888781627
2021-01-18,-1.8017279848571661
2021-01-19,-0.21394091929103354
2021-01-20,0.45762902826217555
2021-01-21,1.965752568140104
2021-01-22,0.27037931265512327
2021-01-25,-0.5041389484851635
2021-01-26,0.9727250390777158
2021-01-27,-2.475421094916129
2021-01-28,0.6305508839889882
2021-01-29,-3.0539105204821055
2021-02-01,2.3695344150728204
2021-02-02,2.3992787440119514
2021-02-03,-0.16938641283800848
2021-02-04,-0.09085696897125217
2021-02-05,-0.5352502379191151
2021-02-08,0.10582742741635798
2021-02-09,-1.7263144267238602
2021-02-10,-0.1850388094368327
2021-02-11,1.8846731021064613
2021-02-12,4.070811608567695
2021-02-15,-0.0171792366125203
2021-02-16,1.1246930578377032
2021-02-17,-2.3293859325419106
2021-02-18,-1.3267109821109244
2021-02-19,2.5818246342832083
2021-02-22,-2.9548955731201403
2021-02-23,-1.9779452631151315
2021-02-24,-0.1698133374543005
2021-02-25,1.1241405348408193
2021-02-26,-2.2691854944673793
2021-03-01,1.5798707456599175
2021-03-02,1.647034393410081
2021-03-03,-0.30793164586766864
2021-03-04,-1.9676683522860117
2021-03-05,-1.1149046619251806
2021-03-08,2.2021824899075426
2021-03-09,0.3516650414306213
2021-03-10,1.4678787863713296
2021-03-11,2.0003575172089967
2021-03-12,-1.7592793941348077
2021-03-15,-0.8579290684319858
2021-03-16,1.4054723135538296
2021-03-17,-0.7524706490791431
2021-03-18,1.3005071556088978
2021-03-19,-1.5806732481362644
2021-03-22,1.2626712196343703
2021-03-23,-0.9420600310153873
2021-03-24,-1.3802971255081928
2021-03-25,-0.25162967014341575
2021-03-26,0.1711095187767313
2021-03-29,1.2101004122174714
2021-03-30,1.9884307351707236
2021-03-31,2.135545240615187
2021-04-01,1.4064019127820586
2021-04-06,1.5693932885647826
2021-04-07,-0.5185570517485871
2021-04-08,2.3043794191603126
2021-04-09,1.2591965453828209
2021-04-12,-1.7906813377561832
2021-04-13,0.4180595000957794
2021-04-14,-0.9808017608471005
2021-04-15,2.0956856031687323
2021-04-16,2.358759442304489
2021-04-19,0.30160948486681605
2021-04-20,-1.0076942776513533
2021-04-21,-0.7414935286157629
2021-04-22,1.549167414905014
2021-04-23,-0.0769727210035569
2021-04-26,-0.5609565529741758
2021-04-27,1.2291849934790946
2021-04-28,-0.9188963938152028
2021-04-29,-2.3188760361994127
2021-04-30,-1.6396370553769088
2021-05-03,1.5569532624542433
2021-05-04,-2.947587556876357
2021-05-05,2.8085076664130213
2021-05-06,-0.5912928313921384
2021-05-07,0.8907510597020121
2021-05-10,-3.9010830654321467
2021-05-11,-1.8422579624366051
2021-05-12,-1.585312264738846
2021-05-13,-0.4319145549853829
2021-05-14,3.3511911058560884
2021-05-17,-0.8159058120788814
2021-05-18,0.10506474141863009
2021-05-19,-3.901424697091059
2021-05-20,1.896698971277928
2021-05-21,0.6784220063150599
2021-05-24,0.00970189799144805
2021-05-25,0.01650458723901238
2021-05-26,0.08997584444887252
2021-05-27,0.16589099912880556
2021-05-28,1.0876377049952737
2021-05-31,-1.0512546592578644
2021-06-01,1.29349784894481
2021-06-02,1.0314973599653854
2021-06-03,-1.496743159468707
2021-06-04,0.49493556485279555
2021-06-07,-0.04483956704598313
2021-06-08,1.6150503287203435
2021-06-09,-0.2500126963444984
2021-06-10,-1.1113221756654355
2021-06-11,-0.5594971813822553
2021-06-14,0.019277742901266492
2021-06-15,2.5372259863923716
2021-06-16,-0.01657847452884198
2021-06-17,0.0651614603072801
2021-06-18,-0.8122388450808842
2021-06-21,2.809931329167256
2021-06-22,1.033845750183417
2021-06-23,-0.9928147270628074
2021-06-24,2.7827317520466863
2021-06-25,-0.21032050115672973
2021-06-28,-0.6621254787823432
2021-06-29,-0.9036428551845859
2021-06-30,-2.5603474592488737
2021-07-01,0.44287949161835627
2021-07-02,0.6110328922683834
2021-07-05,1.159778313859448
2021-07-06,0.5791021945134389
2021-07-07,1.0993372072963155
2021-07-08,-3.2386010527253006
2021-07-09,3.88468898876161
2021-07-12,1.0009856019791528
2021-07-13,0.32604774818480564
2021-07-14,-1.4117945135957655
2021-07-15,-0.5284390084231347
2021-07-16,-1.9895297261506641
2021-07-19,-2.920986996313218
2021-07-20,1.3189686560423297
2021-07-21,1.7957948669185555
2021-07-22,2.531561429384169
2021-07-23,2.982502440146277
2021-07-26,0.010845338033249163
2021-07-27,-1.4720425891961497
2021-07-28,0.8908370186163097
2021-07-29,-0.31847483685305633
2021-07-30,2.3813486595738027
2021-08-02,0.6788443129577786
2021-08-03,2.222571076783936
2021-08-04,4.140168210928408
2021-08-05,-0.19801414280817653
2021-08-06,0.1089609445257338
2021-08-09,0.6451427450707286
2021-08-10,1.1337270926788108
2021-08-11,3.5680811282640548
2021-08-12,-0.6709194500239732
2021-08-13,1.7627658709444347
2021-08-16,0.3425743664513732
2021-08-17,1.4878892306062141
2021-08-18,0.6175067758517514
2021-08-19,-1.3623152741594993
2021-08-20,-1.10269985691491
2021-08-23,-0.0011812239204402886
2021-08-24,-0.11185117721521465
2021-08-25,-1.0367097422265203
2021-08-26,0.2095424766073677
2021-08-27,0.3064293320794036
2021-08-30,0.6068672130320465
2021-08-31,-1.4740690109115064
2021-09-01,1.688577218347433
2021-09-02,1.331110902392112
2021-09-03,-0.2993739527971684
2021-09-06,0.8714205277877909
2021-09-07,-0.2252256360369529
2021-09-08,-3.7242626266873913
2021-09-09,0.8881643782440278
2021-09-10,1.0865298374816348
2021-09-13,0.4833002480004325
2021-09-14,1.2829384076893007
2021-09-15,-1.093118916122421
2021-09-16,3.9653948271868558
2021-09-17,-4.243558700020657
2021-09-20,-5.7429997118179585
2021-09-21,0.6949356817340231
2021-09-22,3.2663377672773493
2021-09-23,-0.038544489020551964
2021-09-24,-1.8883265376534553
2021-09-27,-1.7731592122368056
2021-09-28,-3.98864968043938
2021-09-29,0.33040164660732785
2021-09-30,-1.5083397787349782
2021-10-01,-1.3605716506393435
2021-10-04,-1.724818002413798
2021-10-05,2.409782150439497
2021-10-06,-2.965164144258182
2021-10-07,2.5508472674656275
2021-10-08,-2.365615366462265
2021-10-11,-1.674375454397648
2021-10-12,0.2541329913768209
2021-10-13,0.904999103360808
2021-10-14,3.453891092686149
2021-10-15,0.5609583814064933
2021-10-18,-1.1344901558758238
2021-10-19,0.3597474179001665
2021-10-20,-0.5325781595091144
2021-10-21,-2.445970252547312
2021-10-22,1.4087014036733763
2021-10-25,-1.0521062994946533
2021-10-26,2.1617857728380443
2021-10-27,3.1371513141510263
2021-10-28,2.8472606971066625
2021-10-29,0.6655441932008728
2021-11-01,0.6468276165350346
2021-11-02,1.086887205235314
2021-11-03,2.063789815532033
2021-11-04,1.4912276250113052
2021-11-05,-0.13119289903380604
2021-11-08,1.703026447568277
2021-11-09,-0.4318825155735908
2021-11-10,-0.5218414673704217
2021-11-11,0.8577708160635495
2021-11-12,1.51543668661256
2021-11-15,0.4234997638078539
2021-11-16,-0.47054600329593654
2021-11-17,2.5846613568514556
2021-11-18,1.2262438566932303
2021-11-19,2.2183211650857118
2021-11-22,0.896483907503665
2021-11-23,-2.180260593911129
2021-11-24,-3.8316037154004903
2021-11-25,0.3948647249048065
2021-11-26,-5.3453794801928325
2021-11-29,-0.641944580823747
2021-11-30,4.4427039991144
2021-12-01,6.585756784185463
2021-12-02,-0.9435084536747524
2021-12-03,-0.543472481226928
2021-12-06,1.7979568850289809
2021-12-07,5.369521208973794
2021-12-08,-0.9072802308296559
2021-12-09,2.091909483510875
2021-12-10,-0.43807733875340205
2021-12-13,0.21472996587053217
2021-12-14,-4.683011918334955
2021-12-15,1.906563666226333
2021-12-16,2.808365131096423
2021-12-17,-1.6960725737340567
2021-12-20,-0.9256143295749553
2021-12-21,1.340556921552718
2021-12-22,1.4697098022341208
2021-12-23,3.1068644953188027
2021-12-24,0.13611168259097894
2021-12-27,2.279987433941642
2021-12-28,0.6239163250049273
2021-12-29,-0.048393646278412916
2021-12-30,-0.029418955026358162
2021-12-31,-0.23190683180652627
2022-01-03,2.6185181742912107
2022-01-04,2.2530530874307715
2022-01-05,0.5541060886564821
2022-01-06,-5.366916451002027
2022-01-07,-2.5886595263331458
2022-01-10,-9.33454263726594
2022-01-11,2.4064523550676995
2022-01-12,3.7367959096414722
2022-01-13,-0.3775251769668557
2022-01-14,-4.095413294386532
2022-01-17,0.31412226233135243
2022-01-18,-4.060856401939162
2022-01-19,-0.8283099739397528
2022-01-20,1.795690890620648
2022-01-21,-3.215578447084738
2022-01-24,-7.975008932360566
2022-01-25,-0.4914157442598821
2022-01-26,0.6144578228498006
2022-01-27,-0.4259031516188827
2022-01-28,-3.4880591914144645
2022-01-31,1.8995335891080742
2022-02-01,2.8643500754968443
2022-02-02,1.392319974700996
2022-02-03,-4.601837584600588
2022-02-04,-2.1464733831218155
2022-02-07,0.3624724941197712
2022-02-08,-0.6586718030830241
2022-02-09,2.5319097408293487
2022-02-10,1.5729906580037323
2022-02-11,-4.2066795959408125
2022-02-14,-4.295359486591508
2022-02-15,3.7318618845446565
2022-02-16,-1.7036114412726704
2022-02-17,1.0800167816525459
2022-02-18,-1.0012167722668153
2022-02-21,-5.250715137310181
2022-02-22,-0.5383672390394452
2022-02-23,-1.8552428912618097
2022-02-24,-3.646041048676267
2022-02-25,5.568202743738624
2022-02-28,-0.5648264712923492
2022-03-01,-6.971335475790113
2022-03-02,4.268184151238586
2022-03-03,-1.5060863261036275
2022-03-04,-6.05126699143014
2022-03-07,0.5583207620698545
2022-03-08,2.67894016369263
2022-03-09,11.212870796847085
2022-03-10,-4.975329953270204
2022-03-11,3.0293581318128417
2022-03-14,4.365782218794948
2022-03-15,0.34950316118369074
2022-03-16,7.214009170727763
2022-03-17,0.0905974627702335
2022-03-18,-0.877515992467778
2022-03-21,-0.36523511431812494
2022-03-22,1.57344355432366
2022-03-23,-2.3902709514277376
2022-03-24,0.4782279891830967
2022-03-25,-4.607233871743006
2022-03-28,2.2265753663391195
2022-03-29,5.558951324657784
2022-03-30,-1.939766996384236
2022-03-31,0.3559956984514372
2022-04-01,2.6596252976393373
2022-04-04,1.6946004424802368
2022-04-05,-4.739741188323535
2022-04-06,-7.802512883483331
2022-04-07,-0.2112305570784372
2022-04-08,1.1798556469498465
2022-04-11,-3.2206240896780116
2022-04-12,-1.5792006208347118
2022-04-13,0.21426675813731322
2022-04-14,-0.062367906784743354
2022-04-19,-0.800378341979723
2022-04-20,1.8067955011614458
2022-04-21,4.018511692447305
2022-04-22,-4.202731943608683
2022-04-25,-2.6975514852448157
2022-04-26,-3.1208806058741914
2022-04-27,-1.873519344006752
2022-04-28,1.8127715033917298
2022-04-29,0.22367083667097631
2022-05-02,-4.223933220629448
2022-05-03,-2.30382194721966
2022-05-04,-2.3925113320980813
2022-05-05,-0.5510897974898512
2022-05-06,-2.1539349118930886
2022-05-09,-4.917104263455499
2022-05-10,1.5007053452485195
2022-05-11,2.8532897054402753
2022-05-12,0.49972725374499305
2022-05-13,2.198621538187325
2022-05-16,-1.3480233095290544
2022-05-17,1.1457053959689318
2022-05-18,-3.2405168892819205
2022-05-19,-1.420602309440497
2022-05-20,0.9705303611371505
2022-05-23,2.0045623389869007
2022-05-24,-3.728317850689095
2022-05-25,-1.3293334199768054
2022-05-26,2.1117341257328093
2022-05-27,2.882572329851115
2022-05-30,3.938459374028284
2022-05-31,-2.4509425650573746
2022-06-01,-1.232856613441271
2022-06-02,3.3440264956498282
2022-06-03,-0.7761551657606844
2022-06-06,0.9461582410554001
2022-06-07,-1.328252809490209
2022-06-08,-1.8317038267791332
2022-06-09,-0.6740149686558397
2022-06-10,-3.7983387073634702
2022-06-13,-4.334738749376896
2022-06-14,-3.111168404847163
2022-06-15,2.7870706859449825
2022-06-16,-2.7596263138603234
2022-06-17,-1.6652519343837326
2022-06-20,-2.0424478774696837
2022-06-21,0.37494059205094743
2022-06-22,-1.8314451557103268
2022-06-23,-0.9152085234843952
2022-06-24,4.526190288483107
2022-06-27,0.5802575773531231
2022-06-28,0.7713337710566606
2022-06-29,-1.841094758298965
2022-06-30,-2.6419405044973274
2022-07-01,-1.9982734754898814
2022-07-04,0.34883861570868646
2022-07-05,0.04993618006095346
2022-07-06,4.209237721803305
2022-07-07,0.12801237326070236
2022-07-08,1.326955615756745
2022-07-11,-1.311220656656488
2022-07-12,0.2849478267207246
2022-07-13,-1.362026998978621
2022-07-14,-1.7006584331894317
2022-07-15,4.2239947340510895
2022-07-18,1.061102899567544
2022-07-19,2.885684563817037
2022-07-20,1.6744809009428678
2022-07-21,3.22329546475396
2022-07-22,0.3684685727157557
2022-07-25,-1.011260583072911
2022-07-26,-0.07850945502069351
2022-07-27,2.28438763330648
2022-07-28,8.2054356568742
2022-07-29,0.16680704934830715
2022-08-01,-0.5399714453245679
2022-08-02,-1.2484914798191085
2022-08-03,1.8987594828656995
2022-08-04,0.5145842353489058
2022-08-05,-2.457989108374136
2022-08-08,0.5135213047807667
2022-08-09,-1.2138168911272658
2022-08-10,2.986708475771451
2022-08-11,-0.5501566609886481
2022-08-12,1.2974908901034041
2022-08-15,1.0832594155246795
2022-08-16,0.9818450466805189
2022-08-17,-1.1567548941144707
2022-08-18,1.0899952179169645
2022-08-19,-2.2335160963150997
2022-08-22,-5.582711015552974
2022-08-23,-0.8042604917465894
2022-08-24,0.5477906932331393
2022-08-25,-2.5118589134779796
2022-08-26,-2.4568034627473594
2022-08-29,-2.2576372645022644
2022-08-30,0.06394274617306905
2022-08-31,-4.5051409423240045
2022-09-01,-1.2539563739662611
2022-09-02,2.98284784453773
2022-09-05,-2.187150336641224
2022-09-06,0.13962953096489628
2022-09-07,1.428227873394107
2022-09-08,1.1237240277662295
2022-09-09,4.904860848735112
2022-09-12,4.020264817319031
2022-09-13,-2.6647731667625294
2022-09-14,-0.6941377140733493
2022-09-15,-1.2787383944383635
2022-09-16,-3.7467031842507765
2022-09-19,-2.679540216386769
2022-09-20,-2.968182236077297
2022-09-21,1.7324746926405084
2022-09-22,-3.081229541450483
2022-09-23,-0.7272314225146772
2022-09-26,-0.40449947396776054
2022-09-27,-1.288749475411791
2022-09-28,2.529706327703039
2022-09-29,-1.637121969769865
2022-09-30,3.066902205113678
2022-10-03,-0.27288009084837483
2022-10-04,7.415949513111002
2022-10-05,-0.5597943849203233
2022-10-06,-0.005073017420315296
2022-10-07,-3.6155352870810162
2022-10-10,-0.03914845157383695
2022-10-11,-0.8136030827648
2022-10-12,0.2588648493888712
2022-10-13,4.26062518167052
2022-10-14,-0.8650288881979975
2022-10-17,3.1624672146867
2022-10-18,2.270683225789284
2022-10-19,-1.5773956665496343
2022-10-20,0.6412421588803454
2022-10-21,-0.16960886133338704
2022-10-24,2.053487774953041
2022-10-25,3.4615494605808976
2022-10-26,1.5383735316105174
2022-10-27,-3.8594261919343182
2022-10-28,2.408963290502257
2022-10-31,-2.3956565619842536
2022-11-01,1.0377374406062643
2022-11-02,-0.3015736993418443
2022-11-03,-1.3428264966635055
2022-11-04,4.133917018497925
2022-11-07,0.8756107919178646
2022-11-08,2.2078971929694546
2022-11-09,-0.041045746645949066
2022-11-10,6.62260808386597
2022-11-11,1.6230541908781504
2022-11-14,-0.7077867435498035
2022-11-15,-0.10304744405326005
2022-11-16,-2.1380100863318034
2022-11-17,-0.0318156679020376
2022-11-18,3.4634372828818982
2022-11-21,-1.7300315706128515
2022-11-22,0.36075952892844043
2022-11-23,1.5795590572973595
2022-11-24,0.8456875642835939
2022-11-25,-0.7097493196212383
2022-11-28,-1.4202116216089848
2022-11-29,-2.022960596999269
2022-11-30,0.18718886151503966
2022-12-01,1.9108888356219325
2022-12-02,-0.9809097328866585
2022-12-05,-0.9074745119228567
2022-12-06,-0.9371197429921949
2022-12-07,-0.595202300290282
2022-12-08,-1.8748139934330652
2022-12-09,1.8214876306940937
2022-12-12,-1.1872278947739687
2022-12-13,4.356574986156659
2022-12-14,-1.3515788031305362
2022-12-15,-6.766400777826846
2022-12-16,-2.453073939510517
2022-12-19,0.689274837106467
2022-12-20,-1.3377890995726318
2022-12-21,3.111127562726466
2022-12-22,-3.1541122335776777
2022-12-23,0.4976845308250404
2022-12-27,1.2467863232696743
2022-12-28,-0.6336809734306996
2022-12-29,1.6128466800539627
2022-12-30,-2.7704616988537794
2023-01-02,2.1664963718383206
2023-01-03,1.1128055027015478
2023-01-04,5.952693232100671
2023-01-05,0.019389332720436414
2023-01-06,2.8559555809028723
2023-01-09,3.293392156933379
2023-01-10,-0.2514618699419202
2023-01-11,2.5379188363688456
2023-01-12,0.3313962938022996
2023-01-13,1.6789830826743923
2023-01-16,-0.8031432023124694
2023-01-17,0.8369451312086369
2023-01-18,-0.008325831288743757
2023-01-19,-5.3282622121798795
2023-01-20,0.45169536323516013
2023-01-23,1.8418189356086714
2023-01-24,0.34183548980956857
2023-01-25,-0.17264067843461817
2023-01-26,1.1758549450861722
2023-01-27,1.2991146457262914
2023-01-30,-0.6656279348996463
2023-01-31,0.9797336835521264
2023-02-01,1.0570221918656557
2023-02-02,3.3056580971039295
2023-02-03,2.762236552745975
2023-02-06,-2.538250584289557
2023-02-07,-1.5081853173967374
2023-02-08,-2.1001034517234416
2023-02-09,2.993018207806756
2023-02-10,-1.8426700270933338
2023-02-13,3.501120061851452
2023-02-14,-1.8880404614421025
2023-02-15,3.455379428259107
2023-02-16,1.364545659174297
2023-02-17,0.41926111943411115
2023-02-20,0.4219426686530028
2023-02-21,-3.329166409629323
2023-02-22,0.6510870159765716
2023-02-23,0.42128789652227283
2023-02-24,-5.6043926570345945
2023-02-27,2.924368732599362
2023-02-28,-0.013549170783193176
2023-03-01,1.5727578274054679
2023-03-02,-0.5502424989010706
2023-03-03,1.9010611816928815
2023-03-06,0.8543001037155022
2023-03-07,-0.7575068124039888
2023-03-08,0.5343864513889969
2023-03-09,2.339952810721428
2023-03-10,-5.1681350327172595
2023-03-13,-3.526529686106045
2023-03-14,3.4750859864327595
2023-03-15,-8.431843870204233
2023-03-16,4.136511532899107
2023-03-17,-3.1072644719480422
2023-03-20,1.4912383307713242
2023-03-21,1.546106166293896
2023-03-22,0.3846799415777582
2023-03-23,0.5825436648819107
2023-03-24,-7.357802260236014
2023-03-27,2.616291958110253
2023-03-28,0.5180184066558411
2023-03-29,2.7835218430188036
2023-03-30,4.2718870028487
2023-03-31,1.309155218070515
2023-04-03,-1.9289467944199998
2023-04-04,-2.859053858576857
2023-04-05,-6.134377955103503
2023-04-06,-0.6803890523650296
2023-04-11,3.525578333707216
2023-04-12,1.2866184611933136
2023-04-13,0.5968844766542816
2023-04-14,2.469110330905039
2023-04-17,1.2267683643323721
2023-04-18,0.9938643843345005
2023-04-19,0.593375820339304
2023-04-20,0.11316150917627965
2023-04-21,-0.017019347991436007
2023-04-24,0.7298369159357208
2023-04-25,2.706595893211528
2023-04-26,-3.9345094933748044
2023-04-27,5.982193524637125
2023-04-28,-0.005664310957570251
2023-05-02,-1.3892025084846011
2023-05-03,1.8554976456090628
2023-05-04,-1.858033102569351
2023-05-05,2.5942392253666924
2023-05-08,0.11064475931070206
2023-05-09,-3.1744895275965916
2023-05-10,0.15879046750526982
2023-05-11,1.3161342745791274
2023-05-12,0.9167988641965223
2023-05-15,0.3878414917365376
2023-05-16,0.1869885068895769
2023-05-17,1.3186566562452242
2023-05-18,2.5510504113746038
2023-05-19,2.4755683226531744
2023-05-22,1.1598699267324264
2023-05-23,-1.6736145276933598
2023-05-24,-5.458902028015984
2023-05-25,3.072569186911153
2023-05-26,2.1834376793266017
2023-05-29,0.32048864428995216
2023-05-30,1.0454231327757952
2023-05-31,-2.9122763858804035
2023-06-01,1.623551805465155
2023-06-02,1.88085627106463
2023-06-05,-1.4907747087289351
2023-06-06,0.6598376024182926
2023-06-07,-0.1488282337715816
2023-06-08,-0.10040713546081292
2023-06-09,-0.445742171954862
2023-06-12,0.3071136079987298
2023-06-13,2.453856649160599
2023-06-14,0.233102401298936
2023-06-15,-1.815026975091854
2023-06-16,-1.8476450427621387
2023-06-19,0.13408848863127787
2023-06-20,-1.9364115692157782
2023-06-21,-0.8669818141831342
2023-06-22,-1.6535641654824929
2023-06-23,-1.249947205172532
2023-06-26,1.1911903113528695
2023-06-27,2.0707288942973605
2023-06-28,1.6666151459869525
2023-06-29,0.15267256251769368
2023-06-30,3.704348056358839
2023-07-03,-2.9086526096496357
2023-07-04,-1.6569992644162141
2023-07-05,-1.0078256611894858
2023-07-06,-4.36664943136816
2023-07-07,0.00329968900010158
2023-07-10,1.0909774272432458
2023-07-11,2.4303134764071785
2023-07-12,4.798584804907023
2023-07-13,-3.084913225138905
2023-07-14,0.7442191702003242
2023-07-17,-1.8222201361113264
2023-07-18,0.4709407363794469
2023-07-19,-3.6193289387863388
2023-07-20,2.3871219623227944
2023-07-21,2.3456331787161844
2023-07-24,0.6047602212505296
2023-07-25,0.6325382037354075
2023-07-26,-3.254449962376043
2023-07-27,4.2165860806359206
2023-07-28,-2.253046162805447
2023-07-31,0.004339550013980897
2023-08-01,-1.5768517185092605
2023-08-02,1.4326291240394369
2023-08-03,-2.197877835831889
2023-08-04,1.0252314137003964
2023-08-07,-0.23462253496126095
2023-08-08,-1.878797678253079
2023-08-09,1.666480499146644
2023-08-10,-0.2003951520149485
2023-08-11,-1.122590670784831
2023-08-14,0.6336800886504079
2023-08-15,-1.7366109753316152
2023-08-16,0.014648158517843513
2023-08-17,-3.8527708340025697
2023-08-18,-0.4972968133905624
2023-08-21,0.21603201608621703
2023-08-22,1.030995463516689
2023-08-23,1.1616446417837665
2023-08-24,-0.9898815577826952
2023-08-25,0.7292367768732788
2023-08-28,2.2610438311791086
2023-08-29,1.6070113896520866
2023-08-30,-0.34700575463705263
2023-08-31,-1.0116549106625143
2023-09-01,-1.111072368044205
2023-09-04,-0.4275749819771306
2023-09-05,-0.8147154182780127
2023-09-06,0.9837044308436589
2023-09-07,-0.6113880536733802
2023-09-08,0.24706817762947253
2023-09-11,0.1284484822378431
2023-09-12,-0.8687241303529447
2023-09-13,-3.2216638863395133
2023-09-14,2.384556409978728
2023-09-15,1.4829903945821172
2023-09-18,-0.5155116260500563
2023-09-19,-1.1877444319646884
2023-09-20,2.470409458699038
2023-09-21,-2.885727991809887
2023-09-22,-0.9625007187969743
2023-09-25,0.8821096393342316
2023-09-26,-2.471927101134355
2023-09-27,2.513303649259285
2023-09-28,1.1315480380777103
2023-09-29,0.5460165521490126
2023-10-02,-2.138964633995869
2023-10-03,-0.0075782374025550325
2023-10-04,-0.8939898046185704
2023-10-05,0.1484254697817562
2023-10-06,1.2216482773158361
2023-10-09,-2.8931719080570417
2023-10-10,4.2827316225492496
2023-10-11,0.5580490288521673
2023-10-12,-0.8332047005806658
2023-10-13,-3.204864425998693
2023-10-16,-0.9682471497346512
2023-10-17,-0.4512774720519417
2023-10-18,-5.076684774989161
2023-10-19,-1.724103335313174
2023-10-20,-4.654305544694836
2023-10-23,0.2701935859530522
2023-10-24,-2.8964581217398404
2023-10-25,0.2893489967514995
2023-10-26,-0.17071675154991794
2023-10-27,3.1680355698650544
2023-10-30,-0.03967972654734808
2023-10-31,2.316371671263596
2023-11-01,0.27740318141383113
2023-11-02,4.459870670031904
2023-11-03,1.486025295082385
2023-11-06,-1.0450934621049441
2023-11-07,0.2939197735961443
2023-11-08,1.391906847306359
2023-11-09,12.442471514965064
2023-11-10,-2.059675187788031
2023-11-13,0.9563327695157682
2023-11-14,3.498007768671016
2023-11-15,0.5439367144954588
2023-11-16,-0.4924163526752068
2023-11-17,1.9996860820233735
2023-11-20,-2.3477220292298853
2023-11-21,0.7997471089083774
2023-11-22,0.9996760851106217
2023-11-23,-0.7685974054977294
2023-11-24,1.7185077500206773
2023-11-27,-0.21461099539970974
2023-11-28,0.5353862216260268
2023-11-29,0.8951795048247675
2023-11-30,1.2666783344321288
2023-12-01,1.4514908802126172
2023-12-04,-1.2620064542288674
2023-12-05,2.036957675778467
2023-12-06,2.283131049588775
2023-12-07,0.1254780053185982
2023-12-08,2.6441770078614866
2023-12-11,2.0609856454647115
2023-12-12,0.606076517785965
2023-12-13,-0.5144015234425012
2023-12-14,2.4131718347482547
2023-12-15,2.423253512147056
2023-12-18,0.3012306701390344
2023-12-19,-0.4683061420260799
2023-12-20,0.4337074970140691
2023-12-21,-0.6167902182964156
2023-12-22,0.6591775996111551
2023-12-27,1.00622258873139
2023-12-28,-0.5526811341190125
2023-12-29,0.3690360302555007
2024-01-02,-2.874327161709431
2024-01-03,-3.915044536871136
2024-01-04,-0.15329759451165614
2024-01-05,-2.4893802127423044
2024-01-08,0.850976858563115
2024-01-09,-0.33934906634291906
2024-01-10,0.4822228655816332
2024-01-11,0.3226414137894267
2024-01-12,3.7948547419771046
2024-01-15,-2.5149877481934197
2024-01-16,0.9039556236593285
2024-01-17,-1.004160642292078
2024-01-18,3.120048991591773
2024-01-19,-1.2351416758166351
2024-01-22,2.6612220805706386
2024-01-23,-0.026676389612248386
2024-01-24,3.146372085364817
2024-01-25,0.15367877242061923
2024-01-26,0.45025905970697977
2024-01-29,-0.45636326666189575
2024-01-30,2.236094203177288
2024-01-31,-1.5493507800233601
2024-02-01,2.687540187030578
2024-02-02,2.9008108714422463
2024-02-05,-0.2716771766183115
2024-02-06,5.634228239229827
2024-02-07,-0.7070201528723601
2024-02-08,4.002194426204511
2024-02-09,-0.07715473450977584
2024-02-12,-0.42821140761213883
2024-02-13,-3.099883511025439
2024-02-14,3.3495541938075064
2024-02-15,2.493657712796164
2024-02-16,3.8794318387474505
2024-02-19,1.7203928460046427
2024-02-20,-1.217532797217018
2024-02-21,1.368184943678699
2024-02-22,4.697299938767344
2024-02-23,2.376996332993599
2024-02-26,0.9194567522136197
2024-02-27,-3.910355704565916
2024-02-28,1.7748731505935211
2024-02-29,1.7533183332783153
2024-03-01,0.04675146077701697
2024-03-04,2.9942789723084218
2024-03-05,-3.9093132344320054
2024-03-06,0.814849095882721
2024-03-07,1.8086982198734631
2024-03-08,0.6608391954618753
2024-03-11,-3.0764182606888255
2024-03-12,1.1744160311837675
2024-03-13,4.105980233381558
2024-03-14,1.1050717406378112
2024-03-15,0.12936700075204044
2024-03-18,0.39692876045481285
2024-03-19,0.9773652433256359
2024-03-20,-0.40461664935747876
2024-03-21,1.1754394314550325
2024-03-22,1.3121620170209383
2024-03-25,-2.395543184576269
2024-03-26,0.6957432989814549
2024-03-27,-6.756323208714775
2024-03-28,-0.27607088158939064
2024-04-02,-5.5924120948604354
2024-04-03,2.021278574198675
2024-04-04,1.5037248057371073
2024-04-05,-0.690004888440086
2024-04-08,2.0485695604010914
2024-04-09,-2.6676608408568256
2024-04-10,2.5862424525926997
2024-04-11,-0.1596930296877872
2024-04-12,0.10706932902229482
2024-04-15,2.729153212842334
2024-04-16,-2.8509581776081347
2024-04-17,1.1141880490085043
2024-04-18,5.397535367634703
2024-04-19,-7.118884045071468
2024-04-22,-3.4991791760736533
2024-04-23,4.483997024892119
2024-04-24,3.3038185941200027
2024-04-25,-1.4161018204302707
2024-04-26,6.084134192548362
2024-04-29,-0.6205691108144435
2024-04-30,-0.2050381266014938
2024-05-02,-1.8978466631864421
2024-05-03,2.2334630736738177
2024-05-06,3.216107495799406
2024-05-07,2.5937623053990535
2024-05-08,5.531429993835786
2024-05-09,3.537808990544619
2024-05-10,4.445778325813706
2024-05-13,0.29994298412873377
2024-05-14,0.6867902104773975
2024-05-15,3.1618639349983937
2024-05-16,-3.971874058636587
2024-05-17,-3.9120272080510574
2024-05-20,2.6919763763198716
2024-05-21,-0.6606624923045956
2024-05-22,1.8154125337725873
2024-05-23,2.4461126665018185
2024-05-24,2.656337177275958
2024-05-27,0.026955015853332043
2024-05-28,-4.534576448962582
2024-05-29,-5.635793347633012
2024-05-30,0.465296088094334
2024-05-31,-1.7611625261160384
2024-06-03,-0.7994750626878329
2024-06-04,-2.040866337969021
2024-06-05,3.987268442033411
2024-06-06,-0.11087025146431984
2024-06-07,-1.744339116496377
2024-06-10,1.4632723058858517
2024-06-11,-2.032144371517205
2024-06-12,10.564757589613237
2024-06-13,-7.07194540082034
2024-06-14,-7.851532714359166
2024-06-17,1.7041077862451175
2024-06-18,3.9202478454985794
2024-06-19,-2.1167171145964687
2024-06-20,3.2913404798237877
2024-06-21,-2.073070056059464
2024-06-24,1.2633461651660411
2024-06-25,-1.1546701165385116
2024-06-26,0.1429868457006478
2024-06-27,-0.9364340015217465
2024-06-28,-1.3994363836846162
2024-07-01,1.2100056900460459
2024-07-02,-1.3051055296371032
2024-07-03,4.118216043182059
2024-07-04,1.6311633975258246
2024-07-05,-1.8400399534376959
2024-07-08,1.2968965401997536
2024-07-09,-4.281582881982786
2024-07-10,2.2344638113908104
2024-07-11,2.1190497309676175
2024-07-12,5.658221829308985
2024-07-15,-2.580040223516221
2024-07-16,-0.12175396880752487
2024-07-17,-4.233655974428046
2024-07-18,-7.0826563824036555
2024-07-19,1.7755052017801347
2024-07-22,3.0492172118037217
2024-07-23,2.5915817611095235
2024-07-24,-2.966160165106146
2024-07-25,-9.372281707666588
2024-07-26,3.201153956707742
2024-07-29,-2.275403829749507
2024-07-30,-2.8154664028962486
2024-07-31,6.818617914017011
2024-08-01,-8.421067501886228
2024-08-02,-9.949533874718384
2024-08-05,-3.2092704464152177
2024-08-06,-0.4705635656220011
2024-08-07,6.40905247661226
2024-08-08,0.5827393136392516
2024-08-09,2.0497332068758567
2024-08-12,0.6906191036434564
2024-08-13,3.0909258235964217
2024-08-14,3.645311049314074
2024-08-15,4.046245314240764
2024-08-16,1.2665568431994814
2024-08-19,1.9727633586471711
2024-08-20,0.5207898305475567
2024-08-21,1.486167371666113
2024-08-22,0.6393256695907894
2024-08-23,1.287591052453422
2024-08-26,-1.0614638325212695
2024-08-27,-0.5063944185417881
2024-08-28,1.3610799065646972
2024-08-29,3.702606599902481
2024-08-30,-0.5073162661776394
2024-09-02,0.961192799825767
2024-09-03,-3.747147435158439
2024-09-04,-2.094987603646956
2024-09-05,-4.86304411457175
2024-09-06,-5.630000335151067
2024-09-09,3.5818315332220436
2024-09-10,0.26661000825200176
2024-09-11,0.5371038387878571
2024-09-12,6.412499347038221
2024-09-13,1.2269004832824066
2024-09-16,0.27450365404484955
2024-09-17,3.3875906555560675
2024-09-18,-0.816436794772585
2024-09-19,9.45153972408292
2024-09-20,-4.060235370084769
2024-09-23,4.6306744614775255
2024-09-24,1.7848299599136226
2024-09-25,1.6132421808452193
2024-09-26,3.498326173589618
2024-09-27,-4.058308727145544
2024-09-30,-3.9432358803669274
2024-10-01,-0.5912787883250417
2024-10-02,0.5083188073616327
2024-10-03,-3.939992242407328
2024-10-04,1.4519644186215714
2024-10-07,1.4029484969066743
2024-10-08,2.559737922759723
2024-10-09,3.8029983008517547
2024-10-10,-2.9008059274004836
2024-10-11,2.777379413401718
2024-10-14,2.240166349760301
2024-10-15,-3.3672904122039995
2024-10-16,-1.61525269240758
2024-10-17,8.498702671723038
2024-10-18,-1.119634922958312
2024-10-21,-2.1217747019800584
2024-10-22,-1.1796344465841742
2024-10-23,-2.3255444864228707
2024-10-24,0.23231476583293897
2024-10-25,1.4392367522407312
2024-10-28,2.98931114264073
2024-10-29,-3.960389847379588
2024-10-30,1.538027276229002
2024-10-31,-5.429786409277824
2024-11-01,2.4836538149075693
2024-11-04,-5.866251400714532
2024-11-05,5.382089895394984
2024-11-06,-0.6122457284999143
2024-11-07,1.5188331300172706
2024-11-08,0.2602524125201455
2024-11-11,8.298236999979565
2024-11-12,-9.81193753619445
2024-11-13,2.7804056470697844
2024-11-14,3.599445910316234
2024-11-15,-2.978257884988608
2024-11-18,-2.494562718558001
2024-11-19,-0.6589565476311634
2024-11-20,-2.386745650525768
2024-11-21,2.9107381376163346
2024-11-22,1.4119152785956999
2024-11-25,-1.0067277502376726
2024-11-26,-0.9137911571377231
2024-11-27,-1.467433777184823
2024-11-28,1.2609305135600266
2024-11-29,3.8653171878454486
2024-12-02,-0.0037372250420162345
2024-12-03,1.3919792002711517
2024-12-04,5.386991545231183
2024-12-05,-0.4974143940765714
2024-12-06,3.2402483567896923
2024-12-09,-2.9940123875471727
2024-12-10,-5.097778964800199
2024-12-11,4.5178742090326125
2024-12-12,-3.7502390704167397
2024-12-13,-0.011966697947940474
2024-12-16,0.15233313785680025
2024-12-17,1.5759161530471602
2024-12-18,2.0411571444066112
2024-12-19,-7.751265046817338
2024-12-20,-0.9046454622946385
2024-12-23,-0.7814386679226857
2024-12-24,0.534000110033162
2024-12-27,0.7579051407186057
2024-12-30,-1.749222628238556
2024-12-31,1.8759834641475095
2025-01-02,0.9815684534058562
2025-01-03,-1.4607123043138017
2025-01-06,10.590649619474704
2025-01-07,2.1655638162517334
2025-01-08,-0.4142975858772502
2025-01-09,4.794794121651449
2025-01-10,-5.106689372040989
2025-01-13,-2.8874767764169462
2025-01-14,1.4464796184434192
2025-01-15,2.217406509573266
2025-01-16,2.701591366493375
2025-01-17,4.659615978352662
2025-01-20,1.7908865992597498
2025-01-21,2.876034656350839
2025-01-22,7.516415547415477
2025-01-23,2.374091302322938
2025-01-24,-0.6480690325901719
2025-01-27,-25.451173843020285
2025-01-28,-18.922902165250065
2025-01-29,8.203209883621383
2025-01-30,1.4339860256805537
2025-01-31,4.331408094793687
2025-02-03,-6.3766384253472665
2025-02-04,2.282195056132906
2025-02-05,-7.111759291826701
2025-02-06,5.624553733872261
2025-02-07,-3.064205144169847
2025-02-10,6.492395865072012
2025-02-11,2.884591205369901
2025-02-12,-5.413627449350429
2025-02-13,5.038478459028767
2025-02-14,1.551927961063626
2025-02-17,0.710272881688411
2025-02-18,5.517436367179101
2025-02-19,-3.8855443194057386
2025-02-20,6.874007409185879
2025-02-21,2.9937043919441635
2025-02-24,-16.40655406200554
2025-02-25,-8.493631305930279
2025-02-26,5.3410888024748715
2025-02-27,-4.789595424100725
2025-02-28,-1.1316058063475793
2025-03-03,-3.42667299067719
2025-03-04,-10.565529869839708
2025-03-05,5.778511338555916
2025-03-06,-4.06073663255259
2025-03-07,0.6420022602942197
2025-03-10,-3.7423844832474913
2025-03-11,3.9046573766821098
2025-03-12,3.8106574198710064
2025-03-13,-3.2279109991527264
2025-03-14,3.80364753429933
2025-03-17,4.046520674034241
2025-03-18,4.216038311293147
2025-03-19,5.9903649747851375
2025-03-20,-4.410322886428162
2025-03-21,-3.8835758004110232
2025-03-24,0.7778050035230137
2025-03-25,1.0226161296747307
2025-03-26,-6.863732331443487
2025-03-27,-3.1720866610851317
2025-03-28,-7.4300267802686335
2025-03-31,-6.479145659167301
2025-04-01,3.2576448165440013
2025-04-02,-2.404589019704531
2025-04-03,-11.396896458738667
2025-04-04,-12.612553400606572
2025-04-07,-4.032434246300625
2025-04-08,3.09994807984242
2025-04-09,-6.313515024120221
2025-04-10,10.302513139623272
2025-04-11,1.8608415322047733
2025-04-14,6.089293920910393
2025-04-15,5.089728264897019
2025-04-16,-2.7419003226672487
2025-04-17,1.0346138764072919
2025-04-22,-4.673014678532894
2025-04-23,8.517262063920157
2025-04-24,2.4816917834378387
2025-04-25,5.453476652341294
2025-04-28,1.257700372416764
2025-04-29,-12.472626558152257
2025-04-30,-0.35375806794945674
2025-05-02,9.213548366876665
2025-05-05,-3.0736989278060776
2025-05-06,1.962193693166256
2025-05-07,-0.16645669788454143
2025-05-08,3.14166467549299
2025-05-09,-2.013041844636234
2025-05-12,6.697582221101243
2025-05-13,0.621706783588138
2025-05-14,1.1413479282850858
2025-05-15,-0.5341968439500135
2025-05-16,-2.4779616686089128
2025-05-19,-0.04204701063130756
2025-05-20,3.9724366207258015
2025-05-21,-1.7663939202655285
2025-05-22,0.5194887108373791
2025-05-23,-4.556823910778405
2025-05-26,4.644426362019345
2025-05-27,2.542106889670066
2025-05-28,-0.9117458420971047
2025-05-29,-0.38703612183715563
2025-05-30,-1.131026453730982
2025-06-02,-0.9006452653698318
2025-06-03,2.285285264198734
2025-06-04,2.7422474054705503
2025-06-05,0.6155220547038311
2025-06-06,2.0966089443201383
2025-06-09,-1.3591033325795934
2025-06-10,2.8868251155637665
2025-06-11,-5.446476784713951
2025-06-12,-2.7375270403952356
2025-06-13,-0.5284576812703392
2025-06-16,1.8665006711266585
2025-06-17,-0.2581781724198322
2025-06-18,-4.880035531662486
2025-06-19,-3.181229432393337
2025-06-20,-0.44765990800561895
2025-06-23,-1.2509985050420767
2025-06-24,5.039510393810588
2025-06-25,-3.3037553274533593
2025-06-26,1.0672201936985743
2025-06-27,14.395840421895258
2025-06-30,-3.697696453499532
2025-07-01,-3.041412386195617
2025-07-02,1.043573537113815
2025-07-03,1.9068648399625943
2025-07-04,-3.3423932628755324
2025-07-07,1.8182418537610374
2025-07-08,-0.21227094649773903
2025-07-09,3.8778982761128304
2025-07-10,-1.9004710530564353
2025-07-11,-0.005976671543066914
2025-07-14,-1.8199364749919766
2025-07-15,1.979526729378307
2025-07-16,-3.319024457560289
2025-07-17,17.382789522667508
2025-07-18,-2.216434166854498
2025-07-21,-0.31934044087952884
2025-07-22,-3.7972506335035803
2025-07-23,4.294801442653238
2025-07-24,2.3322949300945197
2025-07-25,-2.5577532911687797
2025-07-28,0.20569614343420994
2025-07-29,2.4012557150165605
2025-07-30,0.9185965264571507
2025-07-31,-11.185232603854473
2025-08-01,-14.677012293762942
2025-08-04,4.4697763097732945
2025-08-05,-5.576353987600243
2025-08-06,-0.4822761318153823
2025-08-07,5.024812501846299
2025-08-08,2.302503040468963
2025-08-11,-2.6176177795128126
2025-08-12,3.461765311824621
2025-08-13,-4.637862076606581
2025-08-14,4.0273126838191615
2025-08-15,-1.2210394812279048
2025-08-18,-1.700632957705949
2025-08-19,4.433738990647498
2025-08-20,-7.974985849487268
2025-08-21,-0.4727328599504119
2025-08-22,0.17309704093142386
2025-08-25,-2.23875731151972
2025-08-26,-2.8471850675087467
2025-08-27,0.2822699459423461
2025-08-28,2.2486107713234276
