Date,0
2008-01-02,0.0
2008-01-03,-0.3899972456452474
2008-01-04,-0.9577390360023088
2008-01-07,0.07049265216845413
2008-01-08,0.3357412356082392
2008-01-09,-0.6498079952948927
2008-01-10,-0.6784028160868445
2008-01-11,0.055025967984903446
2008-01-14,0.12539900920052105
2008-01-15,-1.574522050733762
2008-01-16,-0.9320923979853291
2008-01-17,-0.5308143316372593
2008-01-18,-0.9671838426295665
2008-01-21,-5.001059902132084
2008-01-22,-0.2610300082700263
2008-01-23,-3.0783154896932032
2008-01-24,3.5250359644166025
2008-01-25,0.12201500152472988
2008-01-28,-0.11138262047774106
2008-01-29,0.7607035051260738
2008-01-30,-0.12313479058495602
2008-01-31,-0.34451715847993114
2008-02-01,1.2552556658908145
2008-02-04,0.20038659654413493
2008-02-05,-2.197004073086603
2008-02-06,0.7705845851247375
2008-02-07,-1.1078411725696071
2008-02-08,0.35299833295322003
2008-02-11,-0.2572924978136655
2008-02-12,2.157411123078603
2008-02-13,0.0850760017851826
2008-02-14,-0.16313228393686074
2008-02-15,-1.179267419190225
2008-02-18,1.220403155795509
2008-02-19,0.4002473776119615
2008-02-20,-1.0157545256293758
2008-02-21,0.027602516239170427
2008-02-22,-0.8749491543779868
2008-02-25,0.6307412599442301
2008-02-26,1.0863827089044236
2008-02-27,0.0612547168901898
2008-02-28,-1.2874505125840159
2008-02-29,-1.0698927762086328
2008-03-03,-0.6257813449868905
2008-03-04,-1.3007373305116232
2008-03-05,1.2373818149430846
2008-03-06,-0.8062952612985228
2008-03-07,-0.7892808314825643
2008-03-10,-0.6360640973184672
2008-03-11,0.7716379283516588
2008-03-12,0.6572766499570903
2008-03-13,-0.8784779895379131
2008-03-14,-0.5217128114512946
2008-03-17,-2.540299440735268
2008-03-18,1.9753149375706727
2008-03-19,-0.2520132729241098
2008-03-20,-0.4396330434374818
2008-03-25,1.9610179920529234
2008-03-26,-0.29090876658484177
2008-03-27,0.7649068006980215
2008-03-28,-0.07648350103853119
2008-03-31,-0.3160667829692869
2008-04-01,1.7974293438063853
2008-04-02,0.5876047099725454
2008-04-03,-0.4339889110664643
2008-04-04,0.31424988697824574
2008-04-07,0.4714010913137088
2008-04-08,-0.43058870905953484
2008-04-09,-0.47503956580887063
2008-04-10,-0.21500369469234926
2008-04-11,-0.8809741818134427
2008-04-14,-0.5625087133891213
2008-04-15,0.3528529694527549
2008-04-16,1.107415221619931
2008-04-17,-0.21868669890045567
2008-04-18,1.5842477079946065
2008-04-21,-0.5697862027659397
2008-04-22,-0.554363218368934
2008-04-23,0.6468892641122181
2008-04-24,0.24124889456039966
2008-04-25,0.7249606694767436
2008-04-28,0.27687391416529294
2008-04-29,-0.3808065012886459
2008-04-30,0.5994333947138131
2008-05-02,0.4295357290458668
2008-05-05,0.07500344821920635
2008-05-06,-0.32744127775275444
2008-05-07,0.5555688488634587
2008-05-08,-0.0277692305085111
2008-05-09,-0.6634252597071679
2008-05-12,0.3094288249734518
2008-05-13,0.245250485460204
2008-05-14,0.20124850294858732
2008-05-15,0.000727407410778369
2008-05-16,0.6948618127448754
2008-05-19,0.6765132065556685
2008-05-20,-1.0181820187085435
2008-05-21,-0.7616613569051367
2008-05-22,0.30235421652690775
2008-05-23,-1.2118495912589253
2008-05-26,0.07698521120707369
2008-05-27,0.08690089908621701
2008-05-28,0.6639239864586415
2008-05-29,0.2516394001016664
2008-05-30,0.3565741092052974
2008-06-02,-0.8169856019275414
2008-06-03,0.0986694499135865
2008-06-04,-0.5225263124090702
2008-06-05,-0.2063653304483637
2008-06-06,-1.3264207241670078
2008-06-09,0.10131179847958549
2008-06-10,-0.3954212240444548
2008-06-11,-1.1778084827368858
2008-06-12,0.6273427052565239
2008-06-13,0.49158307513334876
2008-06-16,-0.3640042735272502
2008-06-17,0.6547496011547409
2008-06-18,-0.648930076802209
2008-06-19,-0.08598993025889712
2008-06-20,-1.320221290343916
2008-06-23,0.04458813358844793
2008-06-24,-0.45359117247205916
2008-06-25,0.7329950895565318
2008-06-26,-1.4667422581973995
2008-06-27,-0.3902514088897675
2008-06-30,-0.02564700493703498
2008-07-01,-0.9510557973932734
2008-07-02,-0.15055329829265673
2008-07-03,0.5173373993254486
2008-07-04,-0.8082450876305032
2008-07-07,1.1578769257274928
2008-07-08,-0.8058236451097613
2008-07-09,0.6864320944318223
2008-07-10,-0.6613301377703422
2008-07-11,-1.5364667269831926
2008-07-14,0.47674792911083586
2008-07-15,-1.0829088940565441
2008-07-16,0.5829476476052804
2008-07-17,1.2504948097403883
2008-07-18,0.9380804072447475
2008-07-21,0.4625046985275816
2008-07-22,0.18550580600650335
2008-07-23,0.8013957690399778
2008-07-24,-0.7725687945664674
2008-07-25,-0.18230848870953054
2008-07-28,-0.704712100621343
2008-07-29,0.3997570526071854
2008-07-30,0.5659598391903629
2008-07-31,0.26124978758551975
2008-08-01,-0.9020591642283122
2008-08-04,-0.34716699105795357
2008-08-05,1.5438597033009813
2008-08-06,0.42767370604835264
2008-08-07,-0.14767811878525094
2008-08-08,0.11739677849894292
2008-08-11,0.5321700350882708
2008-08-12,-0.2957902558467609
2008-08-13,-1.5121572897406281
2008-08-14,0.18032483800740806
2008-08-15,0.014993397189030588
2008-08-18,-0.08532947584298256
2008-08-19,-1.4736888546694686
2008-08-20,0.3541779491280437
2008-08-21,-0.7536732793589351
2008-08-22,0.9495973709043
2008-08-25,-0.3515504259770097
2008-08-26,0.32858271234199066
2008-08-27,-0.1174675047989524
2008-08-28,0.914329285598626
2008-08-29,0.007396842285118055
2008-09-01,0.033035316856349084
2008-09-02,0.8592198006747935
2008-09-03,-0.41416008632205603
2008-09-04,-1.8419995228007977
2008-09-05,-1.4329100305090279
2008-09-08,1.3041225005942678
2008-09-09,-0.29558571587001126
2008-09-10,-0.2061699003548867
2008-09-11,-0.3127228334124723
2008-09-12,0.5316151211329156
2008-09-15,-1.5935944187411692
2008-09-16,-0.9915253851947199
2008-09-17,-0.9456016908720386
2008-09-18,-0.014287782481176237
2008-09-19,3.105479794229872
2008-09-22,-0.7294176576178728
2008-09-23,-0.4726494694884096
2008-09-24,-0.03166251336135417
2008-09-25,1.0470587741214175
2008-09-26,-0.979744166364334
2008-09-29,-2.4446896239401994
2008-09-30,0.16203441855987677
2008-10-01,-0.1251075183952679
2008-10-02,-1.4945303986146996
2008-10-03,1.3599792802530004
2008-10-06,-3.8623753128647493
2008-10-07,-0.7204967428254534
2008-10-08,-2.762492455309264
2008-10-09,-1.4189449019622984
2008-10-10,-3.089495577291558
2008-10-13,4.802441801835052
2008-10-14,1.3640416792577028
2008-10-15,-3.1658697377236606
2008-10-16,-2.4041556195637668
2008-10-17,1.6571375985002135
2008-10-20,0.3943923788138761
2008-10-21,-0.43083176264436673
2008-10-22,-1.9896757749278606
2008-10-23,-0.6107115749926422
2008-10-24,-1.9617769978963295
2008-10-27,0.1969402901190236
2008-10-28,4.7397954124446
2008-10-29,-0.10384059117872368
2008-10-30,0.4306443343220323
2008-10-31,1.3357817093220845
2008-11-03,0.1727108929654051
2008-11-04,2.481914210868638
2008-11-05,-1.015144959785168
2008-11-06,-3.5059586275003483
2008-11-07,1.3553922497587436
2008-11-10,0.7047155058793138
2008-11-11,-2.442380163216022
2008-11-12,-1.3424576865523932
2008-11-13,0.2021174237403116
2008-11-14,0.6988251815163053
2008-11-17,-1.5673943790560827
2008-11-18,0.2675995079287574
2008-11-19,-2.117066050165093
2008-11-20,-1.3682778369442232
2008-11-21,-0.7486669193582784
2008-11-24,3.8987390164442957
2008-11-25,0.2102022099558738
2008-11-26,-0.0984629221784914
2008-11-27,1.0087848050974912
2008-11-28,0.11778538212951162
2008-12-01,-2.7373571523466182
2008-12-02,1.4066834795597671
2008-12-03,0.29443850308482666
2008-12-04,-0.05041845002443779
2008-12-05,-1.6464202644829413
2008-12-08,3.025381793924069
2008-12-09,0.7717969552114994
2008-12-10,0.10801093773916648
2008-12-11,-0.293826157238982
2008-12-12,-0.958704407191334
2008-12-15,-0.1938921534878304
2008-12-16,0.8675357329914846
2008-12-17,-0.33647390343531924
2008-12-18,0.5232129838237753
2008-12-19,-0.5442641157898436
2008-12-22,-0.6506097173167404
2008-12-23,0.045766305756998804
2008-12-29,0.5808444495962277
2008-12-30,1.082556234909923
2009-01-02,1.5310529745759283
2009-01-05,0.19801560434151355
2009-01-06,0.47765778540890125
2009-01-07,-1.0245724224959858
2009-01-08,-0.5225779233787335
2009-01-09,-0.9783590979642085
2009-01-12,-0.6525570000762784
2009-01-13,-0.6189709847238376
2009-01-14,-2.159060606419011
2009-01-15,-0.9398925032961643
2009-01-16,0.41219857771010027
2009-01-19,-0.5429413019557359
2009-01-20,-0.5820945257749344
2009-01-21,0.11761714742003448
2009-01-22,-0.28127126685611614
2009-01-23,-0.5841701833347202
2009-01-26,1.5089784579573902
2009-01-27,0.015395892616140827
2009-01-28,1.7285379220756383
2009-01-29,-0.6811213812744441
2009-01-30,-0.9832848795240565
2009-02-02,-0.5634282016623331
2009-02-03,1.0170350300279338
2009-02-04,1.0785601573421246
2009-02-05,0.273532016913542
2009-02-06,1.1427139295541195
2009-02-09,0.27369763906248323
2009-02-10,-1.6441893309724236
2009-02-11,0.27798335252874296
2009-02-12,-1.1100609897428342
2009-02-13,-0.023098453110812045
2009-02-16,-0.35360445765574156
2009-02-17,-1.5267575508776048
2009-02-18,-0.08400702025259932
2009-02-19,0.18898074900797468
2009-02-20,-2.0722059557754307
2009-02-23,-0.6279282988073902
2009-02-24,-0.40579682109797943
2009-02-25,-0.5253201616631458
2009-02-26,1.0304684194671268
2009-02-27,-1.0230452195349926
2009-03-02,-1.356215257161999
2009-03-03,-0.14931590428853525
2009-03-04,1.9937059272769346
2009-03-05,-1.7836911989881727
2009-03-06,-0.38736140229602967
2009-03-09,0.31614230022933754
2009-03-10,1.7348605569187328
2009-03-11,0.3694444330906421
2009-03-12,0.4278168363147614
2009-03-13,-0.03344229021752909
2009-03-16,0.874394494843763
2009-03-17,-0.6262986816299261
2009-03-18,0.07230144155437301
2009-03-19,0.5376854658146257
2009-03-20,0.23627225842226807
2009-03-23,0.9942466924905702
2009-03-24,0.09069035031718187
2009-03-25,0.33953615771773826
2009-03-26,0.3210745159330557
2009-03-27,-0.5394524905693743
2009-03-30,-2.039611966363289
2009-03-31,0.9022524140693449
2009-04-01,0.5700087854036013
2009-04-02,2.2039939500672716
2009-04-03,0.1679352008697066
2009-04-06,-0.41111356969961577
2009-04-07,-0.2764729868714184
2009-04-08,0.4400921836466267
2009-04-09,1.1359568082789053
2009-04-14,0.6747844549600899
2009-04-15,-0.08120392068185822
2009-04-16,0.5214347244146538
2009-04-17,0.6650432550533694
2009-04-20,-1.754985393174472
2009-04-21,0.1051094533872643
2009-04-22,0.9105681999310704
2009-04-23,-0.5360428842457807
2009-04-24,1.2620301063346133
2009-04-27,0.21333983546217894
2009-04-28,-0.8532368128935275
2009-04-29,0.8924911178925612
2009-04-30,0.6317388261885029
2009-05-04,0.7939040532958757
2009-05-05,-0.478722944970265
2009-05-06,0.23034732281201542
2009-05-07,-0.6634322444816831
2009-05-08,1.0280248646979544
2009-05-11,-0.44883420741297897
2009-05-12,-0.07290107973075521
2009-05-13,-1.315393572467677
2009-05-14,0.10221453959871951
2009-05-15,-0.02656166357648715
2009-05-18,1.1517890224097158
2009-05-19,1.0324839021448824
2009-05-20,0.7205592533666589
2009-05-21,-1.2957397099253072
2009-05-22,0.12504136210795735
2009-05-25,0.10220794490425789
2009-05-26,0.4932703991999503
2009-05-27,0.19183370424423174
2009-05-28,-0.5948751502443415
2009-05-29,-0.041289113893050455
2009-06-01,1.975603391850676
2009-06-02,-0.006029926299362387
2009-06-03,-0.7838256536058381
2009-06-04,0.05538100161988524
2009-06-05,0.07490902757717777
2009-06-08,-0.6483695772379292
2009-06-09,-0.04495374733659219
2009-06-10,0.5294628501387848
2009-06-11,0.4670260148227783
2009-06-12,-0.3100755368770436
2009-06-15,-1.6929018902759836
2009-06-16,-0.05121674416272981
2009-06-17,-0.7951226299978984
2009-06-18,0.3493070593078045
2009-06-19,0.0552400658182961
2009-06-22,-1.4665405473591306
2009-06-23,0.1602462096984354
2009-06-24,1.2492625953930983
2009-06-25,-0.35743524297922846
2009-06-26,-0.24796216718193165
2009-06-29,1.022819116491533
2009-06-30,-0.8298667946425198
2009-07-01,1.0650257998768637
2009-07-02,-1.7457284203475893
2009-07-03,-0.24106243496433422
2009-07-06,-0.3228938565711488
2009-07-07,-0.6315224432516118
2009-07-08,-0.18160270689323
2009-07-09,0.5322982338714581
2009-07-10,-0.5495426981144789
2009-07-13,1.4602796814881316
2009-07-14,0.5394508435034879
2009-07-15,1.3385481941222608
2009-07-16,0.2636606274115678
2009-07-17,0.18063591580174432
2009-07-20,0.5136591654368132
2009-07-21,0.5945069188251821
2009-07-22,0.2064873304135375
2009-07-23,1.2466017540480436
2009-07-24,-0.20869228201235757
2009-07-27,0.22830173447658808
2009-07-28,-0.7932985409223292
2009-07-29,0.9695148823106337
2009-07-30,0.8551759480520573
2009-07-31,-0.22246282802282735
2009-08-03,0.8380091350530847
2009-08-04,-0.04692607712543406
2009-08-05,-0.7010618582296857
2009-08-06,0.28984100485207165
2009-08-07,0.7579805568724893
2009-08-10,-0.39085723926817906
2009-08-11,-1.2436845878681098
2009-08-12,0.5758234534808935
2009-08-13,0.5222764799745505
2009-08-14,-0.8979505222124828
2009-08-17,-0.9661014838233584
2009-08-18,0.39526579990159405
2009-08-19,-0.14312218857536863
2009-08-20,0.7454622480457331
2009-08-21,1.4122765105349941
2009-08-24,0.5116825661398039
2009-08-25,0.35043353946947775
2009-08-26,-0.3396166053625862
2009-08-27,-0.43231639847604697
2009-08-28,0.40528546374476804
2009-08-31,-0.4694268166717137
2009-09-01,-1.4315943712509522
2009-09-02,0.023381352281425904
2009-09-03,-0.12951684035593303
2009-09-04,0.7683716053226419
2009-09-07,0.773530347933594
2009-09-08,0.10895337489257884
2009-09-09,0.9322311212114585
2009-09-10,0.20805632718818146
2009-09-11,0.207767680570754
2009-09-14,0.0262496662500169
2009-09-15,0.019511267701609825
2009-09-16,0.699861610175212
2009-09-17,0.2902630663107928
2009-09-18,-0.2865227579201175
2009-09-21,-0.2633682396416859
2009-09-22,0.3126238353403892
2009-09-23,-0.012851130417260492
2009-09-24,-0.9246640392020495
2009-09-25,-0.2461172206240363
2009-09-28,1.457669358552515
2009-09-29,-0.19060975983101258
2009-09-30,-0.4507195313468557
2009-10-01,-1.0846657559759834
2009-10-02,-0.8073153229805428
2009-10-05,0.44719360215153614
2009-10-06,1.3377064901728346
2009-10-07,-0.1245964236159054
2009-10-08,0.6842172546768523
2009-10-09,-0.05762910290491874
2009-10-12,0.7071538613534472
2009-10-13,-0.6457521635975638
2009-10-14,1.2787751397525895
2009-10-15,-0.1681136012658726
2009-10-16,-0.8377356080803438
2009-10-19,1.0070367160977653
2009-10-20,-0.3901077844450569
2009-10-21,0.22029356048557958
2009-10-22,-0.6360882980099802
2009-10-23,-0.306676039113853
2009-10-26,-0.8495941069027353
2009-10-27,-0.07856920078451424
2009-10-28,-1.3232185859168268
2009-10-29,0.9070227571442544
2009-10-30,-1.6871620086336279
2009-11-02,0.1427457798120244
2009-11-03,-0.6749992801935392
2009-11-04,0.8120222851020529
2009-11-05,0.4620175062504899
2009-11-06,-0.054983122292647124
2009-11-09,1.2601600000307371
2009-11-10,0.02282644781683274
2009-11-11,0.4604907343946749
2009-11-12,-0.002494903426793371
2009-11-13,0.18440196259916064
2009-11-16,1.1176657832988965
2009-11-17,-0.2043483259009662
2009-11-18,-0.021777226310412345
2009-11-19,-0.721666337593895
2009-11-20,-0.4652231521024248
2009-11-23,1.371574490895334
2009-11-24,-0.3145833075410778
2009-11-25,0.26191771063390235
2009-11-26,-1.6377222848065145
2009-11-27,0.5182022255217476
2009-11-30,-0.48362495220932544
2009-12-01,1.3883166591642961
2009-12-02,0.021383756389518283
2009-12-03,-0.05333486811364452
2009-12-04,0.3125519347991812
2009-12-07,-0.14657292855581971
2009-12-08,-1.0371604487699457
2009-12-09,-0.3627781821309384
2009-12-10,0.6864073364254608
2009-12-11,0.3607966060818839
2009-12-14,0.5409312677315512
2009-12-15,-0.025607158501522065
2009-12-16,0.873148303952398
2009-12-17,-0.4983014885568906
2009-12-18,-0.2302088300291416
2009-12-21,1.017729397490882
2009-12-22,0.1384642375400702
2009-12-23,0.14519281303437737
2009-12-28,0.4598037043819687
2009-12-29,-0.0376909728646595
2009-12-30,-0.18923943898269613
2010-01-04,0.5425528882910484
2010-01-05,-0.12559910994296786
2010-01-06,0.03229072476409556
2010-01-07,-0.16294889716728989
2010-01-08,0.205224665525499
2010-01-11,-0.042683015512409384
2010-01-12,-0.87322902043163
2010-01-13,0.1857587347342715
2010-01-14,0.26990231838018275
2010-01-15,-1.0849398029521922
2010-01-18,0.3167570923562124
2010-01-19,0.6454061206604962
2010-01-20,-1.2338301242337977
2010-01-21,-0.9206071782117249
2010-01-22,-0.5059135617241992
2010-01-25,-0.7445959182184083
2010-01-26,0.5047504068988005
2010-01-27,-0.27651621891517664
2010-01-28,-0.9208127864169597
2010-01-29,0.6498432098917633
2010-02-01,0.4107114561532086
2010-02-02,0.5358227855360056
2010-02-03,-0.4062723217072701
2010-02-04,-1.2885777068070894
2010-02-05,-0.8631545175113757
2010-02-08,0.3526943400533469
2010-02-09,0.23628851313790022
2010-02-10,0.3059449266291949
2010-02-11,-0.20624050192942178
2010-02-12,-0.1410444257881096
2010-02-15,0.1417408955556425
2010-02-16,0.7391406716350488
2010-02-17,0.5562229038151543
2010-02-18,0.25031909212032133
2010-02-19,0.373599093430947
2010-02-22,-0.2719283970412505
2010-02-23,-0.7696970345741718
2010-02-24,0.06432179426485618
2010-02-25,-0.7544485833989114
2010-02-26,0.6280401180713397
2010-03-01,1.083903051678675
2010-03-02,0.5492965093936917
2010-03-03,0.37686059250855664
2010-03-04,-0.20285171805500823
2010-03-05,0.7342123163411358
2010-03-08,0.07312157177653233
2010-03-09,0.051948461258447765
2010-03-10,0.5295971814516562
2010-03-11,-0.09420418764180027
2010-03-12,0.0638853835815496
2010-03-15,-0.28605499720504923
2010-03-16,0.5217144840509107
2010-03-17,0.5813393954223827
2010-03-18,-0.14681218964921783
2010-03-19,-0.3103054298135959
2010-03-22,0.1630635811592427
2010-03-23,0.19003414739196245
2010-03-24,0.2648549601085861
2010-03-25,0.829126282429165
2010-03-26,-0.16329338653300596
2010-03-29,0.3701605172384461
2010-03-30,-0.12763348877507497
2010-03-31,0.1089531032317197
2010-04-01,0.706825448087308
2010-04-06,0.24571060856838756
2010-04-07,-0.30568438750364635
2010-04-08,-0.4392412032669597
2010-04-09,0.681708827456049
2010-04-12,0.04851368323701877
2010-04-13,-0.19437220566630486
2010-04-14,0.44559378027140895
2010-04-15,0.1212766779110197
2010-04-16,-1.0031314746206448
2010-04-19,-0.2218262978666985
2010-04-20,0.9335724824875129
2010-04-21,-0.336910723669682
2010-04-22,-0.5385908453649648
2010-04-23,0.8869263915675845
2010-04-26,0.651636321190395
2010-04-27,-1.5635140500678872
2010-04-28,-0.8880108234094664
2010-04-29,0.67035876683493
2010-04-30,-0.2634844797370022
2010-05-03,0.11872317097124352
2010-05-04,-1.4208524618586154
2010-05-05,-0.5100358365742679
2010-05-06,-0.3812881781279245
2010-05-07,-1.9748259806772168
2010-05-10,2.7300249528381784
2010-05-11,0.4067037514599363
2010-05-12,1.2546364374930477
2010-05-13,0.7064455236844012
2010-05-14,-1.7704500597018509
2010-05-17,0.030722126949072504
2010-05-18,0.9154742665964761
2010-05-19,-1.7192260845153342
2010-05-20,-1.0219874073719595
2010-05-21,-0.5272462068553594
2010-05-24,-0.04938185375070958
2010-05-25,-1.2875148615223537
2010-05-26,0.628937488922034
2010-05-27,1.892907753636706
2010-05-28,0.011176296413324849
2010-05-31,0.16694714118409593
2010-06-01,0.1623620963414325
2010-06-02,-0.021504835166275882
2010-06-03,0.8241175619106897
2010-06-04,-1.2178488610009452
2010-06-07,-0.2623512491695621
2010-06-08,-0.27654403130242144
2010-06-09,0.9361513455235055
2010-06-10,0.7503088413630152
2010-06-11,-0.15843046654953952
2010-06-14,0.7028443342662527
2010-06-15,0.5364739032724373
2010-06-16,0.0688262213606663
2010-06-17,0.47554865039798955
2010-06-18,-0.2051037708255592
2010-06-21,0.7491545436717715
2010-06-22,-0.15640360052491076
2010-06-23,-0.7371737799645572
2010-06-24,-0.6454604445668082
2010-06-25,-0.5832144873481795
2010-06-28,0.9209330168189922
2010-06-29,-1.8970667478112944
2010-06-30,-0.008349890807743066
2010-07-01,-0.7777974167246384
2010-07-02,-0.48946602819344776
2010-07-05,-0.04134117912169444
2010-07-06,1.1428208066833676
2010-07-07,0.3968521834916885
2010-07-08,0.5754698715459412
2010-07-09,0.14948787330339286
2010-07-12,0.14626908668576988
2010-07-13,1.056387746212458
2010-07-14,0.14167617360939033
2010-07-15,-0.4772973927011108
2010-07-16,-1.1050787177499402
2010-07-19,-0.2113027544211903
2010-07-20,-0.4709682664077022
2010-07-21,0.22349358405639208
2010-07-22,1.400346115820561
2010-07-23,0.23803877984970256
2010-07-26,0.2582348053577377
2010-07-27,0.15562516314200536
2010-07-28,-0.2617673551350137
2010-07-29,-0.43772318150850253
2010-07-30,0.17694406642735316
2010-08-02,1.309899022676646
2010-08-03,0.16137150023097746
2010-08-04,0.22266438824958357
2010-08-05,-0.006128519662865983
2010-08-06,-0.6472600156627593
2010-08-09,0.8545948169628801
2010-08-10,-0.5912931328072517
2010-08-11,-1.2757278435523105
2010-08-12,-0.19432491599243207
2010-08-13,-0.22409825634152014
2010-08-16,0.007415102804024798
2010-08-17,0.9226509520303026
2010-08-18,-0.2456068107123741
2010-08-19,-1.0027441778925592
2010-08-20,-0.7741096221604238
2010-08-23,0.164833636704806
2010-08-24,-0.6527074069472292
2010-08-25,-0.3693210355826295
2010-08-26,0.13473262269555164
2010-08-27,0.30820852788863107
2010-08-30,-0.30204175699498137
2010-08-31,0.04783583109083622
2010-09-01,1.492218969484533
2010-09-02,0.022343088923570065
2010-09-03,0.3830686999562971
2010-09-06,0.3024168492091164
2010-09-07,-0.394463620894669
2010-09-08,0.442000741963291
2010-09-09,0.5243224060567826
2010-09-10,-0.08702768048291887
2010-09-13,0.4655707830488822
2010-09-14,0.1570855109220659
2010-09-15,-0.12058193523683514
2010-09-16,-0.12871825539262005
2010-09-17,-0.4668108169427825
2010-09-20,0.9017247771527153
2010-09-21,-0.17475731508734782
2010-09-22,-0.6803767529436584
2010-09-23,-0.18430362167745074
2010-09-24,1.0108786432159462
2010-09-27,-0.14115850073283553
2010-09-28,-0.003160565679905858
2010-09-29,-0.2432203054750275
2010-09-30,-0.30016726830717033
2010-10-01,-0.061583412671886606
2010-10-04,-0.7171967324359798
2010-10-05,0.7148526877800947
2010-10-06,0.5607815510279792
2010-10-07,0.04239235454319612
2010-10-08,0.10077789359975498
2010-10-11,0.22650425140538744
2010-10-12,-0.08970233740571132
2010-10-13,1.2594496190773583
2010-10-14,0.15308986587591278
2010-10-15,0.36300329448333457
2010-10-18,0.21084195540807116
2010-10-19,-0.26530947791179926
2010-10-20,0.3821812844842043
2010-10-21,0.6950259919877411
2010-10-22,0.011111768552268586
2010-10-25,0.34279879321682927
2010-10-26,-0.2331467827687277
2010-10-27,-0.44578890778161195
2010-10-28,0.24016592515489066
2010-10-29,0.004355759957434202
2010-11-01,0.07341066137120578
2010-11-02,0.4615737355132836
2010-11-03,-0.3315970861148827
2010-11-04,1.0548481347208707
2010-11-05,0.23920355782356495
2010-11-08,-0.0710609672553204
2010-11-09,0.34381435240572955
2010-11-10,-0.5780967085878785
2010-11-11,-0.04005173009337426
2010-11-12,0.14050957997501
2010-11-15,0.5174335662507872
2010-11-16,-1.1889701199234324
2010-11-17,0.3426590849116735
2010-11-18,1.2350294024199542
2010-11-19,0.12301671144628301
2010-11-22,-0.23341872868868307
2010-11-23,-0.9840848410646998
2010-11-24,1.018796588425161
2010-11-25,0.541951577579475
2010-11-26,-0.3226163379274496
2010-11-29,-1.364488785067607
2010-11-30,-0.09899978545100652
2010-12-01,1.5909703632128895
2010-12-02,0.892966846111257
2010-12-03,-0.15651346353192253
2010-12-06,0.07165430517537175
2010-12-07,0.5156864231587122
2010-12-08,-0.29773257549933874
2010-12-09,-0.07182523672855723
2010-12-10,0.35749713720568366
2010-12-13,0.23565539151213954
2010-12-14,0.0212518508600823
2010-12-15,-0.11521578177345759
2010-12-16,0.09183418238367835
2010-12-17,-0.42035449378224143
2010-12-20,0.3262610024898436
2010-12-21,0.5421213911942147
2010-12-22,-0.08516255131738149
2010-12-23,-0.09536436409214843
2010-12-27,-0.8415731678609859
2010-12-28,0.01093238025465837
2010-12-29,0.2716035012018949
2010-12-30,-0.6921940446255661
2011-01-03,0.6359492701217277
2011-01-04,-0.1119572172875678
2011-01-05,-0.39361200013621556
2011-01-06,0.42083228383907567
2011-01-07,-0.4237688223909686
2011-01-10,-0.7413175349570551
2011-01-11,0.7871642626631612
2011-01-12,1.161780219330808
2011-01-13,0.060131456199158606
2011-01-14,-0.028275905810602353
2011-01-17,0.01070058456697609
2011-01-18,0.639762233881342
2011-01-19,-0.49918968078620196
2011-01-20,-0.5560295870417065
2011-01-21,0.2975074201733321
2011-01-24,0.10178309309935685
2011-01-25,-0.1237085068815702
2011-01-26,0.6397576709711643
2011-01-27,0.25678529713400167
2011-01-28,-0.49283063972698926
2011-01-31,-0.16221914543439198
2011-02-01,0.8942704900062637
2011-02-02,0.005777998347937796
2011-02-03,0.10424940193907162
2011-02-04,0.2025612889203927
2011-02-07,0.6781446410225271
2011-02-08,0.303281656335443
2011-02-09,-0.015265013246406056
2011-02-10,0.19048064943372367
2011-02-11,0.32407852498154455
2011-02-14,0.2322373032988736
2011-02-15,0.04482598370098856
2011-02-16,0.15131546930234663
2011-02-17,-0.16398525834615896
2011-02-18,0.20334653653304713
2011-02-21,-0.9592176344266363
2011-02-22,-0.06902264753750842
2011-02-23,-1.0856789771907955
2011-02-24,-0.6697731611928077
2011-02-25,0.5456138570763187
2011-02-28,0.8211723080838169
2011-03-01,-0.42986081201084403
2011-03-02,-0.3679420445707393
2011-03-03,0.3214756365896534
2011-03-04,-0.42775780738311653
2011-03-07,-0.09418723603184276
2011-03-08,-0.015159389179927985
2011-03-09,-0.32217557426689325
2011-03-10,-0.6757141549395698
2011-03-11,-0.6749793301695206
2011-03-14,-1.0840742220811848
2011-03-15,-2.0159199401455155
2011-03-16,-1.242290291837648
2011-03-17,1.362162010329996
2011-03-18,0.07337622182406278
2011-03-21,1.3016198338678393
2011-03-22,-0.2509851547407109
2011-03-23,0.1354471546813869
2011-03-24,1.2312843092596282
2011-03-25,0.15409593214680228
2011-03-28,-0.1230541000480656
2011-03-29,0.031934812666278845
2011-03-30,1.0425631705883518
2011-03-31,-0.06057816033906249
2011-04-01,1.2607644357259602
2011-04-04,-0.057951990670730424
2011-04-05,0.07319390285587701
2011-04-06,0.29810591225124483
2011-04-07,-0.29522601939336823
2011-04-08,0.30370856698289117
2011-04-11,-0.04317927880289574
2011-04-12,-0.9756919213263728
2011-04-13,0.6948836043644633
2011-04-14,-0.26792548157986573
2011-04-15,0.23160235882863844
2011-04-18,-1.2681684808666773
2011-04-19,-0.05286909491910308
2011-04-20,1.9677476316982592
2011-04-21,0.5156126553019647
2011-04-26,0.4878896022776189
2011-04-27,0.20142123264962208
2011-04-28,0.7776474005215874
2011-04-29,0.3325712905480458
2011-05-02,-0.06899580449953646
2011-05-03,-0.310456913072386
2011-05-04,-1.0741739847286453
2011-05-05,-0.06516512480668268
2011-05-06,1.0473596126367823
2011-05-09,-0.689907778558748
2011-05-10,0.6837931567804247
2011-05-11,0.1216266977835403
2011-05-12,-0.6367276815591794
2011-05-13,-0.26507460290032725
2011-05-16,-0.17621616236780824
2011-05-17,-1.1949437141042552
2011-05-18,0.4442904989477796
2011-05-19,0.40626388056017504
2011-05-20,-0.7283351646333074
2011-05-23,-1.4704128911889853
2011-05-24,0.2966196640416001
2011-05-25,0.32031329540988907
2011-05-26,-0.6220677534661689
2011-05-27,0.4816004636780491
2011-05-30,-0.057932085325248295
2011-05-31,1.2191228137225494
2011-06-01,-0.6764908197294517
2011-06-02,-1.3781376283321123
2011-06-03,0.3943675215146101
2011-06-06,-0.21944526243787266
2011-06-07,0.04653863294774396
2011-06-08,-0.2844790301088551
2011-06-09,0.8809169162649653
2011-06-10,-0.7735190455585297
2011-06-13,0.05832094050623482
2011-06-14,1.1795229645451712
2011-06-15,-0.8181824733116798
2011-06-16,-0.12634675504531856
2011-06-17,0.5708889030078268
2011-06-20,-0.21776317903228914
2011-06-21,1.275020722652087
2011-06-22,0.03814249636083389
2011-06-23,-1.3173896035589365
2011-06-24,-0.12846125385577523
2011-06-27,-0.23260214619402575
2011-06-28,0.5847597390385317
2011-06-29,1.1792952223030824
2011-06-30,0.6917790601435883
2011-07-01,0.47447461205490526
2011-07-04,0.11827387801761802
2011-07-05,0.06179922923229242
2011-07-06,-0.04913267955129186
2011-07-07,0.23885513957041837
2011-07-08,-0.44016243596603033
2011-07-11,-1.7410802580315021
2011-07-12,-0.46406846730870654
2011-07-13,0.8413453862937246
2011-07-14,-0.4845522583143236
2011-07-15,0.11503899908910853
2011-07-18,-1.0845613103579979
2011-07-19,0.6863013518374572
2011-07-20,0.32793954251725665
2011-07-21,0.6373584642553567
2011-07-22,0.3352335312419399
2011-07-25,0.1987238303099872
2011-07-26,0.0002750156127859782
2011-07-27,-0.9432694343783226
2011-07-28,-0.5353569961278026
2011-07-29,-0.29588382778067057
2011-08-01,-1.9030406739459877
2011-08-02,-1.3668944692362288
2011-08-03,-1.4370318417791879
2011-08-04,-2.114270324274983
2011-08-05,-1.655404197882632
2011-08-08,-2.872911860174824
2011-08-09,-0.14764783464752185
2011-08-10,-2.717738409967936
2011-08-11,1.5264634217295807
2011-08-12,2.1171039846236113
2011-08-15,0.02912979037600394
2011-08-16,-0.12906127507417864
2011-08-17,-0.5207411343451582
2011-08-18,-3.1290060583300985
2011-08-19,-1.142273623473038
2011-08-22,-0.23848404498993858
2011-08-23,0.6826730738217108
2011-08-24,1.484192813126036
2011-08-25,-0.9562896254948114
2011-08-26,-0.4779699911836204
2011-08-29,1.2418337539645563
2011-08-30,-0.25575746853938597
2011-08-31,1.3690115222525918
2011-09-01,-0.523850460909081
2011-09-02,-1.7776717031032305
2011-09-05,-2.7979502951006623
2011-09-06,-0.39862074468135233
2011-09-07,1.9204148502533798
2011-09-08,0.1004073980037532
2011-09-09,-2.131778754615844
2011-09-12,-0.9216124115442099
2011-09-13,0.676799948288874
2011-09-14,1.6568504264300827
2011-09-15,1.6391057749261293
2011-09-16,0.4805314606905995
2011-09-19,-1.3658861987116069
2011-09-20,1.4223517421182095
2011-09-21,-1.228788929367731
2011-09-22,-2.543441013851023
2011-09-23,0.22706847890834325
2011-09-26,1.4427435051709665
2011-09-27,2.6415603100814096
2011-09-28,-0.34481172020823436
2011-09-29,0.4918438206920328
2011-09-30,-1.2807372551742944
2011-10-04,-2.7547113742120786
2011-10-05,2.3797116372795344
2011-10-06,1.7387732078311586
2011-10-07,0.12582636496138377
2011-10-10,1.7477435410800055
2011-10-11,0.033303945455131156
2011-10-12,1.2184954771666057
2011-10-13,-0.567947582826406
2011-10-14,0.2370371825540687
2011-10-17,-0.8481751912554145
2011-10-18,0.1231175607061914
2011-10-19,0.26928993913379173
2011-10-20,-1.2123520944244888
2011-10-21,1.6802183167613691
2011-10-24,0.9148201446177424
2011-10-25,-0.13274701254682242
2011-10-26,-0.18545311715541857
2011-10-27,2.941422454810052
2011-10-28,-0.0010111945516584342
2011-10-31,-1.7129556176534706
2011-11-01,-2.9317627921098435
2011-11-02,1.1002739270388986
2011-11-03,1.629414386739633
2011-11-04,-1.6561755258346835
2011-11-07,-0.2855583616895032
2011-11-08,0.3011482442558915
2011-11-09,-1.138079590887365
2011-11-10,0.3368572960997369
2011-11-11,1.6075165668517428
2011-11-14,-0.5826549191613992
2011-11-15,-0.4993269368793989
2011-11-16,-0.18320044801708946
2011-11-17,-0.6091807522213273
2011-11-18,-0.42345907290670226
2011-11-21,-1.6944178388069844
2011-11-22,-0.7275087172820633
2011-11-23,-0.6681063515510388
2011-11-24,-0.3151152972783109
2011-11-25,0.4869728893855765
2011-11-28,2.386664011394025
2011-11-29,0.6194455174933609
2011-11-30,2.629850318882781
2011-12-01,-0.5396843963988971
2011-12-02,0.35643065620629244
2011-12-05,0.30747790702403677
2011-12-06,-0.7653013753585896
2011-12-07,-0.22482393809885082
2011-12-08,-1.1065671083277664
2011-12-09,0.9816276244815327
2011-12-12,-1.7739926206286185
2011-12-13,-0.2586317675026919
2011-12-14,-0.8206292434922702
2011-12-15,0.5148892925030353
2011-12-16,-0.32297922783848776
2011-12-19,-0.24927436269264547
2011-12-20,1.5683075919665654
2011-12-21,-0.4078002410988546
2011-12-22,0.49578345564974313
2011-12-23,0.25670637128384755
2011-12-27,0.12268656949068202
2011-12-28,-1.1536439922218307
2011-12-29,0.7822659079441792
2011-12-30,0.297155054238587
2012-01-02,1.6926397873979013
2012-01-03,0.862322004646586
2012-01-04,-0.4507015751976411
2012-01-05,-0.09520907626544073
2012-01-06,-0.4179245132293232
2012-01-09,-0.3412853004792282
2012-01-10,1.2505828447254501
2012-01-11,0.01703294955915169
2012-01-12,0.24391876748999408
2012-01-13,-0.3589294340863134
2012-01-16,0.6362372246853738
2012-01-17,1.0767902117351582
2012-01-18,0.19380274452778679
2012-01-19,0.5359719168321888
2012-01-20,-0.02731362999500675
2012-01-23,0.25535465018815273
2012-01-24,-0.20403850632073528
2012-01-25,0.0357101881327182
2012-01-26,1.1678486891649058
2012-01-27,-0.29017381512900187
2012-01-30,-0.5785429839883207
2012-01-31,0.11328666032098056
2012-02-01,1.4009303384311735
2012-02-02,0.40318067476515296
2012-02-03,0.9437197615842905
2012-02-06,0.03584379962447315
2012-02-07,-0.05831752846792426
2012-02-08,-0.04899512179654408
2012-02-09,0.3619796494019383
2012-02-10,-0.8854161258922986
2012-02-13,0.3849667236289349
2012-02-14,-0.028589158450053276
2012-02-15,0.23442057195018862
2012-02-16,0.002127875158578263
2012-02-17,0.7822837718951021
2012-02-20,0.9214329026116062
2012-02-21,-0.33307074784836743
2012-02-22,-0.729117533251987
2012-02-23,-0.12572164988610268
2012-02-24,0.4652080626890651
2012-02-27,-0.14486416883923425
2012-02-28,0.3785930252009422
2012-02-29,-0.3564756444673165
2012-03-01,0.8379571227948759
2012-03-02,-0.22501839474474394
2012-03-05,-0.4850603967498799
2012-03-06,-2.049172232548699
2012-03-07,0.2607164180267887
2012-03-08,1.5178090444269188
2012-03-09,0.3850355159933443
2012-03-12,0.2033415115329973
2012-03-13,0.8601316413093301
2012-03-14,0.8121999239855455
2012-03-15,0.5745070722962993
2012-03-16,0.1633168329224901
2012-03-19,-0.059692412974385434
2012-03-20,-0.9249910492605693
2012-03-21,0.13990648280304185
2012-03-22,-0.7411451067086716
2012-03-23,0.02671053978625082
2012-03-26,0.8176481078711646
2012-03-27,-0.03783502175976139
2012-03-28,-0.7653991889469296
2012-03-29,-1.0870288800318377
2012-03-30,0.6617299182268255
2012-04-02,1.059890468019617
2012-04-03,-0.7522627440116736
2012-04-04,-1.806921900328831
2012-04-05,-0.1084358286005056
2012-04-10,-1.5269317673465324
2012-04-11,0.5551077555069739
2012-04-12,0.6477626564264867
2012-04-13,-1.426684965457369
2012-04-16,0.34368525776937275
2012-04-17,1.6106176692544096
2012-04-18,-0.6521965112624102
2012-04-19,-0.5289590698946967
2012-04-20,0.7247781334414327
2012-04-23,-1.980213530491035
2012-04-24,0.4109573677552021
2012-04-25,1.1774728052974055
2012-04-26,0.11738417913805677
2012-04-27,0.5338506479678031
2012-04-30,-0.22326584830792484
2012-05-02,-1.0775093196506944
2012-05-03,-0.07010187324469541
2012-05-04,-1.2537980633887997
2012-05-07,-0.02257026751974678
2012-05-08,-0.9844293834379343
2012-05-09,0.17144751729726693
2012-05-10,0.4530142797656893
2012-05-11,0.5367869727530206
2012-05-14,-1.1002723948052235
2012-05-15,-0.5173978919067466
2012-05-16,-0.17668459963185512
2012-05-17,-0.7381630605135996
2012-05-18,-0.41288472945097254
2012-05-21,0.6533272675389199
2012-05-22,0.9670524882463596
2012-05-23,-1.3468651506074778
2012-05-24,0.24313961988839594
2012-05-25,0.17166041579402957
2012-05-28,-0.08474287052350604
2012-05-29,0.618748167274191
2012-05-30,-0.9232444203156334
2012-05-31,-0.291768104288856
2012-06-01,-1.8302577270594682
2012-06-04,-0.7829746503813908
2012-06-05,-0.030450192055283765
2012-06-06,1.1678093882403786
2012-06-07,0.41097355630492416
2012-06-08,-0.12389356064434054
2012-06-11,0.14979141255647477
2012-06-12,0.15899736500121975
2012-06-13,-0.0949158628317619
2012-06-14,-0.12739928427253489
2012-06-15,0.8003231010716334
2012-06-18,0.22003835842769348
2012-06-19,1.017218095407003
2012-06-20,0.29587133532965737
2012-06-21,-0.526435918823033
2012-06-22,-0.7021203898011592
2012-06-25,-1.1245670085037958
2012-06-26,0.007605811743623292
2012-06-27,0.8189715256571404
2012-06-28,-0.6858881216240889
2012-06-29,2.354705431328483
2012-07-02,0.8153529413478324
2012-07-03,0.6429776199933812
2012-07-04,-0.05766078758561832
2012-07-05,-0.2763240568959304
2012-07-06,-1.1341623761280957
2012-07-09,-0.22896957525391315
2012-07-10,0.44026148626208084
2012-07-11,0.26100118432297137
2012-07-12,-0.41929872929510026
2012-07-13,1.220591685265262
2012-07-16,0.1474235976848135
2012-07-17,0.10761332926346512
2012-07-18,1.0389566595028583
2012-07-19,0.6337261882967766
2012-07-20,-1.1801549412819412
2012-07-23,-1.8980244238035624
2012-07-24,-0.37926689074344466
2012-07-25,0.25271702401165896
2012-07-26,1.4563345525159832
2012-07-27,1.0134907824145216
2012-07-30,0.7970529983157562
2012-07-31,0.0389101821645923
2012-08-01,-0.135162994823105
2012-08-02,-1.3783290702763722
2012-08-03,2.3928793165710616
2012-08-06,0.45018191704161836
2012-08-07,0.4023734138172088
2012-08-08,0.05121573077084207
2012-08-09,-0.06592512335217293
2012-08-10,-0.1397049126436798
2012-08-13,-0.28004733463489373
2012-08-14,0.4800909540803886
2012-08-15,-0.11164380375202398
2012-08-16,0.3398301538928692
2012-08-17,0.4719702246914821
2012-08-20,-0.09627023364328835
2012-08-21,0.41911109692613735
2012-08-22,-0.518076744681629
2012-08-23,-0.7044753918116982
2012-08-24,0.2722717920654034
2012-08-27,0.6319087706173434
2012-08-28,-0.4104555859355017
2012-08-29,0.10988145515372594
2012-08-30,-1.0853941763158375
2012-08-31,0.6656456276929532
2012-09-03,0.4593676641130031
2012-09-04,-0.7716270382143833
2012-09-05,0.3155475819779596
2012-09-06,1.7599764967238514
2012-09-07,0.49885966880330557
2012-09-10,-0.05756224646322039
2012-09-11,0.8999605498615324
2012-09-12,0.36401853903889503
2012-09-13,-0.40804285903701043
2012-09-14,0.9945852737994301
2012-09-17,-0.1464493941809053
2012-09-18,-0.4493799767293609
2012-09-19,0.38956852629000593
2012-09-20,-0.025862406269581584
2012-09-21,0.6058815801175399
2012-09-24,-0.3718499871725385
2012-09-25,0.09878891699243297
2012-09-26,-1.2870761567341447
2012-09-27,0.03893529721339917
2012-09-28,-0.5966453872342186
2012-10-01,0.950920245179077
2012-10-02,-0.20394868947894906
2012-10-04,0.035696050110530564
2012-10-05,0.732104955090449
2012-10-08,-0.8647185422564263
2012-10-09,-0.5673568672056177
2012-10-10,-0.17637830567417723
2012-10-11,0.6101974497726133
2012-10-12,-0.34275685895615027
2012-10-15,0.2736587469651113
2012-10-16,0.9137046341622863
2012-10-17,0.19624629060687937
2012-10-18,0.3971305034703505
2012-10-19,-0.5161600091151826
2012-10-22,-0.5112817283117295
2012-10-23,-1.3980170269676222
2012-10-24,0.17771858779488525
2012-10-25,0.07085993570177607
2012-10-26,0.32968192298964993
2012-10-29,-0.3014582334998295
2012-10-30,0.7300295080182337
2012-10-31,-0.1520128316543321
2012-11-01,0.614955299679437
2012-11-02,0.24004922326604117
2012-11-05,-0.31534215710181
2012-11-06,0.4797351757985382
2012-11-07,-1.2195361061980918
2012-11-08,-0.4568197015584161
2012-11-09,-0.31331966142931833
2012-11-12,0.10675117117091304
2012-11-13,-0.08571178307641958
2012-11-14,-0.5204195963375469
2012-11-15,-0.5973103211673418
2012-11-16,-0.734274543997266
2012-11-19,1.428725733814133
2012-11-20,0.5270682218603184
2012-11-21,0.0840231917835581
2012-11-22,0.5496201882998974
2012-11-23,0.6137659641605921
2012-11-26,-0.17817875020020324
2012-11-27,0.4338260119038466
2012-11-28,0.04314038397868103
2012-11-29,0.4860806735874945
2012-11-30,0.1397260649664105
2012-12-03,0.18368111948772992
2012-12-04,0.08811337835440725
2012-12-05,0.11058914714384116
2012-12-06,0.7518655501372109
2012-12-07,-0.1695280523738063
2012-12-10,0.09023140485233228
2012-12-11,0.6393485840050204
2012-12-12,0.124035675986363
2012-12-13,-0.20503342535783986
2012-12-14,0.07606841115584473
2012-12-17,0.039996695617261935
2012-12-18,0.5410928452294712
2012-12-19,0.11335920103189778
2012-12-20,0.006252392663540718
2012-12-21,-0.36140343690097154
2012-12-27,0.18488203159625982
2012-12-28,-0.39967244113020683
2013-01-02,1.4454312350404592
2013-01-03,-0.11684133587003487
2013-01-04,0.17369898607267942
2013-01-07,-0.4316516896182776
2013-01-08,-0.3125768980675758
2013-01-09,0.1934357095827437
2013-01-10,-0.055829153170293466
2013-01-11,0.05616817435463872
2013-01-14,0.12744233713415554
2013-01-15,-0.4980839789132858
2013-01-16,0.08053930697080602
2013-01-17,0.4543948694218898
2013-01-18,-0.27312358565954753
2013-01-21,0.39327110233476503
2013-01-22,-0.4692717745688384
2013-01-23,0.0719009068217531
2013-01-24,0.4601899404004115
2013-01-25,0.8855962294771871
2013-01-28,-0.14119054343802873
2013-01-29,0.11371974645236094
2013-01-30,-0.3218764559864127
2013-01-31,-0.25694139041061703
2013-02-01,0.4184170379870551
2013-02-04,-1.7283984039587779
2013-02-05,0.158949153911621
2013-02-06,-0.7287952013619048
2013-02-07,0.05595142382911433
2013-02-08,0.541543467230639
2013-02-11,-0.07833731358709883
2013-02-12,0.15902723080482417
2013-02-13,0.5517623243272709
2013-02-14,-0.7898444475202808
2013-02-15,-0.31629517591505873
2013-02-18,0.3716638167092867
2013-02-19,1.0094240646001396
2013-02-20,-0.10906176639676346
2013-02-21,-1.3447755729650055
2013-02-22,0.7064401568136986
2013-02-25,0.9588174417206545
2013-02-26,-1.5295105883797504
2013-02-27,0.6803659760942651
2013-02-28,0.5535724162901516
2013-03-01,-0.21501737581097302
2013-03-04,-0.14024936798449517
2013-03-05,1.5222930699282102
2013-03-06,0.5775697304497527
2013-03-07,0.08865705855794204
2013-03-08,0.41760496260174307
2013-03-11,0.0173876974021141
2013-03-12,-0.24247079721236275
2013-03-13,0.1589869942000206
2013-03-14,0.7014733498987908
2013-03-15,-0.08103535241100701
2013-03-18,-0.31881249221220287
2013-03-19,-0.5384395491055898
2013-03-20,0.4179377268945643
2013-03-21,-0.5740739366634813
2013-03-22,-0.15427826493070995
2013-03-25,-0.4120980516317303
2013-03-26,0.04427670213010515
2013-03-27,-0.706862370139504
2013-03-28,-0.0511038525350358
2013-04-02,1.291463478682104
2013-04-03,-0.5018770841660114
2013-04-04,-0.584486557414408
2013-04-05,-1.4072050337737778
2013-04-08,-0.06004673191519316
2013-04-09,-0.19349981578899644
2013-04-10,1.580301396222012
2013-04-11,0.5600862622880811
2013-04-12,-1.0978064300231978
2013-04-15,-0.3637972693146594
2013-04-16,-0.23525151181972603
2013-04-17,-1.540589907967572
2013-04-18,-0.388378907939412
2013-04-19,-0.016072575933833377
2013-04-22,0.047920882084127925
2013-04-23,1.6630580783131705
2013-04-24,0.7735177494813712
2013-04-25,0.7748303024939958
2013-04-26,-0.34651367510326736
2013-04-29,0.48916513473695034
2013-04-30,0.3138609435064552
2013-05-02,0.13437829083622432
2013-05-03,1.4149971844748421
2013-05-06,-0.034774513266526696
2013-05-07,0.5756727624755058
2013-05-08,0.7371780321471988
2013-05-09,0.04640585054447399
2013-05-10,0.1930576558128223
2013-05-13,0.028632393879860274
2013-05-14,0.44004956721600763
2013-05-15,0.25744971576406783
2013-05-16,0.00025745543777588864
2013-05-17,0.3390568395327733
2013-05-20,0.500500377924098
2013-05-21,0.06297079564154728
2013-05-22,0.663359353528179
2013-05-23,-1.6273079005120223
2013-05-24,-0.4293395200564305
2013-05-27,0.7013130994093473
2013-05-28,0.7845514345465858
2013-05-29,-1.1359930869153771
2013-05-30,0.4307603740388828
2013-05-31,-0.34660752077606105
2013-06-03,-0.6017263160153021
2013-06-04,0.056904542808212
2013-06-05,-0.8478658604345668
2013-06-06,-0.9192317654286342
2013-06-07,1.4402720156661246
2013-06-10,0.44879709483143415
2013-06-11,-0.7669398423631293
2013-06-12,-0.6627448280566313
2013-06-13,-0.5493877747383777
2013-06-14,0.379481615638241
2013-06-17,0.7486016572722889
2013-06-18,0.1424795019452887
2013-06-19,-0.2478860534146179
2013-06-20,-2.411669069213886
2013-06-21,-1.3134044048388347
2013-06-24,-0.8250578088244822
2013-06-25,0.9920388546022707
2013-06-26,1.1360233712303511
2013-06-27,0.5253666813101745
2013-06-28,-0.3025745777156601
2013-07-01,0.18555098323137997
2013-07-02,-0.6607070662351191
2013-07-03,-0.6451162548609375
2013-07-04,1.368903586813758
2013-07-05,-1.5811585658704388
2013-07-08,1.411359341615963
2013-07-09,0.8472845663905275
2013-07-10,-0.013748875403138072
2013-07-11,0.9265034403704107
2013-07-12,0.46799946254699876
2013-07-15,0.12858607237792796
2013-07-16,-0.18804406800369122
2013-07-17,0.3442595768019743
2013-07-18,0.7516772386905757
2013-07-19,0.017193375757173612
2013-07-22,-0.07309561089364536
2013-07-23,-0.044490569210879016
2013-07-24,0.44889064302707027
2013-07-25,-0.6010977446247665
2013-07-26,-0.5373158161588094
2013-07-29,0.10742729900665893
2013-07-30,0.19146905124831903
2013-07-31,-0.11525563682991447
2013-08-01,1.283933558239994
2013-08-02,0.00686191811425374
2013-08-05,-0.08209785952574578
2013-08-06,-0.8766912916567406
2013-08-07,-0.4376515911816625
2013-08-08,0.6017987953012778
2013-08-09,0.16296844375871444
2013-08-12,0.13226738706856622
2013-08-13,0.5872234031907624
2013-08-14,0.1136780169972269
2013-08-15,-0.47092690634397627
2013-08-16,0.0889699321118087
2013-08-19,-0.1895426452853286
2013-08-20,-0.6011479381981957
2013-08-21,-0.17125563061455296
2013-08-22,1.069982706743005
2013-08-23,0.15699737063327746
2013-08-26,0.13533581259601135
2013-08-27,-1.6647151416538435
2013-08-28,-0.8426140009321159
2013-08-29,0.3424754290526124
2013-08-30,-0.7684970392877801
2013-09-02,1.1601337133876797
2013-09-03,-0.4896352643572328
2013-09-04,0.08939377466595033
2013-09-05,0.4061751820837003
2013-09-06,0.2686006037255453
2013-09-09,0.09300099768852021
2013-09-10,1.5824320888848291
2013-09-11,0.37181578812291605
2013-09-12,0.051991653664018145
2013-09-13,0.02698950526607291
2013-09-16,0.9888292141259427
2013-09-17,-0.09094506307063455
2013-09-18,0.2653611603494852
2013-09-19,0.5749590579425643
2013-09-20,-0.18009266682477687
2013-09-23,-0.4025736224653542
2013-09-24,0.3143000294055014
2013-09-25,0.0003588122290523188
2013-09-26,-0.014181244058832476
2013-09-27,0.002978633732510616
2013-09-30,-0.6164688026396874
2013-10-01,0.8395096378144444
2013-10-02,-0.5475219640644866
2013-10-04,-0.045797813148197974
2013-10-07,-0.27575217444611155
2013-10-08,-0.35990576788235273
2013-10-09,-0.35827543067262013
2013-10-10,1.6026524485387057
2013-10-11,0.33085218624079005
2013-10-14,-0.09244355531036774
2013-10-15,0.813409011050652
2013-10-16,0.32883763799900123
2013-10-17,-0.3037645152286075
2013-10-18,0.4133092223251822
2013-10-21,0.09707045572669415
2013-10-22,0.6722067018994551
2013-10-23,-0.1763158752683296
2013-10-24,0.4730307285865507
2013-10-25,0.14100704206754244
2013-10-28,-0.11990243009596213
2013-10-29,0.3583376977684054
2013-10-30,-0.046554900872465055
2013-10-31,0.18820389492242384
2013-11-01,-0.19491359448446133
2013-11-04,0.20108892844785942
2013-11-05,-0.18726734816134183
2013-11-06,0.17118647344284454
2013-11-07,0.4317617705036696
2013-11-08,-0.017317506449032294
2013-11-11,0.2332776199328066
2013-11-12,-0.21778702631253566
2013-11-13,-0.24665533621302416
2013-11-14,0.8249631951937317
2013-11-15,0.21224961550016985
2013-11-18,0.4872917703777233
2013-11-19,-0.22234542090804155
2013-11-20,0.03502293032623527
2013-11-21,-0.03512903485021468
2013-11-22,0.18442842183871733
2013-11-25,0.7291534305697667
2013-11-26,-0.008026085354913448
2013-11-27,0.43844711926351465
2013-11-28,0.40854702105578156
2013-11-29,0.1312872126157174
2013-12-02,-0.024026527101682404
2013-12-03,-1.6262189756836563
2013-12-04,-0.7878312316141773
2013-12-05,-0.4359169539375358
2013-12-06,0.7513811082488644
2013-12-09,0.24595937139636703
2013-12-10,-0.7457691521388057
2013-12-11,-0.3815603370400993
2013-12-12,-0.47993679977545867
2013-12-13,-0.15541916877359085
2013-12-16,1.4521114970358866
2013-12-17,-0.6711909613246263
2013-12-18,0.8030624229755858
2013-12-19,1.4604662128786288
2013-12-20,0.5507372396910029
2013-12-23,0.757922260922328
2013-12-27,0.8945714495684882
2013-12-30,-0.27346614400397584
2014-01-02,-1.3934815587913363
2014-01-03,0.21841694270405299
2014-01-06,0.013284997569286361
2014-01-07,0.6816581632822221
2014-01-08,-0.06829578891415622
2014-01-09,-0.5913807010146002
2014-01-10,0.32242443731463766
2014-01-13,0.4554752069485204
2014-01-14,0.15327477321804395
2014-01-15,1.7231972649913132
2014-01-16,-0.05259183014830171
2014-01-17,0.16566439890456763
2014-01-20,-0.1453427841905892
2014-01-21,0.047198262030249793
2014-01-22,-0.0870829652685643
2014-01-23,-0.730227883105286
2014-01-24,-2.2416298895744973
2014-01-27,-0.35956958119137994
2014-01-28,0.4823752043447769
2014-01-29,-0.606838479233204
2014-01-30,0.3463421231267887
2014-01-31,-0.5993845328006984
2014-02-03,-1.1168183131563438
2014-02-04,-0.43323310398697856
2014-02-05,-0.14460355553441673
2014-02-06,1.2521477208610463
2014-02-07,0.3786923149034038
2014-02-10,-0.08505332576420699
2014-02-11,1.6386953868513103
2014-02-12,0.6988033302864807
2014-02-13,0.3244186491032224
2014-02-14,0.6803734895288756
2014-02-17,-0.004049765175651032
2014-02-18,-0.01418324174946406
2014-02-19,0.015425375106758565
2014-02-20,-0.3904825678335868
2014-02-21,0.4295744181937948
2014-02-24,0.38109184341065827
2014-02-25,-0.03740180341758048
2014-02-26,-0.35889977785333826
2014-02-27,-0.7497258367363884
2014-02-28,1.0077883493689939
2014-03-03,-2.9921947110012894
2014-03-04,1.964406108683093
2014-03-05,-0.3378017307525738
2014-03-06,-0.08628038663550797
2014-03-07,-1.5420841851468197
2014-03-10,-0.9008571971606756
2014-03-11,0.33230973180721435
2014-03-12,-0.9237527403578554
2014-03-13,-1.7835166272416387
2014-03-14,0.5259938771458792
2014-03-17,1.1185862039272791
2014-03-18,0.5525611389338252
2014-03-19,0.3480759203326045
2014-03-20,0.015161618901004204
2014-03-21,0.5688133448581709
2014-03-24,-1.479446719781805
2014-03-25,1.3696901847467302
2014-03-26,1.1168991059041815
2014-03-27,-0.11309352596315136
2014-03-28,1.3232346523533067
2014-03-31,-0.3278606859083908
2014-04-01,0.372911959421657
2014-04-02,0.2934840827212071
2014-04-03,-0.06017761399144206
2014-04-04,0.6684357402540684
2014-04-07,-1.69317528705011
2014-04-08,-0.2594302118951788
2014-04-09,0.2914519767789301
2014-04-10,-0.5947533510964433
2014-04-11,-1.2103109391026692
2014-04-14,0.20208934593833305
2014-04-15,-1.4657593264099802
2014-04-16,1.2877141581907665
2014-04-17,0.7914232151644569
2014-04-22,1.799236900826699
2014-04-23,-0.490104467222352
2014-04-24,-0.04247070940503761
2014-04-25,-1.223957947400777
2014-04-28,0.09287023454190546
2014-04-29,1.2108837266332415
2014-04-30,0.17776862860939957
2014-05-02,-0.7351161490365143
2014-05-05,-0.2024895570391294
2014-05-06,-0.5769749551744638
2014-05-07,0.5802612802742289
2014-05-08,0.7450957797606321
2014-05-09,-0.188492215469509
2014-05-12,1.0321961568097322
2014-05-13,0.4745868682557983
2014-05-14,0.010250536453924042
2014-05-15,-0.9290740695347068
2014-05-16,-0.2699219239619026
2014-05-19,0.3056370499524661
2014-05-20,-0.15252369720265335
2014-05-21,0.48476450615079614
2014-05-22,0.28113223026204537
2014-05-23,0.2843989695592768
2014-05-26,1.2109965651968508
2014-05-27,0.4115959404616234
2014-05-28,0.010436837259859999
2014-05-29,-0.03370068486400157
2014-05-30,0.041939045243836404
2014-06-02,0.07463071501297236
2014-06-03,-0.2954402676260912
2014-06-04,0.050686978382174175
2014-06-05,0.15961757710991265
2014-06-06,0.34964671426999416
2014-06-09,0.2512195645777098
2014-06-10,0.15038930956315255
2014-06-11,-0.7005685247639803
2014-06-12,-0.08070436895688715
2014-06-13,-0.22313198923149002
2014-06-16,-0.19827580547242007
2014-06-17,0.2757862462877796
2014-06-18,0.068746601429865
2014-06-19,0.6722121926580229
2014-06-20,-0.13424293450061953
2014-06-23,-0.6671786304345488
2014-06-24,0.24164217847201996
2014-06-25,-0.6659445364292935
2014-06-26,-0.5240632576359303
2014-06-27,0.11041563600213067
2014-06-30,0.1116193853933396
2014-07-01,0.5737443799108348
2014-07-02,0.15106117003875852
2014-07-03,0.9775149655522597
2014-07-04,-0.1301941219757765
2014-07-07,-0.9478411393650674
2014-07-08,-1.1449318121193528
2014-07-09,0.24698794967771676
2014-07-10,-1.2409437694313823
2014-07-11,-0.028319761024505397
2014-07-14,1.0508694436445154
2014-07-15,-0.5360280747050723
2014-07-16,1.2529595756740122
2014-07-17,-0.8413503125526489
2014-07-18,-0.44127558067233963
2014-07-21,-0.9272837587152196
2014-07-22,1.0206544521210503
2014-07-23,0.2796753494857569
2014-07-24,0.2851709504781468
2014-07-25,-1.3708508614170114
2014-07-28,-0.43179401012274354
2014-07-29,0.542327893484412
2014-07-30,-0.5685371281759046
2014-07-31,-1.6380138532743729
2014-08-01,-1.7509432003545555
2014-08-04,-0.5519674362366231
2014-08-05,0.3657362592830822
2014-08-06,-0.41801214951162535
2014-08-07,-0.8104967960765777
2014-08-08,-0.3631659469300388
2014-08-11,1.5181473567246258
2014-08-12,-0.980490806073135
2014-08-13,1.1015956399356668
2014-08-14,0.3672595711685318
2014-08-15,-1.2057081151381226
2014-08-18,1.3428844100047712
2014-08-19,0.8340510083229304
2014-08-20,-0.2304416123509867
2014-08-21,0.7443966789995216
2014-08-22,-0.5777697976408689
2014-08-25,1.4690798991316711
2014-08-26,0.8311808443039439
2014-08-27,-0.3116858356813452
2014-08-28,-0.7978243988673768
2014-08-29,-0.016018664905573132
2014-09-01,0.02293131417863492
2014-09-02,0.32873205176868225
2014-09-03,0.9696408330458866
2014-09-04,0.969366014996055
2014-09-05,0.23804604530910467
2014-09-08,0.05882121251232775
2014-09-09,-0.429727850353828
2014-09-10,-0.07739218437140494
2014-09-11,-0.07897382273537801
2014-09-12,-0.41345891799070955
2014-09-15,0.14953265167778795
2014-09-16,-0.3481559092710853
2014-09-17,0.31805909960853285
2014-09-18,1.226913886579709
2014-09-19,0.015077621294736332
2014-09-22,-0.42639052703678715
2014-09-23,-1.3237541139170474
2014-09-24,0.49397581151401937
2014-09-25,-1.2431951172289644
2014-09-26,-0.2565389907670266
2014-09-29,-0.5683823952255409
2014-09-30,0.4265653214215348
2014-10-01,-0.8217869912449913
2014-10-02,-1.7175564541728647
2014-10-06,0.0667668696455479
2014-10-07,-0.9424066531610578
2014-10-08,-0.9158047431582759
2014-10-09,0.1647693585658203
2014-10-10,-1.8848670672874874
2014-10-13,0.033452330053663104
2014-10-14,0.27415519953173373
2014-10-15,-2.2732039655949308
2014-10-16,0.1090465103285112
2014-10-17,2.3124950950348477
2014-10-20,-1.2376669818092552
2014-10-21,1.5817122529456213
2014-10-22,0.48259524595231085
2014-10-23,0.9261700296691373
2014-10-24,-0.5036481427717376
2014-10-27,-0.8123561671927462
2014-10-28,1.4754765707373991
2014-10-29,0.23064663983697642
2014-10-30,0.1548861894987681
2014-10-31,1.9896429955241217
2014-11-03,-0.7572806537094436
2014-11-04,-0.6607666984440499
2014-11-05,1.2448153024254793
2014-11-06,0.5341709955066278
2014-11-07,-0.7732088563710988
2014-11-10,0.5513099509309143
2014-11-11,0.17296316503825437
2014-11-12,-1.328074681636025
2014-11-13,0.24462431598557544
2014-11-14,0.06874205894190766
2014-11-17,0.43739925531669144
2014-11-18,1.3836575872712302
2014-11-19,0.12982018110618299
2014-11-20,0.1221313903934913
2014-11-21,2.180682457024801
2014-11-24,0.47034876676382
2014-11-25,0.7792662400011494
2014-11-26,0.4315040660800662
2014-11-27,0.5040960377382646
2014-11-28,0.11174756123267571
2014-12-01,-0.25932426922230434
2014-12-02,-0.2688073486859821
2014-12-03,0.42673787927506623
2014-12-04,-0.9989860152535073
2014-12-05,1.9535604892532206
2014-12-08,-0.580545384398846
2014-12-09,-1.9809948195429428
2014-12-10,0.010233326667318465
2014-12-11,0.6451837617538558
2014-12-12,-2.4468855844256723
2014-12-15,-2.443985007620057
2014-12-16,2.1866041592550403
2014-12-17,-0.08166107053862959
2014-12-18,2.227170545389754
2014-12-19,-0.09030918504497265
2014-12-22,0.6856883044461313
2014-12-23,0.3644220097698678
2014-12-29,0.16988810596393478
2014-12-30,-1.106323159306271
2015-01-02,-0.45162330014892405
2015-01-05,-2.5444691089353597
2015-01-06,-0.0934975839061849
2015-01-07,0.4257004642374369
2015-01-08,2.84221969402536
2015-01-09,-1.56101404408993
2015-01-12,1.1155401081625627
2015-01-13,1.4670133541846155
2015-01-14,-1.1311419315156428
2015-01-15,1.8429558933296306
2015-01-16,1.468981633018359
2015-01-19,0.4146730726207295
2015-01-20,0.24347203114346883
2015-01-21,0.38760078748330784
2015-01-22,1.0907299407362245
2015-01-23,2.0927714494572456
2015-01-26,1.1908656541836677
2015-01-27,-1.3126159822557497
2015-01-28,0.6389710749525648
2015-01-29,0.15506557344787097
2015-01-30,-0.33600033333758006
2015-02-02,1.1277036174492139
2015-02-03,0.6506686123059637
2015-02-04,0.0213053065080544
2015-02-05,0.07051179231110893
2015-02-06,-0.5653172923965855
2015-02-09,-1.6426028100155463
2015-02-10,0.9498610029719003
2015-02-11,-0.13341631766456885
2015-02-12,1.547168615226866
2015-02-13,0.32663573283721803
2015-02-16,-0.39833220525436275
2015-02-17,-0.2154745655030723
2015-02-18,0.5578997983942031
2015-02-19,0.43545728419042007
2015-02-20,0.45725019121046273
2015-02-23,0.6583188109770788
2015-02-24,0.710288927460411
2015-02-25,-0.03297140963555023
2015-02-26,1.1289663709294615
2015-02-27,0.5975945769926199
2015-03-02,0.08331898480236077
2015-03-03,-1.1699462798548126
2015-03-04,1.0049001978255063
2015-03-05,1.0758252233326715
2015-03-06,0.3432749101871764
2015-03-09,0.30648504195700355
2015-03-10,-0.6299793040588639
2015-03-11,2.5500116485968505
2015-03-12,0.051060698685418515
2015-03-13,0.8852327862943667
2015-03-16,2.404813289089674
2015-03-17,-1.6636877004372792
2015-03-18,-0.6143635087297383
2015-03-19,-0.007993369890087365
2015-03-20,1.1303330646356926
2015-03-23,-1.2437070269197363
2015-03-24,0.8696275950649124
2015-03-25,-1.2060295972232922
2015-03-26,-0.1656923260981671
2015-03-27,0.235380231329529
2015-03-30,2.0492205646785067
2015-03-31,-1.2375932615223917
2015-04-01,0.36444780497897966
2015-04-02,-0.30395784193923703
2015-04-07,1.3007344649651174
2015-04-08,-0.5768900501736738
2015-04-09,1.0223089952113753
2015-04-10,1.9241815900154933
2015-04-13,-0.31697477273610275
2015-04-14,-1.1995896527940175
2015-04-15,0.3063529662658766
2015-04-16,-2.2038898181057647
2015-04-17,-2.843787833651902
2015-04-20,1.8638118822287595
2015-04-21,0.5084102446956535
2015-04-22,-0.790214971269549
2015-04-23,-1.1948518376448902
2015-04-24,0.8985733713566333
2015-04-27,1.9636241562278798
2015-04-28,-1.9825526393051263
2015-04-29,-3.624817564157368
2015-04-30,0.4469836587017113
2015-05-04,0.7668406530031291
2015-05-05,-2.626850790917814
2015-05-06,0.2239974348167948
2015-05-07,0.520568643173732
2015-05-08,2.595981079315834
2015-05-11,-0.27144853997086216
2015-05-12,-1.8587309392014504
2015-05-13,-1.1527481936602157
2015-05-14,1.980247582582507
2015-05-15,-0.9720848844774963
2015-05-18,1.3273139321658505
2015-05-19,2.2823942303401026
2015-05-20,-0.09574324512591659
2015-05-21,0.18438874394252025
2015-05-22,-0.45543169104246317
2015-05-26,-1.5155602254313294
2015-05-27,1.1647078311471262
2015-05-28,-0.8891009108324539
2015-05-29,-2.307189423062141
2015-06-01,0.1559087393595604
2015-06-02,-0.8850093743949543
2015-06-03,0.7445268941001757
2015-06-04,-0.6466444764833739
2015-06-05,-1.4167657151136694
2015-06-08,-1.0000727036991748
2015-06-09,-0.6307189066244234
2015-06-10,2.3422066273387543
2015-06-11,0.7259822778440395
2015-06-12,-1.4498738189052744
2015-06-15,-1.7273567900297166
2015-06-16,0.4719693535998033
2015-06-17,-0.6203194818173472
2015-06-18,1.1878731567620235
2015-06-19,-0.6151445060350653
2015-06-22,3.7738867360777135
2015-06-23,0.7555798480412079
2015-06-24,-0.7748755722788161
2015-06-25,0.13030516014440252
2015-06-26,0.09405180587899054
2015-06-29,-3.5389934702671724
2015-06-30,-1.131943946197353
2015-07-01,1.8555622884421297
2015-07-02,-0.5745090974412221
2015-07-03,-0.3293789714377482
2015-07-06,-1.6016660058164973
2015-07-07,-1.8807768001544076
2015-07-08,0.7293676070074753
2015-07-09,2.1067635178452235
2015-07-10,2.7936096090976577
2015-07-13,1.563959626412725
2015-07-14,0.23307115081838958
2015-07-15,0.24928894300271054
2015-07-16,1.573459479017643
2015-07-17,-0.45194375554828525
2015-07-20,0.6699001497496795
2015-07-21,-1.2363385017263937
2015-07-22,-0.6913474948559468
2015-07-23,-0.13422753643274632
2015-07-24,-1.5269580364333848
2015-07-27,-2.509546257431012
2015-07-28,1.0591762230682917
2015-07-29,0.3250848179326198
2015-07-30,0.2461046057015892
2015-07-31,0.6385047981935372
2015-08-03,1.1333125141021299
2015-08-04,0.18259076237502825
2015-08-05,1.5244960129453489
2015-08-06,-0.4978084813091641
2015-08-07,-0.827054429632355
2015-08-10,1.096041992585782
2015-08-11,-2.803298162906856
2015-08-12,-3.2492397831883153
2015-08-13,0.8426489650939999
2015-08-14,-0.3900834152963455
2015-08-17,-0.372653760447335
2015-08-18,-0.1347540636190132
2015-08-19,-2.1870830041036555
2015-08-20,-2.172092252824541
2015-08-21,-2.8686941851482004
2015-08-24,-4.1077333507410145
2015-08-25,4.2815733629085315
2015-08-26,-1.1154659884983857
2015-08-27,2.734708386176706
2015-08-28,-0.033794727690235504
2015-08-31,-0.5200033623535347
2015-09-01,-2.045988753519879
2015-09-02,0.23687168925148683
2015-09-03,2.316131926404651
2015-09-04,-2.324757101720323
2015-09-07,0.4608633669807318
2015-09-08,1.627005832836204
2015-09-09,0.1874097257051659
2015-09-10,-0.8760903491664322
2015-09-11,-0.5908008999962817
2015-09-14,-0.12672646359783357
2015-09-15,0.7602749639015087
2015-09-16,0.11407323997195817
2015-09-17,0.0851971496807522
2015-09-18,-2.7702342470511923
2015-09-21,0.1880406283362248
2015-09-22,-3.1299561692332105
2015-09-23,0.11244853330865112
2015-09-24,-1.4235360958328016
2015-09-25,2.2293211077242177
2015-09-28,-1.8519957831064033
2015-09-29,-0.24311554689916193
2015-09-30,1.6791181145243712
2015-10-01,-1.1260904604902038
2015-10-02,0.3197873095736128
2015-10-05,2.322810071072695
2015-10-06,0.7399197405308655
2015-10-07,0.5340855507316462
2015-10-08,0.3998956838415779
2015-10-09,0.6951165334219951
2015-10-12,0.3985395716826048
2015-10-13,-0.7607766261532447
2015-10-14,-1.112180326508863
2015-10-15,1.348253127019504
2015-10-16,0.22847273645291466
2015-10-19,0.694169445524139
2015-10-20,-0.293024246637998
2015-10-21,0.8102797006693265
2015-10-22,2.3849316715977835
2015-10-23,2.528674515213865
2015-10-26,0.20702097733534686
2015-10-27,-1.0293560384791505
2015-10-28,1.232955247955644
2015-10-29,-0.21097140425325733
2015-10-30,0.3337353210029903
2015-11-02,1.0264228841471237
2015-11-03,-0.09895933980796201
2015-11-04,-0.9728664286874675
2015-11-05,0.46307970764264894
2015-11-06,0.838925204438894
2015-11-09,-1.531819184585899
2015-11-10,0.15547246790988822
2015-11-11,0.7329226458382578
2015-11-12,-1.107908727516545
2015-11-13,-0.799958264846822
2015-11-16,0.17278940438777113
2015-11-17,2.147090693894455
2015-11-18,0.07691587950199619
2015-11-19,0.9344866676626111
2015-11-20,0.411914532012176
2015-11-23,-0.2028001806654629
2015-11-24,-1.4624029809657912
2015-11-25,2.164446575033338
2015-11-26,1.2740577662158756
2015-11-27,-0.2423639436156293
2015-11-30,0.8375257636137405
2015-12-01,-1.1670834051058563
2015-12-02,-0.619656736747757
2015-12-03,-3.6179559619759374
2015-12-04,-0.27504754069857995
2015-12-07,1.327740623520981
2015-12-08,-1.9584734020550485
2015-12-09,-0.7155098357364267
2015-12-10,0.07181809245844306
2015-12-11,-2.3216154427031626
2015-12-14,-1.763173867568284
2015-12-15,2.7400416089944883
2015-12-16,0.14690895825407324
2015-12-17,2.3709278836302303
2015-12-18,-1.1704545330432268
2015-12-21,-1.0112093676331426
2015-12-22,0.14456444433396598
2015-12-23,1.9716565069017236
2015-12-25,-0.016117265499630662
2015-12-28,-0.6644920694482579
2015-12-29,1.8089770319450764
2015-12-30,-0.9141857382945204
2016-01-04,-4.210713913273125
2016-01-05,0.25272597494830507
2016-01-06,-0.7718056928158177
2016-01-07,-2.1361419287278096
2016-01-08,-1.219801282147884
2016-01-11,-0.09521611778730232
2016-01-12,1.2000800188265544
2016-01-13,0.04138707445986256
2016-01-14,-1.6833744216788205
2016-01-15,-2.1827675526931642
2016-01-18,-0.17578224614554472
2016-01-19,1.2602282567941216
2016-01-20,-2.187827827192251
2016-01-21,1.4199061598420712
2016-01-22,1.701278254328301
2016-01-25,-0.3444914087911428
2016-01-26,0.8942168100918195
2016-01-27,0.5014153023474108
2016-01-28,-2.315720180716937
2016-01-29,1.5180978608249944
2016-02-01,-0.2773551382430952
2016-02-02,-1.6919060884194153
2016-02-03,-1.1750876130669639
2016-02-04,-0.34327565776266056
2016-02-05,-1.0649126956185029
2016-02-08,-2.712548021047567
2016-02-09,-1.0618351866546902
2016-02-10,1.4102578897736606
2016-02-11,-2.3861837982442182
2016-02-12,1.9056120848972142
2016-02-15,2.1833154473730616
2016-02-16,-0.6570234504036705
2016-02-17,2.096739326620522
2016-02-18,0.8614585044039273
2016-02-19,-0.7518219280690772
2016-02-22,1.6769302705181133
2016-02-23,-1.3442274426557361
2016-02-24,-2.270678347611266
2016-02-25,1.4428123219799858
2016-02-26,1.6499945182208222
2016-02-29,-0.1598235486288786
2016-03-01,2.0184638741764616
2016-03-02,0.38501133825403144
2016-03-03,-0.24293331683999497
2016-03-04,0.7118388782837286
2016-03-07,-0.33736512239408967
2016-03-08,-0.8636215407618977
2016-03-09,0.27714257889962823
2016-03-10,-2.0024424725155683
2016-03-11,2.913560771314181
2016-03-14,1.6084527150832741
2016-03-15,-0.6716581173899527
2016-03-16,0.5208405625667751
2016-03-17,-0.8385146789726434
2016-03-18,0.509409151046782
2016-03-21,0.057667657724849164
2016-03-22,0.20813015293872184
2016-03-23,0.4216847803077002
2016-03-24,-1.526984412782184
2016-03-29,0.2051087665219029
2016-03-30,1.5967171581293087
2016-03-31,-0.8284210055234666
2016-04-01,-1.3716182604270273
2016-04-04,0.1233397341924416
2016-04-05,-2.295637117454561
2016-04-06,0.6400154101606432
2016-04-07,-0.9558725177105458
2016-04-08,0.6915930818003346
2016-04-11,0.6781837820148553
2016-04-12,0.6871110523569541
2016-04-13,2.351681362175796
2016-04-14,0.6247242449525032
2016-04-15,-0.43489879665922615
2016-04-18,0.6321516652010217
2016-04-19,2.0291309844240715
2016-04-20,0.7300071837374134
2016-04-21,0.05647109452237942
2016-04-22,-0.524679452123948
2016-04-25,-0.7648352254323072
2016-04-26,-0.2984812962060488
2016-04-27,0.1028469881423888
2016-04-28,0.12342549687413396
2016-04-29,-2.7650330045965603
2016-05-02,0.5661737113522918
2016-05-03,-1.5372847360277717
2016-05-04,-0.9769064913441383
2016-05-05,0.26587552973467155
2016-05-06,0.11383275086257072
2016-05-09,0.903257529027826
2016-05-10,0.6915239673154758
2016-05-11,-0.7062030411349696
2016-05-12,-0.9873768750369152
2016-05-13,0.7194157043340255
2016-05-17,-0.5266170824577614
2016-05-18,0.5257343541362474
2016-05-19,-1.3334849589012663
2016-05-20,1.0581066982302758
2016-05-23,-0.6674074690043739
2016-05-24,1.8862218112844857
2016-05-25,1.3812522258923678
2016-05-26,0.5231894261247447
2016-05-27,0.1422780020367611
2016-05-30,0.41199462111480045
2016-05-31,-0.6793200583384476
2016-06-01,-0.4893389032175861
2016-06-02,0.042432966022218466
2016-06-03,-0.8918456609907395
2016-06-06,0.18450183108839724
2016-06-07,1.3973500718761898
2016-06-08,-0.49745946276082975
2016-06-09,-1.2879079565772855
2016-06-10,-2.122805176313321
2016-06-13,-1.6941058465115333
2016-06-14,-1.054387296544931
2016-06-15,0.7460196566420478
2016-06-16,-0.5044839429912997
2016-06-17,0.6403474072880186
2016-06-20,2.907753915041056
2016-06-21,0.5150993970097062
2016-06-22,0.4778704289198714
2016-06-23,1.5297277918630954
2016-06-24,-6.0209478353771
2016-06-27,-2.643042878300875
2016-06-28,1.7050308896681372
2016-06-29,1.2995438331919615
2016-06-30,0.6839343952241563
2016-07-01,0.8479123224766596
2016-07-04,-0.7063729497725149
2016-07-05,-1.4084781055509268
2016-07-06,-1.3075289099617038
2016-07-07,0.31767594760503925
2016-07-08,1.8294576332259567
2016-07-11,1.6643196688736737
2016-07-12,1.2660894301663177
2016-07-13,-0.36148411558316695
2016-07-14,1.2991395357517064
2016-07-15,-0.0303850339688978
2016-07-18,-0.0895894891673521
2016-07-19,-0.626081274084882
2016-07-20,1.2480234026475614
2016-07-21,0.30190261552921527
2016-07-22,-0.1289765460008283
2016-07-25,0.3490932076872184
2016-07-26,0.5362881200906457
2016-07-27,0.5121518194473538
2016-07-28,-0.22442852593499651
2016-07-29,0.478918898970619
2016-08-01,-0.05109075397547258
2016-08-02,-1.601269618251635
2016-08-03,0.08541802758740857
2016-08-04,0.6172650854939263
2016-08-05,1.132098662532286
2016-08-08,0.6370659611593226
2016-08-09,2.276232470002938
2016-08-10,-0.3271882256076708
2016-08-11,0.7512993915342179
2016-08-12,-0.24734411561632896
2016-08-15,0.22797435971415325
2016-08-16,-0.48423184656302
2016-08-17,-1.2736282823254044
2016-08-18,0.6199084641101109
2016-08-19,-0.5902242808648879
2016-08-22,-0.43173303673943053
2016-08-23,0.8825184669028232
2016-08-24,0.31904342885168546
2016-08-25,-0.8230779020016428
2016-08-26,0.48349823101949596
2016-08-29,-0.36904693188905924
2016-08-30,0.9515694725303092
2016-08-31,-0.5635162783356407
2016-09-01,-0.5196320947650719
2016-09-02,1.3383964085110307
2016-09-05,-0.06984291228228301
2016-09-06,0.09235640427414182
2016-09-07,0.5729219544338093
2016-09-08,-0.7910629024666491
2016-09-09,-0.8328283658955087
2016-09-12,-1.1806390312121522
2016-09-13,-0.4053677643837261
2016-09-14,-0.07740738163404615
2016-09-15,0.4336554448425858
2016-09-16,-1.2272265659182722
2016-09-19,0.7923275294529049
2016-09-20,0.16106629996606614
2016-09-21,0.36825067261936795
2016-09-22,2.0398662327306454
2016-09-23,-0.2767993053046922
2016-09-26,-2.15143016596312
2016-09-27,-0.31003008064874393
2016-09-28,0.8324513993334222
2016-09-29,-0.3501284483648419
2016-09-30,1.048943470610439
2016-10-04,0.8770949273654196
2016-10-05,-0.37662757843227723
2016-10-06,-0.18141451371910478
2016-10-07,-0.7188126199030336
2016-10-10,1.23616980453437
2016-10-11,-0.37833631321086614
2016-10-12,-0.4816592033595697
2016-10-13,-0.9285151328598715
2016-10-14,1.4072027531138644
2016-10-17,-0.6647742341738336
2016-10-18,1.1002515236850883
2016-10-19,0.16624969994784067
2016-10-20,0.4401979632996387
2016-10-21,0.03311301722519033
2016-10-24,0.5193674607060217
2016-10-25,-0.04894866953588917
2016-10-26,-0.4161335460630653
2016-10-27,0.03190841440425629
2016-10-28,-0.09822090948377138
2016-10-31,-0.22054025348117534
2016-11-01,-1.307360784087379
2016-11-02,-1.3705009063704807
2016-11-03,-0.44112390012485037
2016-11-04,-0.4791621434405897
2016-11-07,1.6258844049107921
2016-11-08,0.283784024823575
2016-11-09,1.4240876307200239
2016-11-10,-0.128008807057995
2016-11-11,0.39036704794267507
2016-11-14,0.18454846816622705
2016-11-15,0.32907998329679344
2016-11-16,-0.5921676644567668
2016-11-17,0.21957737818596001
2016-11-18,-0.3404550631915555
2016-11-21,0.31420678395781465
2016-11-22,0.16266910400379686
2016-11-23,-0.47726571974102683
2016-11-24,0.33615489765988116
2016-11-25,0.06237718988825236
2016-11-28,-1.0763395867124927
2016-11-29,0.4071625696872445
2016-11-30,0.13492673796427823
2016-12-01,-0.9705053882248222
2016-12-02,-0.08264035293426275
2016-12-05,1.4979610987360843
2016-12-06,0.6934865645576878
2016-12-07,1.889342896108218
2016-12-08,1.7789256022587523
2016-12-09,0.1450258163355045
2016-12-12,-0.07089958722882272
2016-12-13,0.7950973720115826
2016-12-14,-0.3511565505054932
2016-12-15,1.1022432462040115
2016-12-16,0.30301342995471714
2016-12-19,0.17086531295271357
2016-12-20,0.3001365258424471
2016-12-21,0.09400752851048821
2016-12-22,-0.13921956322481321
2016-12-23,-0.048048881216729455
2016-12-27,0.2183277568270654
2016-12-28,-0.02260729829039576
2016-12-29,-0.19354073973674701
2016-12-30,0.18935053487928144
2017-01-02,1.1389891336073532
2017-01-03,-0.2039222871257209
2017-01-04,-0.03968137348874734
2017-01-05,0.06149733693914072
2017-01-06,0.1680710090481341
2017-01-09,-0.3052158041368358
2017-01-10,0.1398862970994088
2017-01-11,0.5427297770831956
2017-01-12,-1.0317011708268922
2017-01-13,0.8767304450246485
2017-01-16,-0.5613930586571314
2017-01-17,-0.14206482998203285
2017-01-18,0.45032483999324313
2017-01-19,-0.01706943815409545
2017-01-20,0.2325180845533481
2017-01-23,-0.6417970985690289
2017-01-24,0.36862616245092283
2017-01-25,1.963771274712343
2017-01-26,0.3106829721024269
2017-01-27,-0.3229184417511419
2017-01-30,-1.0882337857663202
2017-01-31,-1.312120441075777
2017-02-01,1.008324399174839
2017-02-02,-0.18803585664294076
2017-02-03,0.1403042264500982
2017-02-06,-1.146456136602609
2017-02-07,0.07954167313621952
2017-02-08,0.16012597934123107
2017-02-09,0.770544364000898
2017-02-10,0.25927207493083415
2017-02-13,1.0394064114682493
2017-02-14,-0.1046645090817151
2017-02-15,0.14551223736351915
2017-02-16,-0.2972406410898003
2017-02-17,-0.0055785159710382
2017-02-20,0.6861920080002051
2017-02-21,1.1943376558652403
2017-02-22,0.3063627463827032
2017-02-23,-0.4373526724843657
2017-02-24,-1.3013879527349985
2017-02-27,0.18077355859152533
2017-02-28,0.08398902836451327
2017-03-01,2.040723933824225
2017-03-02,-0.07445684848683243
2017-03-03,-0.29949162739677604
2017-03-06,-0.5787151490579276
2017-03-07,0.042713975629681045
2017-03-08,0.042258730512912734
2017-03-09,0.1002715865739674
2017-03-10,-0.15321433820746222
2017-03-13,0.2823775771385044
2017-03-14,-0.043309151096636356
2017-03-15,0.25075982286789156
2017-03-16,0.5788360057325406
2017-03-17,0.09247202714469438
2017-03-20,-0.38853165554726843
2017-03-21,-0.7505694592068153
2017-03-22,-0.47832856875388075
2017-03-23,1.1656548094028096
2017-03-24,0.19208789415286276
2017-03-27,-0.6029356164391686
2017-03-28,1.357763978371196
2017-03-29,0.5379881760650136
2017-03-30,0.38267806878030797
2017-03-31,0.513425807455036
2017-04-03,-0.4454142649257733
2017-04-04,0.21592522480416676
2017-04-05,-0.5982147837672755
2017-04-06,0.09340673312733827
2017-04-07,0.010856748795603721
2017-04-10,-0.30533837809427666
2017-04-11,-0.4582168835442815
2017-04-12,0.004395952213982923
2017-04-13,-0.30672918418146367
2017-04-18,-1.0186782226550264
2017-04-19,0.1990674111081745
2017-04-20,0.08230355643240728
2017-04-21,0.22125915000871998
2017-04-24,3.4848203646891847
2017-04-25,0.23388070861092558
2017-04-26,-0.07051637576026337
2017-04-27,-0.1787497721081479
2017-04-28,-0.10439486401676845
2017-05-02,0.1372221533748217
2017-05-03,0.1504150036568035
2017-05-04,0.9642466839985531
2017-05-05,0.7487666586287247
2017-05-08,-0.2696113634467707
2017-05-09,0.49689837016082095
2017-05-10,0.10768843325087119
2017-05-11,-0.48239631444853615
2017-05-12,0.6714876767298676
2017-05-15,0.1468866508821094
2017-05-16,0.012637109813027791
2017-05-17,-1.446676188586352
2017-05-18,-0.4727346065423461
2017-05-19,0.507915465010683
2017-05-22,-0.23587683708532836
2017-05-23,0.40034051288358796
2017-05-24,-0.1428385587915102
2017-05-25,-0.31304982411789695
2017-05-26,-0.07234256831908681
2017-05-29,0.22308763032752665
2017-05-30,-0.26377144259056706
2017-05-31,0.13374352156432678
2017-06-01,0.4676464470124415
2017-06-02,1.4468447346119149
2017-06-05,-0.05259422134705005
2017-06-06,-1.1207235359679117
2017-06-07,-0.21680592347075844
2017-06-08,0.360750300990361
2017-06-09,0.8856313821992785
2017-06-12,-1.0731211255358346
2017-06-13,0.6174394460461485
2017-06-14,0.44366744707585326
2017-06-15,-1.0552171092358549
2017-06-16,0.44017164095835426
2017-06-19,1.3221044503136739
2017-06-20,-0.7286355708030783
2017-06-21,-0.34944916646638546
2017-06-22,0.18477256866897562
2017-06-23,-0.5676424275839338
2017-06-26,0.36335866275297235
2017-06-27,-0.8220358244040114
2017-06-28,-0.17148367136695697
2017-06-29,-2.0955963181329906
2017-06-30,-0.7320666705160761
2017-07-03,1.2200940130621944
2017-07-04,-0.2739173883766597
2017-07-05,0.11720010350865095
2017-07-06,-0.6185652733762765
2017-07-07,-0.006250054305837693
2017-07-10,0.5539142808653992
2017-07-11,-0.04722788973381853
2017-07-12,1.6231549521927207
2017-07-13,0.1529876784861557
2017-07-14,-0.1662373254638112
2017-07-17,-0.28623003325590446
2017-07-18,-1.4321763638366036
2017-07-19,0.14528592665654116
2017-07-20,-0.018661027311381417
2017-07-21,-1.7757432769714256
2017-07-24,-0.2162727106728255
2017-07-25,0.45619582351741883
2017-07-26,0.27590076828150245
2017-07-27,-0.7216224443631347
2017-07-28,-0.47910687162878673
2017-07-31,-0.34421205961096746
2017-08-01,1.1453352151482363
2017-08-02,-0.6645849028572428
2017-08-03,-0.19515865186015446
2017-08-04,1.2617512929872845
2017-08-07,-0.40268516687315525
2017-08-08,0.3397513630504676
2017-08-09,-1.1920922004304089
2017-08-10,-1.2698650585802511
2017-08-11,0.0777117464470507
2017-08-14,1.3448536636026347
2017-08-15,0.015105859114626696
2017-08-16,0.8111588797134885
2017-08-17,-0.5653907451886511
2017-08-18,-0.3512234682401356
2017-08-21,-0.8401458402936157
2017-08-22,1.3932987514721447
2017-08-23,-0.4234075526241554
2017-08-24,-0.0652259133158708
2017-08-25,0.07493220909613285
2017-08-28,-0.46226458089816447
2017-08-29,-1.641941006865693
2017-08-30,0.5345643054063061
2017-08-31,0.5134989093868825
2017-09-01,0.7561476500479358
2017-09-04,-0.39404578906589904
2017-09-05,0.17683263400533633
2017-09-06,0.8925196827621988
2017-09-07,0.6372348272640806
2017-09-08,0.10268748318027576
2017-09-11,1.4611645613051252
2017-09-12,0.36172010885771044
2017-09-13,0.31558346620253985
2017-09-14,-0.16695178582926928
2017-09-15,-0.13126614306507634
2017-09-18,0.3518260576409773
2017-09-19,0.010792036190650833
2017-09-20,0.05831917248006846
2017-09-21,0.2667171656910199
2017-09-22,-0.09154363643685315
2017-09-25,-0.017746073929060913
2017-09-26,0.15082495614313984
2017-09-27,0.4713993467603643
2017-09-28,0.4359913878279542
2017-09-29,1.0346724235416218
2017-10-02,0.6488938602778518
2017-10-03,0.0037641692646701586
2017-10-04,0.6182104408956377
2017-10-05,-0.04053797977871909
2017-10-06,-0.08129552558638409
2017-10-09,0.14798987505326977
2017-10-10,-0.2504045831402948
2017-10-11,0.18981638239952758
2017-10-12,0.15879798133744316
2017-10-13,0.08248394555957361
2017-10-16,0.06301927719181322
2017-10-17,-0.023317449562753723
2017-10-18,0.3231176575480106
2017-10-19,-0.430530560255022
2017-10-20,0.019356538706361448
2017-10-23,0.12978794810115346
2017-10-24,0.07246494024597894
2017-10-25,-0.5375816702916012
2017-10-26,1.6341385355930953
2017-10-27,0.7249109977849315
2017-10-30,0.05179801478773527
2017-10-31,0.003821070040316954
2017-11-01,2.081798448677546
2017-11-02,-0.1925980259686071
2017-11-03,0.32095782502442205
2017-11-06,-0.1378807353752336
2017-11-07,-0.8025760822665688
2017-11-08,-0.0002441929742076354
2017-11-09,-1.6330345539661693
2017-11-10,-0.5802785054298596
2017-11-13,-0.3684727942483903
2017-11-14,-0.4094038901069723
2017-11-15,-0.5089255353383351
2017-11-16,0.6711123335069686
2017-11-17,-0.609502618809671
2017-11-20,0.6510487681995158
2017-11-21,0.9646856436663
2017-11-22,-1.2952492078162123
2017-11-23,-0.10591359754538132
2017-11-24,0.4801512265061092
2017-11-27,-0.5411961957765499
2017-11-28,0.5366246610709595
2017-11-29,0.03522400042537299
2017-11-30,-0.2884518172705839
2017-12-01,-1.5380706075374917
2017-12-04,1.7470054104880006
2017-12-05,-0.06548937037949543
2017-12-06,-0.41384268100577515
2017-12-07,0.396263108395857
2017-12-08,0.9659612978904875
2017-12-11,-0.3204482977040044
2017-12-12,0.444824100507347
2017-12-13,-0.3862013208655526
2017-12-14,-0.5572699719684948
2017-12-15,0.39293932823601097
2017-12-18,1.802458432931715
2017-12-19,-0.8116590257491225
2017-12-20,-1.3901705939899784
2017-12-21,0.35901949048927406
2017-12-22,-0.2949757079187094
2017-12-27,-0.025336228587036658
2017-12-28,-0.922158123391668
2017-12-29,-0.5867779855985304
2018-01-02,-0.6697195924395629
2018-01-03,0.98325490317022
2018-01-04,1.582116867014932
2018-01-05,1.262955748015699
2018-01-08,0.4765303620069261
2018-01-09,0.1645362457769437
2018-01-10,-0.9866546606483695
2018-01-11,-0.61364951499489
2018-01-12,0.37232478927985824
2018-01-15,-0.45683167900621413
2018-01-16,0.3240598384007427
2018-01-17,-0.4616154338128524
2018-01-18,0.814146613033742
2018-01-19,1.3745768952547195
2018-01-22,0.2618410351884677
2018-01-23,0.8620366268801405
2018-01-24,-1.1247136735381105
2018-01-25,-1.0995845579469545
2018-01-26,0.23915848980355747
2018-01-29,-0.0620104666557495
2018-01-30,-1.1269448182636381
2018-01-31,-0.00048172171017313303
2018-02-01,-1.7171114529563738
2018-02-02,-1.8996385706182508
2018-02-05,-0.9640418551669541
2018-02-06,-2.3863795078756596
2018-02-07,1.6567177287907526
2018-02-08,-2.787254194691087
2018-02-09,-1.4349409381451466
2018-02-12,1.6615932761435062
2018-02-13,-0.8850870653424323
2018-02-14,1.1655737893914875
2018-02-15,0.18054476507630568
2018-02-16,0.7897562534031124
2018-02-19,-0.49350952034322404
2018-02-20,0.9309754719354686
2018-02-21,-0.19365507184653552
2018-02-22,0.0159654566760139
2018-02-23,0.08218432490306782
2018-02-26,0.4881794217989466
2018-02-27,-0.5159772615403995
2018-02-28,-0.40378983087457243
2018-03-01,-2.064218723243414
2018-03-02,-2.4491223774618476
2018-03-05,1.6939154313290885
2018-03-06,0.1048326281506462
2018-03-07,1.1192712743540056
2018-03-08,1.0255264115160685
2018-03-09,-0.21753043017565687
2018-03-12,0.720128474170906
2018-03-13,-1.868284221237971
2018-03-14,0.24401524989477252
2018-03-15,1.0323632363228228
2018-03-16,0.4075955675318852
2018-03-19,-1.5906437185925881
2018-03-20,0.7161498371301889
2018-03-21,0.04380584537369714
2018-03-22,-1.7345300947071678
2018-03-23,-2.071857226898814
2018-03-26,-0.6967172408893703
2018-03-27,1.608912141228899
2018-03-28,-0.15970481166792183
2018-03-29,1.2539876297660868
2018-04-03,-0.8946310605989538
2018-04-04,-0.37261962979187047
2018-04-05,3.0923974737361704
2018-04-06,-0.5934918060377612
2018-04-09,0.150823809884713
2018-04-10,1.0760776163959775
2018-04-11,-0.8156911384662351
2018-04-12,0.9400155421176919
2018-04-13,0.34985305007364786
2018-04-16,-0.5309627623312707
2018-04-17,1.7432569541208522
2018-04-18,0.06052423185977318
2018-04-19,-0.3155307261524456
2018-04-20,0.0038844553698993423
2018-04-23,0.08143684611322044
2018-04-24,-0.16309906357898285
2018-04-25,-1.2887411022190776
2018-04-26,0.8266033380537579
2018-04-27,0.787170712131342
2018-04-30,0.05376985202308049
2018-05-02,1.769764959987441
2018-05-03,-0.9711627294464762
2018-05-04,1.0207295213029255
2018-05-07,1.2175473141216457
2018-05-08,-0.44343735623625946
2018-05-09,0.3433298068131734
2018-05-10,0.6497680014140457
2018-05-11,-0.3154750775754849
2018-05-14,-0.09572758875231102
2018-05-15,-0.16707901051027818
2018-05-16,0.3120596133671967
2018-05-17,0.8948522066296789
2018-05-18,-0.3167691468170375
2018-05-21,0.036445558890321195
2018-05-22,0.81661892592642
2018-05-23,-1.5975218486088494
2018-05-24,-1.336746135813911
2018-05-25,0.8903690303868927
2018-05-28,-0.7233852360472071
2018-05-29,-1.701678814700486
2018-05-30,1.1861007641724797
2018-05-31,-1.8127261774565966
2018-06-01,1.1414434526250545
2018-06-04,0.48924015437766855
2018-06-05,-0.05423611468469858
2018-06-06,0.5838267597400204
2018-06-07,-0.3126064504415922
2018-06-08,-0.35398127954437086
2018-06-11,0.744838312243914
2018-06-12,-0.0021043229511690242
2018-06-13,0.43653267418554265
2018-06-14,1.9195448867694722
2018-06-15,-0.972532796833903
2018-06-18,-1.5329936999011693
2018-06-19,-1.2144581879553868
2018-06-20,0.0808746622726062
2018-06-21,-1.6189718623626277
2018-06-22,0.5591388353297617
2018-06-25,-2.560997264070906
2018-06-26,-0.4616136729842566
2018-06-27,1.1085529782242673
2018-06-28,-1.5656364416169453
2018-06-29,1.2250242536095328
2018-07-02,-0.601875110574511
2018-07-03,0.7305752775842933
2018-07-04,-0.039890078995398426
2018-07-05,1.202538269730553
2018-07-06,0.2603543146557854
2018-07-09,0.4022460655227178
2018-07-10,0.5549555480906037
2018-07-11,-1.5713369060841558
2018-07-12,0.4874996187505758
2018-07-13,0.5076421896156518
2018-07-16,0.1260010411451873
2018-07-17,0.9126917977619797
2018-07-18,0.870669920914537
2018-07-19,-0.6958560106706102
2018-07-20,-0.9896340668848893
2018-07-23,-0.21178355998478082
2018-07-24,1.3048948374896838
2018-07-25,-1.0203877037111653
2018-07-26,1.9356527454826278
2018-07-27,0.666752992181614
2018-07-30,-0.7480762849990725
2018-07-31,0.276969290237119
2018-08-01,-0.6529903423781604
2018-08-02,-1.819295795501887
2018-08-03,0.7098312173603034
2018-08-06,-0.23076930638032422
2018-08-07,0.4995206929593081
2018-08-08,-0.07338393808463195
2018-08-09,0.18827674558302476
2018-08-10,-1.9191118189463765
2018-08-13,-0.8148585804053994
2018-08-14,0.15705473091269084
2018-08-15,-1.8341929514935629
2018-08-16,0.6229107212002987
2018-08-17,-0.04758274189323686
2018-08-20,0.8126968064407407
2018-08-21,0.7161604191903592
2018-08-22,-0.10273438311614314
2018-08-23,-0.20253947599438504
2018-08-24,0.3643588119635126
2018-08-27,1.0423276471119323
2018-08-28,0.13882077831557638
2018-08-29,0.13685591359616467
2018-08-30,-0.578205031811251
2018-08-31,-1.0673809614057461
2018-09-03,-0.26643101565008465
2018-09-04,-1.0331754344499302
2018-09-05,-1.6385687313009356
2018-09-06,-0.6840231390288665
2018-09-07,0.11960740237678635
2018-09-10,0.1140361188861192
2018-09-11,0.044037578979754244
2018-09-12,0.4199855432525652
2018-09-13,0.26605695577318045
2018-09-14,0.518961771580905
2018-09-17,-0.29675433228139525
2018-09-18,0.6573720193889301
2018-09-19,0.4177216716204981
2018-09-20,1.1114458222703973
2018-09-21,0.7210787634350595
2018-09-24,-0.6789644224593445
2018-09-25,0.30120641760970557
2018-09-26,0.03220811299563309
2018-09-27,0.4611743579649499
2018-09-28,-1.63451386833583
2018-10-01,0.7606671010201325
2018-10-02,-0.4381092210191184
2018-10-04,-0.4197666828783895
2018-10-05,-1.1234252121707158
2018-10-08,-1.5314295511675766
2018-10-09,0.34130830924743805
2018-10-10,-2.2033731506659393
2018-10-11,-1.731416576866181
2018-10-12,0.09915554371075075
2018-10-15,0.7416744867700515
2018-10-16,1.331972865850446
2018-10-17,-0.3499539613646334
2018-10-18,-1.4043520475788824
2018-10-19,-0.11786237766020236
2018-10-22,-0.19481485358642203
2018-10-23,-2.2172008558075618
2018-10-24,-0.7476818575481587
2018-10-25,1.0046605099069126
2018-10-26,-0.7788157586120548
2018-10-29,1.1057965878275269
2018-10-30,-0.43179757141329844
2018-10-31,1.3664021771821098
2018-11-01,0.09146381570117512
2018-11-02,0.5467851259863465
2018-11-05,-0.2975205628539044
2018-11-06,0.029521759297125527
2018-11-07,0.7866785840916606
2018-11-08,-0.4960813205690897
2018-11-09,-0.005608668857320254
2018-11-12,-1.7221074729170454
2018-11-13,1.209408392975547
2018-11-14,-0.535968771474856
2018-11-15,-0.504977949979633
2018-11-16,-0.06339952949039684
2018-11-19,-0.897134327233573
2018-11-20,-1.4288890245933175
2018-11-21,1.4897068421793307
2018-11-22,-0.910959805425037
2018-11-23,0.3924905240118477
2018-11-26,1.4213251243639036
2018-11-27,-0.350165863767927
2018-11-28,-0.10704172612334162
2018-11-29,0.026297092996657057
2018-11-30,-0.3326095897308221
2018-12-03,1.756315623865703
2018-12-04,-1.089097045717054
2018-12-05,-1.3039024860866704
2018-12-06,-3.059738529090481
2018-12-07,-0.44387464738450433
2018-12-10,-1.289936168971252
2018-12-11,1.2776270900815376
2018-12-12,1.237660902111216
2018-12-13,0.016867111297500514
2018-12-14,-0.4757555783334624
2018-12-17,-0.8064025196545117
2018-12-18,-0.2799164676558945
2018-12-19,0.13935791944805942
2018-12-20,-1.3313784815314023
2018-12-21,0.25181894035364394
2018-12-27,-2.08712635426798
2018-12-28,1.4243540969533512
2019-01-02,0.31336974253946437
2019-01-03,-1.4908022863560575
2019-01-04,2.927467110472989
2019-01-07,0.02898028953424614
2019-01-08,0.2011401766319949
2019-01-09,0.9130790210346618
2019-01-10,0.24494975986297618
2019-01-11,-0.3115566246056858
2019-01-14,-0.25337358955064815
2019-01-15,0.1628188855104753
2019-01-16,0.6154231471986122
2019-01-17,-0.38356710246816306
2019-01-18,2.606552802121257
2019-01-21,-0.5367855530566601
2019-01-22,-0.5243268292572196
2019-01-23,-0.08916167739765513
2019-01-24,0.4056110667660988
2019-01-25,1.3622196205775339
2019-01-28,-0.552244458591403
2019-01-29,-0.08025532103891919
2019-01-30,-0.11481535086507222
2019-01-31,-0.3553568157842619
2019-02-01,0.20915554530934344
2019-02-04,0.000989588111551143
2019-02-05,1.5938660193373408
2019-02-06,-0.30901388279811215
2019-02-07,-2.90784269995288
2019-02-08,-0.6934328692491647
2019-02-11,0.8525675449923682
2019-02-12,0.9062572611820059
2019-02-13,0.48858141375757214
2019-02-14,-0.8096491353139186
2019-02-15,1.8860481560750486
2019-02-18,0.0006695563313314778
2019-02-19,0.012583581835599489
2019-02-20,0.9544324098267367
2019-02-21,0.0630588500511493
2019-02-22,0.42950474182741516
2019-02-25,0.3269344287980118
2019-02-26,0.23851133253970147
2019-02-27,-0.2858646939685059
2019-02-28,0.10590178520473614
2019-03-01,0.790911003081078
2019-03-04,-0.09761068277751406
2019-03-05,0.22266314106245488
2019-03-06,-0.19454149552692002
2019-03-07,-0.7049483061771582
2019-03-08,-0.46918803647700713
2019-03-11,0.6856766465494815
2019-03-12,-0.14418663014274102
2019-03-13,0.4688219672424623
2019-03-14,0.06574099403988498
2019-03-15,0.9010032538550519
2019-03-18,-0.31658771198962654
2019-03-19,1.1154630282610185
2019-03-20,-1.5354730981416083
2019-03-21,-0.6464640317145722
2019-03-22,-1.3966277843745303
2019-03-25,-0.27065371390519033
2019-03-26,0.7223773938882943
2019-03-27,0.032713846571837735
2019-03-28,-0.005123078525798519
2019-03-29,0.9804943588275137
2019-04-01,1.1965184948050904
2019-04-02,0.632884120490516
2019-04-03,1.8253554293739853
2019-04-04,0.22831132579949553
2019-04-05,0.18563444956473063
2019-04-08,-0.4791830360829863
2019-04-09,-0.8333418766683991
2019-04-10,0.503613670293575
2019-04-11,0.19949017157576066
2019-04-12,0.5481893603025298
2019-04-15,0.07828772479901147
2019-04-16,0.7916876932508927
2019-04-17,0.40206147713277574
2019-04-18,0.589969462119825
2019-04-23,0.17221983105031313
2019-04-24,0.5964907651656972
2019-04-25,-0.10261104321602943
2019-04-26,0.162493102125282
2019-04-29,0.028108089408476644
2019-04-30,0.1307045041599224
2019-05-02,0.011020524028111822
2019-05-03,0.5841881174746533
2019-05-06,-1.1013963547425192
2019-05-07,-1.722883312021409
2019-05-08,0.7112216214444089
2019-05-09,-1.680026067616609
2019-05-10,0.6919168724482461
2019-05-13,-1.6775773430530876
2019-05-14,0.9396251694080604
2019-05-15,0.9991972308888819
2019-05-16,1.7274460932598146
2019-05-17,-0.5682161578242528
2019-05-20,-1.8292394303286272
2019-05-21,0.8987890009947392
2019-05-22,0.2950726035951732
2019-05-23,-1.9080717343923936
2019-05-24,0.5645761928396098
2019-05-27,0.4823211997471901
2019-05-28,-0.521319220957551
2019-05-29,-1.4533784065293673
2019-05-30,0.42900666646107766
2019-05-31,-1.433411407436438
2019-06-03,0.47579178350375173
2019-06-04,1.5900552548803262
2019-06-05,0.13340139078165691
2019-06-06,-0.3462849249748814
2019-06-07,0.8054133107866903
2019-06-11,0.993291722450067
2019-06-12,-0.34392152952547406
2019-06-13,0.4370324687152447
2019-06-14,-0.5774425381521411
2019-06-17,-0.08222850550711769
2019-06-18,2.109420165858424
2019-06-19,-0.21172317772949611
2019-06-20,0.35718435162732476
2019-06-21,-0.07083753066004306
2019-06-24,-0.7066632526234571
2019-06-25,-0.2883971191134975
2019-06-26,0.08426727823587044
2019-06-27,0.21449998511914714
2019-06-28,1.136456081439988
2019-07-01,1.1229264194744673
2019-07-02,0.00497241487971678
2019-07-03,0.8474184366993853
2019-07-04,0.08328136384542972
2019-07-05,-0.5329130339731876
2019-07-08,-0.2641038296402485
2019-07-09,-0.9269376821401352
2019-07-10,-0.5412619403720669
2019-07-11,-0.3448827187319523
2019-07-12,-0.07918664833898958
2019-07-15,0.5802458463238622
2019-07-16,0.4078856285862571
2019-07-17,-0.8035289975715614
2019-07-18,-1.0326961070953615
2019-07-19,0.22315589666366975
2019-07-22,0.425246891279059
2019-07-23,1.6965346651438296
2019-07-24,0.2904682020936775
2019-07-25,-1.4931583936348716
2019-07-26,0.5425321937797918
2019-07-29,0.048382843737101666
2019-07-30,-2.3850972160886386
2019-07-31,0.28819895069273116
2019-08-01,0.6417527284349802
2019-08-02,-3.291232414671569
2019-08-05,-1.8199366035349556
2019-08-06,-0.7542961328121152
2019-08-07,0.5617627473310023
2019-08-08,1.7166213784532403
2019-08-09,-1.282371887363027
2019-08-12,-0.1628232894739341
2019-08-13,0.7429078813607077
2019-08-14,-2.2609567425044332
2019-08-15,-0.6691774495060372
2019-08-16,1.230585337090389
2019-08-19,1.3192124118593682
2019-08-20,-0.4940449777450766
2019-08-21,1.2757156113842854
2019-08-22,-0.4458257130665686
2019-08-23,-1.178139879061007
2019-08-26,0.4098378198932551
2019-08-27,0.6131367122439428
2019-08-28,-0.38496954841397724
2019-08-29,1.3327140208345156
2019-08-30,0.8549234568849613
2019-09-02,0.05936113630141904
2019-09-03,-0.3163775084122591
2019-09-04,0.8634783929854706
2019-09-05,1.0235755089821197
2019-09-06,0.4705216355110764
2019-09-09,0.28110270118334313
2019-09-10,0.4328099681687547
2019-09-11,0.7539803010795509
2019-09-12,0.5185766243645702
2019-09-13,0.3800156374867072
2019-09-16,-0.6410975462386119
2019-09-17,-0.12178076274422267
2019-09-18,0.07997006646475313
2019-09-19,0.6349915650507683
2019-09-20,-0.007442062119494608
2019-09-23,-0.9651099123699112
2019-09-24,-0.35423717528361465
2019-09-25,-0.6413886660652679
2019-09-26,0.5634086282996691
2019-09-27,0.7017207566964885
2019-09-30,0.4482402239047474
2019-10-01,-1.4442273911196395
2019-10-02,-2.9621257258207834
2019-10-04,0.7645497503327761
2019-10-07,0.7835756183305023
2019-10-08,-1.1598744197061706
2019-10-09,1.1290620158468414
2019-10-10,0.6952620028989429
2019-10-11,2.8110271905699875
2019-10-14,-0.08410547505648935
2019-10-15,1.0424912810577638
2019-10-16,0.5453204284562787
2019-10-17,-0.15330871432531978
2019-10-18,-0.24562319351727524
2019-10-21,0.9882373278187231
2019-10-22,0.08778155121522957
2019-10-23,0.399913831127364
2019-10-24,0.6171820206158998
2019-10-25,0.11296377276266867
2019-10-28,0.5378115163907324
2019-10-29,-0.1056540203613281
2019-10-30,-0.22018306794007003
2019-10-31,-0.3860918750291802
2019-11-01,0.7777251062759518
2019-11-04,1.5389325809807275
2019-11-05,0.12767218097373245
2019-11-06,0.26586809956130253
2019-11-07,0.9131941760071527
2019-11-08,-0.4770056092198729
2019-11-11,-0.28169394433724904
2019-11-12,0.692979065601989
2019-11-13,-0.41709397015679883
2019-11-14,-0.47404154334904547
2019-11-15,0.5241233408261934
2019-11-18,-0.3011597928153833
2019-11-19,0.0969593060537477
2019-11-20,-0.4213169611927299
2019-11-21,-0.22774525481435148
2019-11-22,0.2556255129661196
2019-11-25,0.6498366167192842
2019-11-26,-0.04503058789998704
2019-11-27,0.4002499960039074
2019-11-28,-0.3219721622263876
2019-11-29,-0.12647701283233914
2019-12-02,-2.3650659031262506
2019-12-03,0.3164117038450911
2019-12-04,1.2890725348207184
2019-12-05,-0.8089945628838109
2019-12-06,0.9882147906999137
2019-12-09,-0.5353308562231263
2019-12-10,-0.34423055358593047
2019-12-11,0.7269631612658429
2019-12-12,0.6675685839651635
2019-12-13,0.4782417424195984
2019-12-16,1.0706414686912211
2019-12-17,-1.027205338089729
2019-12-18,-0.6032619846402412
2019-12-19,-0.050469021024412086
2019-12-20,0.8912895273730186
2019-12-23,-0.17551956309654315
2019-12-27,0.25113042609652325
2019-12-30,-0.6001870918231162
2020-01-02,1.0599543923157597
2020-01-03,-1.444108111536579
2020-01-06,-0.7128574755821262
2020-01-07,0.7747808113235806
2020-01-08,0.9946001858991309
2020-01-09,1.3698409133501315
2020-01-10,0.01648433407562777
2020-01-13,-0.5103487826720965
2020-01-14,0.17453530322042354
2020-01-15,-0.24990288077221123
2020-01-16,-0.01206814066598838
2020-01-17,0.8538699851592213
2020-01-20,0.16242489713550867
2020-01-21,0.11132791701326994
2020-01-22,-0.39433687728711675
2020-01-23,-1.024504437388316
2020-01-24,1.5885030768472745
2020-01-27,-3.0964678913797457
2020-01-28,0.8188066994573688
2020-01-29,0.352974936347934
2020-01-30,-1.6566952848751129
2020-01-31,-1.4412353122787778
2020-02-03,0.3621125505184182
2020-02-04,2.092651775624148
2020-02-05,1.71721736040719
2020-02-06,0.6657754988243454
2020-02-07,-0.3983929938898001
2020-02-10,-0.24759761814097203
2020-02-11,1.2348741428907744
2020-02-12,1.0319040712512475
2020-02-13,-0.10931337416734266
2020-02-14,0.10132635960786729
2020-02-17,0.2525111666169977
2020-02-18,-0.8744005803640249
2020-02-19,0.9424849684123444
2020-02-20,-1.1309075481650268
2020-02-21,-0.7044774880449438
2020-02-24,-4.613385635583214
2020-02-25,-2.251414233181677
2020-02-26,-0.13084953214374195
2020-02-27,-3.398955052375598
2020-02-28,-4.124911163685439
2020-03-02,-0.18823588515571998
2020-03-03,0.7605459555961005
2020-03-04,1.332084211375573
2020-03-05,-1.4684972406972605
2020-03-06,-3.473538630163432
2020-03-09,-8.161304218881014
2020-03-10,-0.8566424234310972
2020-03-11,-0.3935652097013502
2020-03-12,-10.973369193922977
2020-03-13,0.20217811794985607
2020-03-16,-3.110147599329167
2020-03-17,0.4309760765178652
2020-03-18,-3.521594300986621
2020-03-19,1.0145626375455805
2020-03-20,2.6859687508235197
2020-03-23,-1.3602358384128337
2020-03-24,7.899926897206001
2020-03-25,1.8842929636528396
2020-03-26,0.6844219094861188
2020-03-27,-2.602180018022409
2020-03-30,1.1974696862807122
2020-03-31,1.0207480524284023
2020-04-01,-2.99010100378095
2020-04-02,-0.12252441999294206
2020-04-03,-0.11100187341730816
2020-04-06,4.434476476681681
2020-04-07,2.59318084552892
2020-04-08,0.02997527473377204
2020-04-09,1.5618003417116455
2020-04-14,1.4623001106326114
2020-04-15,-3.980408737141815
2020-04-16,0.525374022496564
2020-04-17,2.767862109886977
2020-04-20,0.36681428812588024
2020-04-21,-3.574791554311034
2020-04-22,1.0748952301196653
2020-04-23,1.0525403912293285
2020-04-24,-1.277254012100002
2020-04-27,2.436277361716577
2020-04-28,1.5742086610293455
2020-04-29,2.081649202639042
2020-04-30,-1.7159210734735382
2020-05-04,-3.451989079036494
2020-05-05,2.1392877952743845
2020-05-06,-0.8327594129750935
2020-05-07,0.8770351781840162
2020-05-08,1.5585750789773556
2020-05-11,-0.8566943615243616
2020-05-12,-0.005426170370483874
2020-05-13,-2.3165699589180093
2020-05-14,-1.8820393482276216
2020-05-15,1.3045622592545953
2020-05-18,4.795448602007738
2020-05-19,0.2606746310499517
2020-05-20,1.4380263831299374
2020-05-21,-1.5985958663553106
2020-05-22,0.28563115111343507
2020-05-25,2.4649995411867565
2020-05-26,1.1992637940266206
2020-05-27,1.1954785475717529
2020-05-28,1.0791282231326278
2020-05-29,-1.4462136110841755
2020-06-02,3.286659001571138
2020-06-03,4.27501804152817
2020-06-04,-0.6721541410341842
2020-06-05,3.6000219316767357
2020-06-08,-0.061925046690589625
2020-06-09,-1.965613287886299
2020-06-10,-0.5805610283868816
2020-06-11,-4.9274338486643074
2020-06-12,0.09976070808706083
2020-06-15,-0.30150426082281
2020-06-16,3.0575265823248117
2020-06-17,0.9083110218859218
2020-06-18,-1.1069900550001108
2020-06-19,0.45553145471471623
2020-06-22,-0.5104563949302303
2020-06-23,1.9120805881444198
2020-06-24,-3.224139168829069
2020-06-25,0.3952608317992343
2020-06-26,-0.5359877562745652
2020-06-29,1.144506707477717
2020-06-30,0.41102392646693886
2020-07-01,-0.17922776344698832
2020-07-02,2.836762231166091
2020-07-03,-0.43312091982183176
2020-07-06,1.578255679657687
2020-07-07,-1.0022350621392633
2020-07-08,-0.9468812011447909
2020-07-09,-0.29251938278343914
2020-07-10,1.6479574511225223
2020-07-13,1.1085013718631558
2020-07-14,-0.8608446715856104
2020-07-15,1.9760440563942723
2020-07-16,-0.4575584638787973
2020-07-17,0.5324566297279176
2020-07-20,0.8634876571381085
2020-07-21,1.1746831794642674
2020-07-22,-0.5951604728813322
2020-07-23,-0.03423092985110543
2020-07-24,-2.202204570736029
2020-07-27,-0.13695523071434934
2020-07-28,0.16435306762114976
2020-07-29,-0.15952964451790308
2020-07-30,-3.773985226008122
2020-07-31,-0.7985935381046829
2020-08-03,3.0476146233794026
2020-08-04,-0.35658866597928807
2020-08-05,0.34382947801599073
2020-08-06,-0.3564881366981041
2020-08-07,0.5813957442895656
2020-08-10,0.10716219848332287
2020-08-11,2.340575190810185
2020-08-12,0.7794756487447216
2020-08-13,-0.5201100807626773
2020-08-14,-0.8390726928832635
2020-08-17,0.2649332676670326
2020-08-18,-0.33245859719146154
2020-08-19,0.8138548939847823
2020-08-20,-1.0927504184281673
2020-08-21,-0.8475136434871047
2020-08-24,2.695136422634036
2020-08-25,0.010794730428429489
2020-08-26,0.9991614657661501
2020-08-27,-0.6545665650243819
2020-08-28,-0.7416318777702173
2020-08-31,-0.5674371234704267
2020-09-01,0.16806324373875725
2020-09-02,2.2124372417944755
2020-09-03,-1.4818968588841273
2020-09-04,-2.0071228705300967
2020-09-07,2.3687845887289285
2020-09-08,-1.339311234983981
2020-09-09,2.3817968147249786
2020-09-10,-0.13727545223630955
2020-09-11,-0.31464348563329736
2020-09-14,0.1535790795895764
2020-09-15,0.2509462779628677
2020-09-16,0.18936063967964856
2020-09-17,-0.26958278386263146
2020-09-18,-0.693443466023993
2020-09-21,-4.912452332528872
2020-09-22,0.11771775989397781
2020-09-23,0.6319289099270122
2020-09-24,-0.2814908872157247
2020-09-25,-1.376656534600258
2020-09-28,3.601357568877006
2020-09-29,-0.5152932750597756
2020-09-30,-0.33288914551327764
2020-10-01,-0.4639095420202892
2020-10-02,-0.4060266289769743
2020-10-05,1.303654515266416
2020-10-06,0.5635696228207365
2020-10-07,0.19786661964184304
2020-10-08,1.0349090262331515
2020-10-09,-0.01456311470434457
2020-10-12,0.8735894650056508
2020-10-13,-1.1082666794840321
2020-10-14,0.12963149622927972
2020-10-15,-2.775018096448221
2020-10-16,1.733166787691303
2020-10-19,-0.20132294896144742
2020-10-20,-1.2865209833113624
2020-10-21,-1.4585191976272682
2020-10-22,-0.18654143212194185
2020-10-23,0.8238231353083307
2020-10-26,-3.8373171571265488
2020-10-27,-1.2392151321391651
2020-10-28,-4.116314833955698
2020-10-29,0.3234510915059303
2020-10-30,-0.3465265365766186
2020-11-02,2.0164045622835687
2020-11-03,2.4260121528438248
2020-11-04,2.2946773959146753
2020-11-05,1.7270526074117498
2020-11-06,-0.4491169419388257
2020-11-09,5.12555289585498
2020-11-10,0.5857791787154127
2020-11-11,0.5191650796981548
2020-11-12,-1.4564417814013808
2020-11-13,0.20521631933979734
2020-11-16,0.510428447998649
2020-11-17,-0.04617791018523576
2020-11-18,0.6144791867032353
2020-11-19,-0.9804200244797556
2020-11-20,0.4391799800318381
2020-11-23,-0.0022249129056461925
2020-11-24,1.3327596796403611
2020-11-25,0.016790025937439168
2020-11-26,-0.0736103280839302
2020-11-27,0.34528752869255186
2020-11-30,-0.3305785638713985
2020-12-01,0.8360387549803363
2020-12-02,-0.6778590851651813
2020-12-03,-0.41299301949196376
2020-12-04,0.3166214773943352
2020-12-07,-0.2067962807194874
2020-12-08,0.01490580086301918
2020-12-09,0.6264563698764363
2020-12-10,-0.4618297289433002
2020-12-11,-1.559885414583647
2020-12-14,0.9788049414121787
2020-12-15,1.0637706604139083
2020-12-16,1.8434074304420989
2020-12-17,0.9474696173228523
2020-12-18,-0.45072371232956243
2020-12-21,-3.1047197870025656
2020-12-22,1.2187501045356868
2020-12-23,1.6021407606608307
2020-12-28,1.6309299501902643
2020-12-29,-0.16386090900189743
2020-12-30,-0.3598719013974403
2021-01-04,-0.1744527632162658
2021-01-05,-0.39623756371820207
2021-01-06,1.8887659529332268
2021-01-07,0.8498979618748876
2021-01-08,0.6049767686505163
2021-01-11,-1.0481170635551962
2021-01-12,-0.08810228458510494
2021-01-13,0.23037884568026357
2021-01-14,0.38536468595384576
2021-01-15,-1.7974193770900655
2021-01-18,0.5435770765052013
2021-01-19,-0.2046204440345889
2021-01-20,0.8322075257644315
2021-01-21,-0.10407631652694249
2021-01-22,-0.3763171276125803
2021-01-25,-1.8336441719637406
2021-01-26,1.9044234835781566
2021-01-27,-2.103734269442157
2021-01-28,0.4296060776617594
2021-01-29,-2.0755103091009346
2021-02-01,1.6432071720843027
2021-02-02,1.907101903783584
2021-02-03,0.6833117413705452
2021-02-04,1.0048398857262981
2021-02-05,0.12013995668462485
2021-02-08,-0.09672856828493082
2021-02-09,-0.25248083788802944
2021-02-10,-0.8025226176964964
2021-02-11,0.951525819216613
2021-02-12,0.16520820374027778
2021-02-15,0.4692129461093515
2021-02-16,-0.3049013222957768
2021-02-17,-1.5722622059162177
2021-02-18,-0.09872582324497614
2021-02-19,1.0563042317806577
2021-02-22,-0.3961850730680254
2021-02-23,-0.7499574423745656
2021-02-24,0.9832673217976549
2021-02-25,-0.9611046802548628
2021-02-26,-0.6408146623263349
2021-03-01,1.862133720738882
2021-03-02,0.23575273634641292
2021-03-03,0.18655533684489
2021-03-04,0.005276434766685156
2021-03-05,-1.210128677238103
2021-03-08,3.8019013587273918
2021-03-09,0.6723994208359585
2021-03-10,0.6913272592092028
2021-03-11,0.4850119901218193
2021-03-12,-0.7390191216313866
2021-03-15,-0.3432762507526945
2021-03-16,0.9290162024485227
2021-03-17,0.07151545797005099
2021-03-18,1.7714808038907393
2021-03-19,-1.4643000728238178
2021-03-22,0.34628994166997984
2021-03-23,0.1735912386734384
2021-03-24,-0.6887862892612304
2021-03-25,0.28531593321240223
2021-03-26,1.0568061127882231
2021-03-29,0.6438897015246425
2021-03-30,1.688762018438851
2021-03-31,-0.18491452319983637
2021-04-01,0.8991614953379496
2021-04-06,0.9445186358105673
2021-04-07,-0.3766577810972933
2021-04-08,0.24646254825944425
2021-04-09,0.1558896498689819
2021-04-12,-0.0892400535119009
2021-04-13,0.1580685280816283
2021-04-14,-0.197246240770653
2021-04-15,0.39989490143085504
2021-04-16,1.7443416389783408
2021-04-19,-0.8240032852475565
2021-04-20,-2.08120320554238
2021-04-21,0.661670674909999
2021-04-22,1.0487538894762167
2021-04-23,-0.3929970861367167
2021-04-26,0.16436745694107913
2021-04-27,-0.38055997216730475
2021-04-28,0.2790257576635611
2021-04-29,-1.2102598853240352
2021-04-30,-0.15203582590854126
2021-05-03,1.027069214434846
2021-05-04,-3.344407355486183
2021-05-05,2.5800267504395293
2021-05-06,0.2920746679529316
2021-05-07,1.5800968813193492
2021-05-10,0.04360535658440767
2021-05-11,-2.5877137090629105
2021-05-12,0.29990319535937715
2021-05-13,0.6258206374691326
2021-05-14,1.6056534500293367
2021-05-17,-0.08491840732079936
2021-05-18,-0.12738259899833793
2021-05-19,-2.285643876655257
2021-05-20,2.1319876423422954
2021-05-21,0.6327336238339853
2021-05-25,0.24669688245006682
2021-05-26,-0.20963278696646626
2021-05-27,-0.2176149759862085
2021-05-28,0.8579602762576712
2021-05-31,-0.7497926965938575
2021-06-01,1.2087253961057627
2021-06-02,0.2383471573624263
2021-06-03,0.2982156173912074
2021-06-04,0.47669968393543627
2021-06-07,-0.16247085202826383
2021-06-08,-0.25313435736475753
2021-06-09,-0.5737981327850719
2021-06-10,-0.014592650128804507
2021-06-11,1.021041518539505
2021-06-14,-0.11021274019469729
2021-06-15,0.3063971915447894
2021-06-16,-0.04260357630923295
2021-06-17,0.16528242764576362
2021-06-18,-2.4298732073202416
2021-06-21,1.2985866070947623
2021-06-22,0.32691958016633293
2021-06-23,-1.49828610804812
2021-06-24,1.0893505819691427
2021-06-25,0.20974526372523883
2021-06-28,-0.5609447930145279
2021-06-29,1.217031519227561
2021-06-30,-1.252441564889267
2021-07-01,0.4461955991560558
2021-07-02,0.5265098759174691
2021-07-05,-0.07834270196332227
2021-07-06,-1.1396974576289551
2021-07-07,1.5026023046053183
2021-07-08,-2.363147707082703
2021-07-09,2.302910195840923
2021-07-12,0.9314914689635998
2021-07-13,-0.04235396799430191
2021-07-14,-0.047966787111391795
2021-07-15,-1.2670266336682232
2021-07-16,-0.8270992898758323
2021-07-19,-3.521488512577065
2021-07-20,0.7462407421428736
2021-07-21,1.8323011759398753
2021-07-22,0.7712575938886346
2021-07-23,1.221870746930108
2021-07-26,-0.3197349247795387
2021-07-27,-0.9728051562428561
2021-07-28,0.5509127012315673
2021-07-29,0.5019610115404873
2021-07-30,-0.7524731129989561
2021-08-02,0.14628535513534757
2021-08-03,-0.10504846307568982
2021-08-04,1.1415060480441355
2021-08-05,0.5189687525991928
2021-08-06,0.050650530792268
2021-08-09,-0.001611835698355435
2021-08-10,0.12650300276013127
2021-08-11,0.4931410376881331
2021-08-12,0.9523419951430014
2021-08-13,0.33312093979265
2021-08-16,-0.46521376371308065
2021-08-17,-0.062313900466392624
2021-08-18,0.3516889933500238
2021-08-19,-1.7390336319823234
2021-08-20,0.40848810806758706
2021-08-23,0.4533462454474204
2021-08-24,0.3733440066035314
2021-08-25,-0.31319123523530834
2021-08-26,-0.6694559772580533
2021-08-27,0.5653525914952411
2021-08-30,0.3635822844877339
2021-08-31,-0.5872509382005262
2021-09-01,0.020868123161903895
2021-09-02,0.041423626104887035
2021-09-03,-0.5135388268948589
2021-09-06,1.3975255591065547
2021-09-07,-0.7944398385651539
2021-09-08,-1.9788896115463217
2021-09-09,0.1755599585634684
2021-09-10,-0.22827066973843557
2021-09-13,0.828439723205662
2021-09-14,0.1539580653682151
2021-09-15,-0.8590272933874132
2021-09-16,0.2858919666568056
2021-09-17,-1.2987872665061104
2021-09-20,-3.193592989003463
2021-09-21,1.9426493418333166
2021-09-22,1.2878655583142518
2021-09-23,1.1514730928385006
2021-09-24,-0.9081422059580007
2021-09-27,0.32570909997946274
2021-09-28,-2.6519233694896513
2021-09-29,0.836111897657247
2021-09-30,-0.7795066075217392
2021-10-01,-0.8544757988248932
2021-10-04,-1.2522560482248366
2021-10-05,1.561466122701134
2021-10-06,-2.0180846093918205
2021-10-07,2.3454565438188695
2021-10-08,-0.27866428691757505
2021-10-11,-0.2254045857764595
2021-10-12,-0.335975384584259
2021-10-13,0.841728041460982
2021-10-14,1.8492695092538725
2021-10-15,1.1539383551455273
2021-10-18,-1.1210875440401082
2021-10-19,0.4227171666916263
2021-10-20,0.06147047263257832
2021-10-21,-0.37179224506220976
2021-10-22,0.60963508996673
2021-10-25,0.3983061144514295
2021-10-26,1.4034113370019554
2021-10-27,-0.5205047102670051
2021-10-28,-0.06761222949427292
2021-10-29,-0.03948767400376596
2021-11-01,1.026391460083886
2021-11-02,1.219572620727888
2021-11-03,0.024511388050854066
2021-11-04,0.5496020073023544
2021-11-05,0.2793344719146944
2021-11-08,-0.11958166608354759
2021-11-09,0.013337227244250016
2021-11-10,0.17489768345291168
2021-11-11,0.18750990971361148
2021-11-12,0.13403800388314835
2021-11-15,0.36063641441606364
2021-11-16,1.0112689398027044
2021-11-17,-0.06206527791792382
2021-11-18,-0.17435754800419545
2021-11-19,-0.5328340459623746
2021-11-22,-0.4190773444433944
2021-11-23,-1.6987890572364108
2021-11-24,-0.4139903092352881
2021-11-25,0.3677997843503533
2021-11-26,-5.524448312358402
2021-11-29,0.07424845005729708
2021-11-30,-1.2574495746057153
2021-12-01,2.7406575931781845
2021-12-02,-1.488397957548159
2021-12-03,-1.0754036290730937
2021-12-06,1.9556789711713805
2021-12-07,3.7480568952319118
2021-12-08,-1.2724666102247966
2021-12-09,-0.3339073018899512
2021-12-10,-0.09401539502030687
2021-12-13,-0.04105184620033242
2021-12-14,-1.3099319671629246
2021-12-15,0.025342808628380453
2021-12-16,1.3873861003179968
2021-12-17,-0.9508757587106231
2021-12-20,-2.538928912699845
2021-12-21,1.9774697343047478
2021-12-22,1.1574690268027155
2021-12-23,1.4428220796617381
2021-12-27,0.7268999580361424
2021-12-28,0.9539720301463035
2021-12-29,-0.9525069636750345
2021-12-30,0.251368576599873
2022-01-03,1.2252809404289167
2022-01-04,1.0467543646439879
2022-01-05,1.0498308290729028
2022-01-06,-1.7362602813773549
2022-01-07,-1.0097021130889061
2022-01-10,-1.421332997604793
2022-01-11,1.4753362109756836
2022-01-12,0.5347357248513163
2022-01-13,0.06007614954808105
2022-01-14,-1.2002696543761147
2022-01-17,0.5512440031409653
2022-01-18,-1.4614514159062537
2022-01-19,0.25093800406801847
2022-01-20,0.9440992195426929
2022-01-21,-2.7191028107937996
2022-01-24,-4.992305681419467
2022-01-25,0.803088339775698
2022-01-26,3.012358363205422
2022-01-27,0.7360805965899431
2022-01-28,-1.908141703513138
2022-01-31,1.2345403447018555
2022-02-01,1.3083331835198635
2022-02-02,-0.04095696542489691
2022-02-03,-2.012966745538506
2022-02-04,-2.177179621266447
2022-02-07,0.7608437932819356
2022-02-08,0.3500497346104794
2022-02-09,1.9985407402696467
2022-02-10,0.041026879804832106
2022-02-11,-0.7560051505473098
2022-02-14,-2.3919822804402315
2022-02-15,2.478027547629722
2022-02-16,-0.4033547344622832
2022-02-17,-1.0258028921606694
2022-02-18,-1.6847379924612795
2022-02-21,-2.6482090800641487
2022-02-22,-0.7587110213528518
2022-02-23,-0.09606632707193796
2022-02-24,-5.133139131369688
2022-02-25,4.455029280298405
2022-02-28,-0.7037813629049481
2022-03-01,-5.4001549848079975
2022-03-02,1.2604216669950858
2022-03-03,-2.6758969605768783
2022-03-04,-5.317017498883217
2022-03-07,-2.10809095537617
2022-03-08,0.03911537823465494
2022-03-09,9.169485536827935
2022-03-10,-3.6577608527388037
2022-03-11,1.2844142364899085
2022-03-14,2.8018180759379163
2022-03-15,-0.18605310901608618
2022-03-16,4.392163903599879
2022-03-17,-0.3373048244897632
2022-03-18,0.059988033713665345
2022-03-21,-0.7209430280642266
2022-03-22,1.2853172601054297
2022-03-23,-1.7059156553624462
2022-03-24,0.009205637088783192
2022-03-25,0.05456488107411417
2022-03-28,1.4054739310111728
2022-03-29,2.934783240728464
2022-03-30,-1.436140749383057
2022-03-31,-1.7444414970639315
2022-04-01,0.09828665959928173
2022-04-04,0.9088422727335939
2022-04-05,-1.1780746009260668
2022-04-06,-2.0128617425825013
2022-04-07,-0.6788513440103827
2022-04-08,1.5906932920976828
2022-04-11,-0.445928201553599
2022-04-12,-0.9988832307221855
2022-04-13,-0.030348027906825337
2022-04-14,0.4334309777715646
2022-04-19,0.0889326599960043
2022-04-20,1.8001553910203398
2022-04-21,1.1146592405081321
2022-04-22,-2.9602148097828263
2022-04-25,-1.8765190316461542
2022-04-26,-1.4289563894675865
2022-04-27,0.11085297996162069
2022-04-28,1.5392492697582156
2022-04-29,1.3031070586603448
2022-05-02,-1.804665164268485
2022-05-03,0.9035150924719062
2022-05-04,-0.49466188921553567
2022-05-05,-0.7292607743927988
2022-05-06,-1.962805781385299
2022-05-09,-2.5002206424943125
2022-05-10,1.4129552684198643
2022-05-11,2.343189857018473
2022-05-12,-0.7996591574751335
2022-05-13,2.5452669381692345
2022-05-16,-0.9103959743974315
2022-05-17,2.2386949553888655
2022-05-18,-1.5312230487774627
2022-05-19,-1.070725632053282
2022-05-20,0.7494346529845473
2022-05-23,1.752583214050162
2022-05-24,-2.2206582579043754
2022-05-25,0.6318280497786475
2022-05-26,1.9881233706753392
2022-05-27,2.0287491693814275
2022-05-30,0.8759567619476059
2022-05-31,-1.429632637618468
2022-06-01,-0.7195714250352978
2022-06-02,1.4108645904159403
2022-06-03,-0.15496135898651175
2022-06-06,1.534770482733407
2022-06-07,-0.7330595767245853
2022-06-08,-1.0171792190020739
2022-06-09,-2.0097957449244603
2022-06-10,-3.84212762237658
2022-06-13,-2.7499085405475228
2022-06-14,-0.9505782941472916
2022-06-15,1.4107720065474183
2022-06-16,-3.7678534328986046
2022-06-17,0.6656100746665459
2022-06-20,1.3455741188686403
2022-06-21,0.19948239900323017
2022-06-22,-1.2357238945962052
2022-06-23,-1.9691133148558606
2022-06-24,1.6660539802244472
2022-06-27,0.7700896733128388
2022-06-28,0.1821950164315922
2022-06-29,-1.6148083076023028
2022-06-30,-2.014576547168275
2022-07-01,0.19406141116414233
2022-07-04,-0.35825996961310125
2022-07-05,-3.2362389400458227
2022-07-06,1.654319602261154
2022-07-07,2.182779991260702
2022-07-08,1.1967763104618285
2022-07-11,-1.1466440174881143
2022-07-12,0.39324675674741627
2022-07-13,-1.2043083993361847
2022-07-14,-2.015697352352973
2022-07-15,2.889448894225737
2022-07-18,0.96537871158462
2022-07-19,2.734498403246775
2022-07-20,0.02998440991024154
2022-07-21,-0.45487515701985615
2022-07-22,-0.04474758426719916
2022-07-25,-0.24121116171502877
2022-07-26,-1.079363725997922
2022-07-27,0.7405771571174427
2022-07-28,0.9209845540659671
2022-07-29,1.702988755414296
2022-08-01,0.034057703778145765
2022-08-02,-0.37190810108151595
2022-08-03,1.3519768813746538
2022-08-04,0.4827033768820712
2022-08-05,-0.7358140276258354
2022-08-08,0.9886007509267216
2022-08-09,-1.315646469867417
2022-08-10,1.3398643523867122
2022-08-11,-0.0038054439709327426
2022-08-12,0.9430012561741705
2022-08-15,0.09157399746437989
2022-08-16,0.7593905310598643
2022-08-17,-2.3043204173430354
2022-08-18,0.526136270656707
2022-08-19,-1.2073462237013501
2022-08-22,-2.721016018096279
2022-08-23,-0.35796427332272174
2022-08-24,0.35968078569592876
2022-08-25,0.17737073823606408
2022-08-26,-2.429195262431321
2022-08-29,-0.7039931332685399
2022-08-30,0.5617273459137664
2022-08-31,-0.8846905674098764
2022-09-01,-1.8482815255406706
2022-09-02,3.528672617423851
2022-09-05,-2.447103427922414
2022-09-06,0.8999116028677321
2022-09-07,0.5383004540418312
2022-09-08,-0.3293461881241768
2022-09-09,1.7044974494128127
2022-09-12,2.622341211822487
2022-09-13,-1.7769120336404285
2022-09-14,-1.319122208114365
2022-09-15,-0.7148486218350456
2022-09-16,-1.8009216057530608
2022-09-19,0.5273671907531252
2022-09-20,-1.156370051694097
2022-09-21,0.8809432861274331
2022-09-22,-1.981367852453829
2022-09-23,-2.1277396128704282
2022-09-26,-0.3506633679451454
2022-09-27,-1.0791407059810467
2022-09-28,0.5429281265705868
2022-09-29,-1.6219685401348158
2022-09-30,0.9553731180997573
2022-10-03,0.8382058503473786
2022-10-04,3.944302323246191
2022-10-05,-1.1006698896502343
2022-10-06,-0.5475154681016932
2022-10-07,-1.613960048307078
2022-10-10,-0.08681103714727101
2022-10-11,-0.4302651047867556
2022-10-12,-0.4381183157473032
2022-10-13,1.738511230125269
2022-10-14,0.5593430137138284
2022-10-17,1.7613243753660726
2022-10-18,0.9713196535965807
2022-10-19,-0.23643380337230724
2022-10-20,0.33338460365143874
2022-10-21,-0.35077762275754765
2022-10-24,1.7620012303779617
2022-10-25,1.0877591173727552
2022-10-26,1.104259294297762
2022-10-27,0.18559516249688102
2022-10-28,0.18540347024139692
2022-10-31,0.15234251278418753
2022-11-01,0.5359432682469958
2022-11-02,-0.6094527841179627
2022-11-03,-1.0454395533237175
2022-11-04,2.6488528739175194
2022-11-07,0.8036128575877939
2022-11-08,1.3983420049812167
2022-11-09,-0.3326851515763707
2022-11-10,4.131212542186333
2022-11-11,0.8330452825398567
2022-11-14,0.5635115065507108
2022-11-15,0.609330333661589
2022-11-16,-1.268355160577741
2022-11-17,0.24348343038916198
2022-11-18,1.4237196052392136
2022-11-21,-0.3976627587861685
2022-11-22,0.22851364846677313
2022-11-23,0.1356402880569192
2022-11-24,0.9449103415391704
2022-11-25,0.05730689340637696
2022-11-28,-1.2873019358478217
2022-11-29,-0.3710795691330162
2022-11-30,0.5298156668190899
2022-12-01,0.5974332812014183
2022-12-02,0.3786957073959911
2022-12-05,-0.725252125731231
2022-12-06,-0.7587642116483835
2022-12-07,-0.7018820560964087
2022-12-08,-0.11830264687348802
2022-12-09,0.9249235945764269
2022-12-12,-0.5014989852907377
2022-12-13,1.7018644308650153
2022-12-14,-0.3714469000498326
2022-12-15,-4.044568812969018
2022-12-16,-0.9493647639661162
2022-12-19,0.44762211976396316
2022-12-20,-0.5398560490618536
2022-12-21,1.878624717885856
2022-12-22,-1.5438000563254093
2022-12-23,0.2803868409923922
2022-12-27,0.4187226776669064
2022-12-28,-0.6240197555332969
2022-12-29,1.2422801452747763
2022-12-30,-1.1190695250983964
2023-01-02,1.0404192473665148
2023-01-03,1.1550926787417808
2023-01-04,2.4974937750846777
2023-01-05,-0.3534491125168131
2023-01-06,1.382016781917443
2023-01-09,1.3413329733959216
2023-01-10,0.10223933001540786
2023-01-11,1.2657507175721037
2023-01-12,1.1961759875323708
2023-01-13,0.04509751962167741
2023-01-16,0.4196330109407853
2023-01-17,0.5254092863542184
2023-01-18,-0.22173780562515333
2023-01-19,-1.9304996374170145
2023-01-20,0.7784431088443142
2023-01-23,0.6243872690590848
2023-01-24,-0.02802490831921034
2023-01-25,-0.19092560404907033
2023-01-26,0.47342375503440337
2023-01-27,0.13621252711313048
2023-01-30,-0.16789001139916593
2023-01-31,-0.04081941953729995
2023-02-01,0.39726741028313484
2023-02-02,2.949038508334084
2023-02-03,-0.38728454168312965
2023-02-06,-1.013163937273049
2023-02-07,-0.28395611390416775
2023-02-08,0.7303388710574552
2023-02-09,0.9299245690499163
2023-02-10,-1.8408829699875753
2023-02-13,0.7005725103873317
2023-02-14,-0.0065532531660039695
2023-02-15,1.0146001948760386
2023-02-16,0.1328201053566147
2023-02-17,-0.38995471692626893
2023-02-20,-0.052692846732981025
2023-02-21,-0.5878096026188473
2023-02-22,-0.08912377281504291
2023-02-23,0.7179688317709747
2023-02-24,-2.450827694292812
2023-02-27,1.6332505127356995
2023-02-28,-0.11438391140498538
2023-03-01,-0.6205887692521515
2023-03-02,0.21913588839919385
2023-03-03,2.158437466856668
2023-03-06,0.6046318134424951
2023-03-07,-0.7416874322772173
2023-03-08,0.5654319020422918
2023-03-09,0.0435456294630967
2023-03-10,-1.7888733544211846
2023-03-13,-3.9675918786832938
2023-03-14,2.3358943263022383
2023-03-15,-4.152973020151478
2023-03-16,1.8026730509795073
2023-03-17,-1.4508573646039764
2023-03-20,1.220241085659083
2023-03-21,2.305179990650103
2023-03-22,0.18477552059395919
2023-03-23,-0.1794255794301307
2023-03-24,-1.9509163271665813
2023-03-27,1.2854806420081246
2023-03-28,0.30040263724330885
2023-03-29,1.355156553796661
2023-03-30,1.703717753427071
2023-03-31,1.0817632278391613
2023-04-03,-0.6354940650816445
2023-04-04,0.3851568844604003
2023-04-05,-0.8523077584300438
2023-04-06,0.6808795858557914
2023-04-11,0.49950030086046127
2023-04-12,0.3350271522465107
2023-04-13,0.34302943957453635
2023-04-14,0.5654463984720053
2023-04-17,-0.1305840439819974
2023-04-18,0.7490024652705074
2023-04-19,0.13048497848276952
2023-04-20,-0.7419465645981234
2023-04-21,0.5879464018207443
2023-04-24,-0.03750561421648513
2023-04-25,-0.005594369578886926
2023-04-26,-0.6834800399396386
2023-04-27,0.07732182202693139
2023-04-28,0.9803268682857436
2023-05-02,-1.7215144544678935
2023-05-03,0.7850689856350073
2023-05-04,-0.6949025020084321
2023-05-05,1.6631577676514837
2023-05-08,-0.08370897877588845
2023-05-09,-0.018777938016683038
2023-05-10,-0.4967964759470078
2023-05-11,-0.489412356492835
2023-05-12,0.5017101562642665
2023-05-15,0.07316349701531522
2023-05-16,-0.16814941678018158
2023-05-17,0.35356326993471043
2023-05-18,1.801824044729642
2023-05-19,1.029024809014686
2023-05-22,-0.4630666946177371
2023-05-23,-0.6534597736549301
2023-05-24,-2.573132934370051
2023-05-25,-0.4249263321178205
2023-05-26,1.6143622796411705
2023-05-29,-0.19583604635209895
2023-05-30,-0.4879526108613561
2023-05-31,-2.053502635366982
2023-06-01,1.653423331483026
2023-06-02,1.6814130795816027
2023-06-05,-0.8544419753446846
2023-06-06,0.3341538521645475
2023-06-07,-0.24440035905129776
2023-06-08,0.13883087990890886
2023-06-09,-0.2651757845743532
2023-06-12,1.136933159215829
2023-06-13,1.1708621163031694
2023-06-14,0.8136947007342599
2023-06-15,-0.3047400742746902
2023-06-16,0.672911726213897
2023-06-19,-1.4485266367547922
2023-06-20,-0.6696492341539226
2023-06-21,-0.7568741861545618
2023-06-22,-0.3968474761835523
2023-06-23,-1.2255758893586233
2023-06-26,-0.1709995644589526
2023-06-27,0.3368322146144749
2023-06-28,0.951306677774852
2023-06-29,-0.21580669010981524
2023-06-30,1.8089499822457924
2023-07-03,-0.597729405312748
2023-07-04,-0.3977854597643784
2023-07-05,-0.9038514862185423
2023-07-06,-3.498864997255083
2023-07-07,0.7204466553768327
2023-07-10,0.6087741025720561
2023-07-11,0.873661903634968
2023-07-12,2.0995047650222034
2023-07-13,0.9713411674443932
2023-07-14,-0.32166086061104693
2023-07-17,-0.19075728262521352
2023-07-18,0.3492199840721639
2023-07-19,0.059965925357573724
2023-07-20,0.6527452804895972
2023-07-21,-0.288401233792257
2023-07-24,0.1514758235203999
2023-07-25,0.1652312475373492
2023-07-26,-0.6645022408356169
2023-07-27,2.286055345962609
2023-07-28,0.6484211574672827
2023-07-31,-0.17136459687483807
2023-08-01,-1.8263293426507232
2023-08-02,-1.898424893237575
2023-08-03,-1.0416576411194285
2023-08-04,0.47868261768829257
2023-08-07,-0.05387525615978461
2023-08-08,-1.5258383247610539
2023-08-09,0.6898378206478526
2023-08-10,1.2806505326255717
2023-08-11,-1.481018749475453
2023-08-14,0.6119896167223544
2023-08-15,-1.0044931446704481
2023-08-16,0.035012714713502646
2023-08-17,-0.9431359991671684
2023-08-18,-0.781779685410811
2023-08-21,0.21843778428842597
2023-08-22,0.8939859386570959
2023-08-23,0.11538948007472527
2023-08-24,-0.8053213469652292
2023-08-25,0.06529124892693972
2023-08-28,1.3360297216997594
2023-08-29,1.267333117484469
2023-08-30,-0.46483041008806936
2023-08-31,0.5599065774763972
2023-09-01,-0.949895032568719
2023-09-04,-0.2402240221481975
2023-09-05,-0.32766154076665543
2023-09-06,-0.35279421443007664
2023-09-07,-0.11796552295686524
2023-09-08,0.22363904315773198
2023-09-11,0.5040238570048245
2023-09-12,-0.7031002516334866
2023-09-13,-0.5728098552760343
2023-09-14,1.3110910261331412
2023-09-15,0.5910698435305903
2023-09-18,-1.3834433704728326
2023-09-19,-0.4668000509739443
2023-09-20,1.027222461392796
2023-09-21,-1.7246080247240343
2023-09-22,-0.2623761715183264
2023-09-25,-1.1707615509849347
2023-09-26,-1.3358025289214623
2023-09-27,-0.3617226464278218
2023-09-28,1.0026350314859371
2023-09-29,0.40670419241362765
2023-10-02,-1.1015903763115205
2023-10-03,-1.4809960639647954
2023-10-04,0.17486626389067794
2023-10-05,-0.15150034970334048
2023-10-06,1.3180357740565682
2023-10-09,-0.8251424340835882
2023-10-10,2.396839854903021
2023-10-11,0.3338381412414435
2023-10-12,-0.33112089877934636
2023-10-13,-2.0147623920523188
2023-10-16,0.5237930184989352
2023-10-17,0.054790435497480416
2023-10-18,-1.2852063343995042
2023-10-19,-0.4474481339006644
2023-10-20,-1.9753066540270225
2023-10-23,-0.04385423447094183
2023-10-24,0.5988660404365476
2023-10-25,0.17997493929361497
2023-10-26,-1.3443217146496238
2023-10-27,-0.3275637881312434
2023-10-30,0.21673400144121047
2023-10-31,0.6093352403843255
2023-11-01,1.0576495873503973
2023-11-02,1.9027577224931917
2023-11-03,0.4077786153038119
2023-11-06,-0.5254742112722681
2023-11-07,0.24267948199772604
2023-11-08,0.587084073916472
2023-11-09,0.9779389103467366
2023-11-10,-0.9718710293072803
2023-11-13,0.8714034070876266
2023-11-14,2.41587409463051
2023-11-15,0.9845336819871306
2023-11-16,0.3220545816605238
2023-11-17,1.2139108839471362
2023-11-20,-0.2095751867346678
2023-11-21,0.09277379356748838
2023-11-22,0.4736210932684912
2023-11-23,0.24779427190691194
2023-11-24,0.3522739220443327
2023-11-27,-0.5741233923858999
2023-11-28,0.25769366436327346
2023-11-29,1.4845584328426753
2023-11-30,0.3414197487849435
2023-12-01,1.4263780063513707
2023-12-04,0.013205956288658172
2023-12-05,-0.020150307746973795
2023-12-06,0.020155728314676935
2023-12-07,2.0863268177005523
2023-12-08,1.1174280753913592
2023-12-11,0.260516117256401
2023-12-12,-0.013584810195055752
2023-12-13,-0.2310869760912908
2023-12-14,-0.16438176579632113
2023-12-15,0.1075053305659992
2023-12-18,-0.9809626849607866
2023-12-19,0.8128878214191388
2023-12-20,0.019586534551820023
2023-12-21,-0.5334196819829629
2023-12-22,0.22125505283403868
2023-12-27,0.2839073959972893
2023-12-28,-0.36679395691871264
2023-12-29,0.4416311826025776
2024-01-02,0.09651335379399484
2024-01-03,-2.0182822982460493
2024-01-04,0.7943037677700886
2024-01-05,-0.24313011489653036
2024-01-08,0.950289603106512
2024-01-09,-0.19818661570360518
2024-01-10,0.020099002929953258
2024-01-11,-1.2875007719932512
2024-01-12,1.4100405492858386
2024-01-15,-0.652799918949313
2024-01-16,-0.4647464410939506
2024-01-17,-1.1572895538592434
2024-01-18,1.165086878295341
2024-01-19,-0.1512735654324331
2024-01-22,1.1367806409942602
2024-01-23,-0.4376127090680768
2024-01-24,2.270107471895585
2024-01-25,0.083664206995536
2024-01-26,0.34966360571095834
2024-01-29,-0.08546721021596682
2024-01-30,0.24518057016706507
2024-01-31,-0.5785215062250586
2024-02-01,-0.42290172151703587
2024-02-02,0.519771673010041
2024-02-05,-0.13675267357493226
2024-02-06,1.121505071560506
2024-02-07,-0.9541283832330123
2024-02-08,0.3452976644783803
2024-02-09,-0.42692682044418007
2024-02-12,0.9534933776268986
2024-02-13,-1.2744942535243808
2024-02-14,0.5673601461425335
2024-02-15,0.8720795352093376
2024-02-16,0.5354301183930659
2024-02-19,-0.209609079551484
2024-02-20,-0.18079443450204735
2024-02-21,0.3537646268182755
2024-02-22,2.2095548185851897
2024-02-23,0.37423896972097737
2024-02-26,0.046199180374230764
2024-02-27,1.1043035183479901
2024-02-28,0.3377931133554455
2024-02-29,0.7855893312542719
2024-03-01,0.3862265580385724
2024-03-04,-0.2177361744558084
2024-03-05,-0.06477468484746396
2024-03-06,0.1959168801323301
2024-03-07,1.0890135472145062
2024-03-08,-0.3533572342192599
2024-03-11,-0.5921610665720038
2024-03-12,1.8485353004817
2024-03-13,0.09706958715972291
2024-03-14,-0.2899799359535393
2024-03-15,0.08733360670026968
2024-03-18,-0.1689682354301283
2024-03-19,0.5729889877269159
2024-03-20,0.1407277921466914
2024-03-21,1.2929983913939225
2024-03-22,0.3850672107694777
2024-03-25,0.41213269430770083
2024-03-26,1.0580736948011804
2024-03-27,0.8084179854028264
2024-03-28,0.12277819388887679
2024-04-02,-1.7550337389723154
2024-04-03,0.5349889548995748
2024-04-04,0.4961639677522385
2024-04-05,-2.2460500441671343
2024-04-08,1.323193393452101
2024-04-09,-1.8802953057460456
2024-04-10,-0.03059660074416115
2024-04-11,-1.0056829161261476
2024-04-12,-0.30025184366488133
2024-04-15,0.7748304148209968
2024-04-16,-2.1664995423781193
2024-04-17,-0.03000306923004814
2024-04-18,0.6753178819581933
2024-04-19,-1.000212839009322
2024-04-22,1.1784214481972413
2024-04-23,2.415661857402796
2024-04-24,-0.6390647363586766
2024-04-25,-1.3166777855580563
2024-04-26,1.8937429121098717
2024-04-29,-0.2321204885928978
2024-04-30,-1.6252617206591822
2024-05-02,-0.4413936439099757
2024-05-03,1.0933809067850007
2024-05-06,1.249812664697032
2024-05-07,2.1913896181561086
2024-05-08,0.430177455318443
2024-05-09,1.5557352719869186
2024-05-10,0.7337712877652223
2024-05-13,-0.44277291783532746
2024-05-14,-0.03782807648426001
2024-05-15,1.2922548028146537
2024-05-16,-1.2635242300133882
2024-05-17,-0.2773409495740964
2024-05-20,0.4967893802198944
2024-05-21,-0.2916391455148357
2024-05-22,-0.5268188021823335
2024-05-23,0.16840730156420136
2024-05-24,-0.057208679174379995
2024-05-27,0.6899056193685169
2024-05-28,-0.6500937591784179
2024-05-29,-1.8465225962141574
2024-05-30,0.315748379315238
2024-05-31,-0.014873620828296907
2024-06-03,0.8806619504547086
2024-06-04,-1.6738948682562125
2024-06-05,1.3800501550054207
2024-06-06,0.7223881304127246
2024-06-07,-0.961845686946134
2024-06-10,-0.49244378876468886
2024-06-11,-1.035711191103843
2024-06-12,2.1150913064417125
2024-06-13,-2.9138739938001095
2024-06-14,-2.303938690351657
2024-06-17,0.7252931048572862
2024-06-18,0.5002821710163516
2024-06-19,-0.7001049574715239
2024-06-20,1.6676682325748118
2024-06-21,-0.7766460329997074
2024-06-24,1.3808054050893759
2024-06-25,-1.3321347113858906
2024-06-26,-0.18982805697683602
2024-06-27,0.5093205810464099
2024-06-28,0.2196823056308972
2024-07-01,0.5494630506402416
2024-07-02,-1.1451370867595188
2024-07-03,1.7359015663826938
2024-07-04,0.7506817619321566
2024-07-05,0.014292394512779083
2024-07-08,0.18119903426409678
2024-07-09,-2.053788223207249
2024-07-10,1.3499306874160197
2024-07-11,1.2226998653543433
2024-07-12,1.6473092568857908
2024-07-15,-1.1372073558224827
2024-07-16,-0.8420834513877367
2024-07-17,-0.5509629286461859
2024-07-18,-0.6207015591564584
2024-07-19,-1.7768613847391919
2024-07-22,2.2365534668836915
2024-07-23,1.0848270632471895
2024-07-24,-1.4344844166017197
2024-07-25,-0.6237566028870276
2024-07-26,0.8521035772116932
2024-07-29,-0.7725387109227029
2024-07-30,0.7715993215911681
2024-07-31,0.919368478638404
2024-08-01,-3.709866365975415
2024-08-02,-3.486834025375657
2024-08-05,-2.5857162743285755
2024-08-06,-0.05294185834770815
2024-08-07,2.263008160687775
2024-08-08,0.4786151361331008
2024-08-09,0.3258794084380554
2024-08-12,0.22229874060545285
2024-08-13,0.5293042372546779
2024-08-14,0.77533679344711
2024-08-15,2.4551216608284676
2024-08-16,1.1098710276991994
2024-08-19,0.9089776536429497
2024-08-20,-0.6150410260310082
2024-08-21,0.8583469869742828
2024-08-22,0.3387397649630941
2024-08-23,1.1046652784347373
2024-08-26,-0.0966030012907595
2024-08-27,0.48252626105733043
2024-08-28,0.9803833976112912
2024-08-29,1.0526170880609413
2024-08-30,-0.10123781335369131
2024-09-02,0.23631271677515997
2024-09-03,-1.553422721846232
2024-09-04,-1.3586243719045115
2024-09-05,-0.04089855565158018
2024-09-06,-2.445891353057675
2024-09-09,1.3415974206939154
2024-09-10,-1.5198762965545995
2024-09-11,0.512661954409765
2024-09-12,1.5601740464645104
2024-09-13,1.5269938220196764
2024-09-16,-0.5764460892496004
2024-09-17,0.818452314641263
2024-09-18,-0.1441722459910011
2024-09-19,2.451225559090119
2024-09-20,-2.3425984012334595
2024-09-23,0.8888574283973298
2024-09-24,1.4298675514517072
2024-09-25,-0.7994214751856532
2024-09-26,2.741553798977037
2024-09-27,2.132691967498886
2024-09-30,-1.3965519596774243
2024-10-01,-0.9354987858925767
2024-10-02,-0.4442021505759044
2024-10-03,-1.2854655836658821
2024-10-04,1.026020401087493
2024-10-07,-0.2595402104008997
2024-10-08,-0.2653281928032811
2024-10-09,1.5612517391907375
2024-10-10,-0.3041339507412033
2024-10-11,1.3208163513536988
2024-10-14,1.157551308566525
2024-10-15,-0.1451135450347465
2024-10-16,-0.5372794695259415
2024-10-17,1.2972678288530801
2024-10-18,0.5527323685132046
2024-10-21,-1.6276720599800285
2024-10-22,-0.2844145901439106
2024-10-23,-0.37837477459916613
2024-10-24,0.5339013826342409
2024-10-25,0.13520273171133113
2024-10-28,0.6058434510794086
2024-10-29,-0.5006799498056012
2024-10-30,-1.9233019750564608
2024-10-31,-1.45400643287374
2024-11-01,1.5713962612217074
2024-11-04,-0.9070969462505616
2024-11-05,0.8813719755891327
2024-11-06,-1.7993911529027287
2024-11-07,2.5926728035650797
2024-11-08,-1.1414621500171336
2024-11-11,1.9233168290552953
2024-11-12,-3.3956489074776925
2024-11-13,-0.3060572763801588
2024-11-14,2.212783071795144
2024-11-15,-0.5318895539200241
2024-11-18,-0.22550134860676962
2024-11-19,-0.9071056460990121
2024-11-20,-0.6470711901907009
2024-11-21,1.1808910859593311
2024-11-22,1.6623210361663325
2024-11-25,0.4806760399357586
2024-11-26,-0.7156237273771353
2024-11-27,-0.3573395677197766
2024-11-28,1.437497886528888
2024-11-29,1.6117938221835857
2024-12-02,2.575255682292976
2024-12-03,0.8105612969463039
2024-12-04,1.635459814057981
2024-12-05,1.0835060102298826
2024-12-06,0.24780765322395837
2024-12-09,-0.3477175808640425
2024-12-10,-0.004077522938843003
2024-12-11,0.4017990748835132
2024-12-12,0.38774066778705674
2024-12-13,-0.2887403292972692
2024-12-16,-0.7981817258554997
2024-12-17,-0.4066531881932747
2024-12-18,-0.18539734244779993
2024-12-19,-2.0172763430205407
2024-12-20,-0.8008966388208023
2024-12-23,-0.46268247795742923
2024-12-27,1.0160473481221572
2024-12-30,-0.6393516666598202
2025-01-02,1.1086733832699736
2025-01-03,-1.0462438339494895
2025-01-06,2.7381201572600276
2025-01-07,0.8732543846228111
2025-01-08,-0.07584479076291473
2025-01-09,0.016646830548722846
2025-01-10,-0.9737195766330444
2025-01-13,-0.6802339670281583
2025-01-14,1.2748765134754194
2025-01-15,2.5607747348119574
2025-01-16,0.5992129330861076
2025-01-17,2.0703947467494572
2025-01-20,0.7356863725401865
2025-01-21,0.36440916345893015
2025-01-22,1.856519125667404
2025-01-23,1.3111355789807533
2025-01-24,-0.1819574935370838
2025-01-27,-0.9097098132819212
2025-01-28,1.1467643211818483
2025-01-29,1.8148271490642855
2025-01-30,0.8485340376805937
2025-01-31,-0.09628571437482947
2025-02-03,-2.532451530435196
2025-02-04,0.6211173750058663
2025-02-05,0.7550711083956685
2025-02-06,2.5734093000587848
2025-02-07,-1.0077032618139583
2025-02-10,1.2276150478404304
2025-02-11,1.0048132466652646
2025-02-12,0.8262811755055566
2025-02-13,3.871147043499832
2025-02-14,-0.8705239710640171
2025-02-17,2.3265502206587882
2025-02-18,0.5142889753367967
2025-02-19,-3.5521761841173713
2025-02-20,-1.0112340002431495
2025-02-21,-0.11681695707892459
2025-02-24,1.0343186312780688
2025-02-25,0.016624007683020636
2025-02-26,3.1671357860317073
2025-02-27,-2.0515891306766605
2025-02-28,0.024411857804437886
2025-03-03,5.037675234673969
2025-03-04,-6.6418568880700946
2025-03-05,5.77425529830154
2025-03-06,2.709049185809988
2025-03-07,-3.2387163168529014
2025-03-10,-3.1503962424296503
2025-03-11,-2.327985309070158
2025-03-12,2.7661541291216736
2025-03-13,-0.6482212998689363
2025-03-14,3.2497803376932666
2025-03-17,1.5911469144044474
2025-03-18,1.7879889254748207
2025-03-19,-0.8914357704079805
2025-03-20,-2.1715081288797364
2025-03-21,-1.4386613772117869
2025-03-24,0.15653640926137768
2025-03-25,2.036605561459197
2025-03-26,-2.224567397817509
2025-03-27,-1.4115744090201758
2025-03-28,-1.8113828541840746
2025-03-31,-2.2753019981536227
2025-04-01,2.646426115375675
2025-04-02,-0.9314297281192978
2025-04-03,-5.735959615430517
2025-04-04,-8.952618316579901
2025-04-07,-6.827147964290617
2025-04-08,3.824792703585871
2025-04-09,-4.987333724159299
2025-04-10,7.015917269318379
2025-04-11,-0.9914614444230381
2025-04-14,4.509377110159079
2025-04-15,2.5955941718036684
2025-04-16,0.4405053940104722
2025-04-17,-1.085699707020467
2025-04-22,1.0427129147440724
2025-04-23,5.336816350699621
2025-04-24,1.2089259070391165
2025-04-25,1.2956581453947535
2025-04-28,0.12835527894702636
2025-04-29,1.4792979838105964
2025-04-30,0.22758675448247345
2025-05-02,5.121111553249847
2025-05-05,2.0640109810860565
2025-05-06,-0.726020711115666
2025-05-07,-0.9389713411050593
2025-05-08,1.7059614014911801
2025-05-09,1.1803252788474197
2025-05-12,0.5112662806299113
2025-05-13,0.6282106620429886
2025-05-14,-1.0172741287490226
2025-05-15,1.1641486137676225
2025-05-16,0.8500125310186775
2025-05-19,1.1765294419452346
2025-05-20,0.9386648488255105
2025-05-21,0.6877667238212553
2025-05-22,-1.0231922949285774
2025-05-23,-2.8712517977370453
2025-05-26,2.9353325841159403
2025-05-27,1.9407410087886205
2025-05-28,-1.753465040126315
2025-05-29,-0.7763173684723483
2025-05-30,0.6254927083285793
2025-06-02,-0.8839816402063718
2025-06-03,1.5379620256535418
2025-06-04,1.469891040849319
2025-06-05,0.4336990771552962
2025-06-06,-0.011987002159088433
2025-06-09,-1.3760472361889242
2025-06-10,-1.2398078360235445
2025-06-11,-0.4119021401580767
2025-06-12,-1.6298897485603732
2025-06-13,-1.9775666261427034
2025-06-16,1.3136331115271958
2025-06-17,-2.0088882571027113
2025-06-18,-1.0985745733023577
2025-06-19,-2.152790171919719
2025-06-20,2.493729815811605
2025-06-23,-0.6628891470610085
2025-06-24,3.123458325147965
2025-06-25,-1.2329304341035652
2025-06-26,1.220787078825424
2025-06-27,3.258370945204007
2025-06-30,-0.9452922968259543
2025-07-01,-2.1190865605551323
2025-07-02,0.9831881409571679
2025-07-03,1.1905565505784352
2025-07-04,-1.160873851231969
2025-07-07,2.217332059468845
2025-07-08,1.315463015726266
2025-07-09,2.7772580991971836
2025-07-10,-0.744458752055067
2025-07-11,-1.7173341297029197
2025-07-14,-0.8241710321064488
2025-07-15,-0.8208487197955492
2025-07-16,-0.5203582939391538
2025-07-17,3.1539426210125043
2025-07-18,-0.7012028099915426
2025-07-21,-0.04432437667296085
2025-07-22,-1.9709177612272981
2025-07-23,1.4367894498290923
2025-07-24,0.6167744959997776
2025-07-25,-0.7260502276404566
2025-07-28,-2.0645277733581224
2025-07-29,2.0952398292918986
2025-07-30,0.47754557537592746
2025-07-31,-1.6988796231833874
2025-08-01,-5.354871374421663
2025-08-04,2.724466982751437
2025-08-05,0.7669872956298036
2025-08-06,0.5726709064595354
2025-08-07,2.3938684990926333
2025-08-08,-0.2878583966524104
2025-08-11,-0.8267580952866069
2025-08-12,-0.2469286550354184
2025-08-13,1.0409906566819984
2025-08-14,1.8859570138884578
2025-08-15,-0.35498748513396094
2025-08-18,-0.33445380490192633
2025-08-19,0.9505152383117093
2025-08-20,-1.2675474112879215
2025-08-21,0.2311780947790112
2025-08-22,0.5755807657544381
2025-08-25,-0.9759227763813101
2025-08-26,-0.6478692753358928
2025-08-27,-1.0459832246802137
2025-08-28,-0.10547246808670252
